August 2026 sales · order detail (WMS export),,,,
Date,Order no.,SKU,Quantity,Customer
01/08/2026,ORD-100231,SKU-CLE-0240,9,La Lucha Restaurant
01/08/2026,ORD-100231,SKU-FRO-0267,7,Happy Pet Store
2026-08-01,ORD-100232,SKU-BEA-0073,15,Wong North Supermarkets
01-Aug-26,ORD-100233,SKU-FRO-0109,4,San Martin Corner Store
01-Aug-26,ORD-100233,SKU-BEA-0291,3,Lince Vet Center
2026-08-01,ORD-100234,SKU-DAI-0072,18,Andean Group Offices
2026-08-01,ORD-100235, SKU-HOM-0316,2,Lucero Minimarket
01-Aug-26,ORD-100235,SKU-HOM-0089,5,La Lucha Restaurant
01-Aug-26,ORD-100236,SKU-HOM-0262,9,Lucero Minimarket
01-Aug-26,ORD-100236,SKU-BEA-0264,7,La Lucha Restaurant
01/08/2026,ORD-100237,SKU-DAI-0303,2,San Martin Corner Store
01/08/2026,ORD-100237,SKU-HOM-0015,11,Andean Group Offices
01-Aug-26,ORD-100237,SKU-FRO-0272,15,Wong North Supermarkets
01-Aug-26,ORD-100238,SKU-FRO-0278,3,Delta Construction
01-Aug-26,ORD-100238,SKU-BEA-0193,9,Andean Group Offices
01/08/2026,ORD-100239,SKU-GAR-0047,4,Lince Vet Center
01-Aug-26,ORD-100240,SKU-DAI-0082,8,El Tornillo Hardware
2026-08-01,ORD-100240,SKU-FRO-0272,21,La Lucha Restaurant
01-Aug-26,ORD-100241,SKU-FRO-0272,24,El Tornillo Hardware
01-Aug-26,ORD-100241,SKU-DAI-0164,1,Inkafarma Comas Pharmacy
01-Aug-26,ORD-100241,SKU-CLE-0282,14,Delta Construction
2026-08-01,ORD-100242,SKU-OFF-0257,2,San Martin Corner Store
01-Aug-26,ORD-100242,SKU-HOM-0020,6,El Tornillo Hardware
01-Aug-26,ORD-100243,SKU-BEA-0148,2,Inkafarma Comas Pharmacy
01-Aug-26,ORD-100243,SKU-OFF-0257,10,Lucero Minimarket
2026-08-01,ORD-100244,SKU BEA 0310,10,Andean Group Offices
01/08/2026,ORD-100244,SKU-BEA-0144,14,Delta Construction
2026-08-01,ORD-100245,SKU-BEA-0142,3,Lince Vet Center
01/08/2026,ORD-100245,SKU-BEA-0045,15,Inkafarma Comas Pharmacy
2026-08-01,ORD-100246,SKU OFF 0228,14,Wong North Supermarkets
01/08/2026,ORD-100246,SKU-FRO-0132,9,Andean Group Offices
01-Aug-26,ORD-100246,SKU-BEV-0202,5,Happy Pet Store
01-Aug-26,ORD-100247,SKU-HOM-0289,3,Happy Pet Store
01-Aug-26,ORD-100248,SKU-GAR-0047,4,La Lucha Restaurant
2026-08-01,ORD-100248, SKU-FRO-0278,2,Delta Construction
01-Aug-26,ORD-100249,SKU-FRO-0278,1,Inkafarma Comas Pharmacy
01-Aug-26,ORD-100249,SKU-FRO-0278,12,Happy Pet Store
01/08/2026,ORD-100249,SKU-PET-0155,26,San Martin Corner Store
01/08/2026,ORD-100250,SKU-FRO-0296,20,Happy Pet Store
2026-08-01,ORD-100250,SKU-FRO-0179,3,Wong North Supermarkets
01/08/2026,ORD-100252,SKU-PET-0106,8,La Lucha Restaurant
01/08/2026,ORD-100252,SKU-TOO-0125,12,San Martin Corner Store
01/08/2026,ORD-100253,SKU-DAI-0169,2,Wong North Supermarkets
01/08/2026,ORD-100254,SKU-HOM-0262,1,Lucero Minimarket
2026-08-01,ORD-100254,SKU-PET-0017,4,Lince Vet Center
01-Aug-26,ORD-100255,SKU-FRO-0114,11,La Lucha Restaurant
01/08/2026,ORD-100256,SKU-CLE-0041,7,Wong North Supermarkets
2026-08-01,ORD-100256,SKU-BEA-0308,11,El Tornillo Hardware
01/08/2026,ORD-100257,SKU-BEA-0034,7,Delta Construction
2026-08-01,ORD-100257,SKU-DAI-0184,11,Inkafarma Comas Pharmacy
01-Aug-26,ORD-100258,SKU-BEV-0242,26,Andean Group Offices
01-Aug-26,ORD-100258,SKU-BEA-0274,2,Wong North Supermarkets
2026-08-01,ORD-100259,SKU-PET-0227,6,Delta Construction
01/08/2026,ORD-100260,SKU-FRO-0213,12,Andean Group Offices
2026-08-01,ORD-100261,SKU-DAI-0303,3,Delta Construction
2026-08-01,ORD-100261,SKU-FRO-0136,8,San Martin Corner Store
01/08/2026,ORD-100262, SKU-HAR-0266,15,El Tornillo Hardware
2026-08-01,ORD-100262,SKU-BEV-0311,9,Lucero Minimarket
01-Aug-26,ORD-100263,SKU-BEV-0242,27,Delta Construction
01-Aug-26,ORD-100263,SKU-FRO-0114,6,Andean Group Offices
01-Aug-26,ORD-100263,SKU-FRO-0267,7,Delta Construction
2026-08-01,ORD-100264,SKU-FRO-0238,15,Delta Construction
2026-08-01,ORD-100264,SKU-HOM-0089,3,San Martin Corner Store
01-Aug-26,ORD-100265,SKU-GAR-0078,10,Inkafarma Comas Pharmacy
2026-08-01,ORD-100265,SKU-PET-0076,8,Lince Vet Center
01/08/2026,ORD-100266,SKU-OFF-0283,9,Delta Construction
2026-08-01,ORD-100266,SKU-DAI-0164,1,La Lucha Restaurant
01/08/2026,ORD-100267,SKU-DAI-0003,14,San Martin Corner Store
2026-08-01,ORD-100267,SKU-DAI-0070,6,La Lucha Restaurant
01-Aug-26,ORD-100267,SKU-FRO-0085,16,La Lucha Restaurant
01/08/2026,ORD-100268,SKU-FRO-0090,2,Lince Vet Center
01/08/2026,ORD-100268,SKU-TOO-0056,1,Inkafarma Comas Pharmacy
01-Aug-26,ORD-100269,SKU-DAI-0184,16,La Lucha Restaurant
01/08/2026,ORD-100269,SKU-TOO-0295,3,Lince Vet Center
01/08/2026,ORD-100270,SKU-TOO-0049,22,San Martin Corner Store
2026-08-01,ORD-100270,SKU-DAI-0184,16,Lince Vet Center
2026-08-01,ORD-100271,SKU-BEA-0264,6,Inkafarma Comas Pharmacy
01/08/2026,ORD-100271,SKU-FRO-0179,5,La Lucha Restaurant
01-Aug-26,ORD-100271,SKU-DAI-0313,15,El Tornillo Hardware
01/08/2026,ORD-100272,SKU-PET-0087,4,La Lucha Restaurant
01/08/2026,ORD-100272,SKU-DAI-0164,4,La Lucha Restaurant
2026-08-01,ORD-100274,SKU-PET-0040,9,San Martin Corner Store
2026-08-01,ORD-100275,SKU-BEA-0142,2,Happy Pet Store
2026-08-01,ORD-100276,SKU OFF 0257,6,Lucero Minimarket
01/08/2026,ORD-100276,SKU-BEA-0096,8,La Lucha Restaurant
01-Aug-26,ORD-100276,SKU-TOO-0279,11,San Martin Corner Store
01-Aug-26,ORD-100277, SKU-BEV-0192,12,Lince Vet Center
01/08/2026,ORD-100277,SKU-FRO-0179,3,Lucero Minimarket
2026-08-01,ORD-100278,SKU-CLE-0061,12,Lucero Minimarket
01/08/2026,ORD-100279,SKU-TOO-0080,6,La Lucha Restaurant
2026-08-01,ORD-100279,SKU-CLE-0248,1,Happy Pet Store
01/08/2026,ORD-100280,SKU FRO 0203,2,Happy Pet Store
2026-08-01,ORD-100281,SKU-PET-0087,1,Delta Construction
01/08/2026,ORD-100281,SKU-BEV-0005,3,La Lucha Restaurant
2026-08-01,ORD-100281,SKU FRO 0220,8,Happy Pet Store
2026-08-01,ORD-100282,SKU-CLE-0061,16,Inkafarma Comas Pharmacy
01-Aug-26,ORD-100282,SKU-BEA-0144,14,Andean Group Offices
01/08/2026,ORD-100283,SKU-DAI-0303,2,Inkafarma Comas Pharmacy
01-Aug-26,ORD-100283,SKU-GAR-0120,9,Lince Vet Center
2026-08-01,ORD-100284,SKU-FRO-0014,4,Lince Vet Center
01-Aug-26,ORD-100285,SKU-BEA-0119,2,Andean Group Offices
01/08/2026,ORD-100285,SKU-BEA-0144,1,Happy Pet Store
01-Aug-26,ORD-100286,SKU-PET-0227,6,La Lucha Restaurant
01/08/2026,ORD-100286,SKU-BEA-0073,9,La Lucha Restaurant
01/08/2026,ORD-100286,SKU-DAI-0303,4,San Martin Corner Store
2026-08-01,ORD-100287,SKU-OFF-0257,7,Delta Construction
2026-08-01,ORD-100287,SKU-OFF-0228,6,Happy Pet Store
01/08/2026,ORD-100289,sku-bev-0033,4,La Lucha Restaurant
01/08/2026,ORD-100290,SKU-TOO-0295,5,Happy Pet Store
01-Aug-26,ORD-100291,SKU-PET-0106,1,Happy Pet Store
01/08/2026,ORD-100291,SKU-BEA-0177,1,San Martin Corner Store
2026-08-01,ORD-100291,SKU-OFF-0140,1,Andean Group Offices
2026-08-01,ORD-100292,SKU-SNA-0223,4,Lucero Minimarket
2026-08-01,ORD-100292,SKU-OFF-0283,20,San Martin Corner Store
2026-08-01,ORD-100293,SKU-CLE-0248,1,Andean Group Offices
01/08/2026,ORD-100294,SKU-BEA-0308,9,Wong North Supermarkets
01/08/2026,ORD-100295,SKU-TOO-0131,2,Andean Group Offices
01-Aug-26,ORD-100296,SKU-DAI-0169,11,Inkafarma Comas Pharmacy
01/08/2026,ORD-100297,SKU-BEA-0183,1,Lucero Minimarket
01-Aug-26,ORD-100297,SKU-FRO-0296,17,Lucero Minimarket
01-Aug-26,ORD-100298,SKU-DAI-0303,1,Lucero Minimarket
01/08/2026,ORD-100299,SKU-HAR-0285,6,Andean Group Offices
2026-08-01,ORD-100299,sku-bea-0073,21,Lucero Minimarket
2026-08-01,ORD-100299,SKU-HOM-0204,8,Happy Pet Store
01/08/2026,ORD-100300,SKU-BEA-0177,2,San Martin Corner Store
01/08/2026,ORD-100300,SKU-FRO-0114,20,Andean Group Offices
2026-08-01,ORD-100300,SKU-GAR-0157,17,Happy Pet Store
01-Aug-26,ORD-100301,SKU-OFF-0283,22,Delta Construction
01/08/2026,ORD-100302,SKU-GAR-0157,11,La Lucha Restaurant
01/08/2026,ORD-100303,SKU-FRO-0090,8,San Martin Corner Store
01-Aug-26,ORD-100303,SKU-FRO-0288,4,Inkafarma Comas Pharmacy
01-Aug-26,ORD-100306,SKU-DAI-0164,6,El Tornillo Hardware
01-Aug-26,ORD-100306,SKU-GAR-0195,17,El Tornillo Hardware
01-Aug-26,ORD-100306,SKU-HOM-0204,3,Inkafarma Comas Pharmacy
01-Aug-26,ORD-100307,SKU-CLE-0041,4,Andean Group Offices
01/08/2026,ORD-100307,SKU-FRO-0114,13,Lucero Minimarket
01/08/2026,ORD-100307,SKU-HOM-0089,8,San Martin Corner Store
2026-08-01,ORD-100308,SKU-CLE-0248,7,La Lucha Restaurant
2026-08-01,ORD-100308,SKU-HOM-0262,9,Andean Group Offices
01-Aug-26,ORD-100308,SKU-PET-0173,1,Inkafarma Comas Pharmacy
01-Aug-26,ORD-100309,SKU-BEA-0177,5,La Lucha Restaurant
01/08/2026,ORD-100309,SKU-PET-0017,4,Wong North Supermarkets
01-Aug-26,ORD-100309,SKU-BEV-0037,8,Wong North Supermarkets
01-Aug-26,ORD-100310,SKU-BEV-0084,1,Andean Group Offices
01/08/2026,ORD-100310,SKU-OFF-0284,6,Happy Pet Store
01/08/2026,ORD-100311,SKU-OFF-0225,15,Lucero Minimarket
01/08/2026,ORD-100311,SKU-FRO-0196,3,San Martin Corner Store
01-Aug-26,ORD-100311,SKU-PET-0227,4,Inkafarma Comas Pharmacy
01/08/2026,ORD-100312,SKU-FRO-0136,8,El Tornillo Hardware
01/08/2026,ORD-100312,SKU-FRO-0213,11,Inkafarma Comas Pharmacy
01-Aug-26,ORD-100313,SKU-OFF-0225,1,La Lucha Restaurant
01/08/2026,ORD-100313, SKU-GAR-0078,7,Wong North Supermarkets
01/08/2026,ORD-100313,SKU-BEV-0176,3,San Martin Corner Store
01/08/2026,ORD-100314,SKU-DAI-0303,4,La Lucha Restaurant
01/08/2026,ORD-100314,SKU-HOM-0204,16,Lince Vet Center
01/08/2026,ORD-100315,SKU-OFF-0225,15,La Lucha Restaurant
01-Aug-26,ORD-100315,SKU-HOM-0286,3,El Tornillo Hardware
01-Aug-26,ORD-100315,SKU-SNA-0223,2,Andean Group Offices
2026-08-01,ORD-100316,SKU-BEA-0291,6,Andean Group Offices
01/08/2026,ORD-100316,SKU-FRO-0132,27,El Tornillo Hardware
01-Aug-26,ORD-100317,SKU-BEA-0151,9,El Tornillo Hardware
01-Aug-26,ORD-100317,SKU-DAI-0169,13,Wong North Supermarkets
01/08/2026,ORD-100318,SKU-BEA-0193,9,Happy Pet Store
01/08/2026,ORD-100319,SKU-HOM-0020,1,Lince Vet Center
01/08/2026,ORD-100320,SKU-GAR-0039,7,Inkafarma Comas Pharmacy
2026-08-01,ORD-100321,SKU-CLE-0263,6,San Martin Corner Store
01/08/2026,ORD-100321,SKU-OFF-0043,16,Wong North Supermarkets
01-Aug-26,ORD-100321,SKU-FRO-0085,4,San Martin Corner Store
2026-08-01,ORD-100322,SKU-DAI-0164,5,Andean Group Offices
2026-08-01,ORD-100323,SKU-BEV-0242,21,Inkafarma Comas Pharmacy
01-Aug-26,ORD-100323,SKU-OFF-0228,18,La Lucha Restaurant
2026-08-01,ORD-100324,SKU-OFF-0010,8,El Tornillo Hardware
01/08/2026,ORD-100325,sku-gar-0039,12,Wong North Supermarkets
01-Aug-26,ORD-100325,SKU-CLE-0061,6,Lucero Minimarket
01-Aug-26,ORD-100325,SKU-PET-0040,2,El Tornillo Hardware
2026-08-01,ORD-100326,SKU-GAR-0157,7,La Lucha Restaurant
01/08/2026,ORD-100327,SKU-PET-0318,9,Lucero Minimarket
01/08/2026,ORD-100328,SKU-BEA-0006,28,Happy Pet Store
01-Aug-26,ORD-100328,SKU-PET-0027,12,Happy Pet Store
01-Aug-26,ORD-100329,SKU-SNA-0100,16,Happy Pet Store
2026-08-01,ORD-100329,SKU-BEA-0126,8,El Tornillo Hardware
01/08/2026,ORD-100331,SKU-BEA-0045,10,Delta Construction
01/08/2026,ORD-100331,SKU-GAR-0021,8,Happy Pet Store
01/08/2026,ORD-100332,SKU-PET-0227,2,Andean Group Offices
01-Aug-26,ORD-100333,SKU-CLE-0231,6,Inkafarma Comas Pharmacy
01/08/2026,ORD-100333,SKU-BEA-0168,12,Lucero Minimarket
2026-08-01,ORD-100333,SKU-HAR-0237,8,Inkafarma Comas Pharmacy
01/08/2026,ORD-100334,SKU-DAI-0082,2,Happy Pet Store
01/08/2026,ORD-100335,SKU-BEV-0311,12,Andean Group Offices
01/08/2026,ORD-100336,SKU-DAI-0082,4,Wong North Supermarkets
2026-08-01,ORD-100336,SKU-BEA-0312,13,El Tornillo Hardware
01-Aug-26,ORD-100336,SKU-OFF-0283,2,El Tornillo Hardware
2026-08-01,ORD-100337,SKU-FRO-0085,6,La Lucha Restaurant
2026-08-01,ORD-100338,SKU-DAI-0072,14,Andean Group Offices
01-Aug-26,ORD-100338,SKU-TOO-0295,13,Lince Vet Center
01/08/2026,ORD-100339,SKU-BEA-0193,7,Andean Group Offices
01/08/2026,ORD-100339,SKU-DAI-0082,7,Happy Pet Store
2026-08-01,ORD-100339,SKU-TOO-0125,7,Delta Construction
01-Aug-26,ORD-100340,SKU-DAI-0164,1,Lucero Minimarket
2026-08-01,ORD-100340,SKU-DAI-0164,3,Happy Pet Store
01/08/2026,ORD-100340,SKU-GAR-0021,7,Lucero Minimarket
2026-08-01,ORD-100341,SKU-HOM-0208,8,Delta Construction
01-Aug-26,ORD-100341,SKU-DAI-0164,3,San Martin Corner Store
01/08/2026,ORD-100342,SKU-BEV-0118,3,La Lucha Restaurant
01/08/2026,ORD-100342, SKU-GAR-0157,15,La Lucha Restaurant
01/08/2026,ORD-100342,SKU-BEA-0310,11,Inkafarma Comas Pharmacy
01-Aug-26,ORD-100343,SKU-DAI-0169,2,San Martin Corner Store
01-Aug-26,ORD-100343,SKU-CLE-0282,10,Lince Vet Center
01-Aug-26,ORD-100344,SKU-PET-0017,6,El Tornillo Hardware
2026-08-01,ORD-100344,SKU-DAI-0184,1,El Tornillo Hardware
2026-08-01,ORD-100345,SKU-FRO-0114,2,Inkafarma Comas Pharmacy
2026-08-01,ORD-100345,SKU-GAR-0021,3,El Tornillo Hardware
2026-08-01,ORD-100346,SKU-BEA-0310,9,Lince Vet Center
2026-08-01,ORD-100347,SKU-BEA-0151,8,Wong North Supermarkets
01-Aug-26,ORD-100348,SKU-FRO-0203,29,Wong North Supermarkets
2026-08-01,ORD-100348,SKU-BEA-0264,5,Andean Group Offices
2026-08-01,ORD-100349,SKU-TOO-0122,4,Wong North Supermarkets
01-Aug-26,ORD-100349,SKU-HOM-0089,1,Andean Group Offices
01-Aug-26,ORD-100350,SKU-DAI-0070,14,Delta Construction
01-Aug-26,ORD-100350,SKU-BEV-0219,5,San Martin Corner Store
2026-08-01,ORD-100351,SKU-DAI-0169,15,El Tornillo Hardware
2026-08-01,ORD-100352,SKU-FRO-0136,1,Wong North Supermarkets
01/08/2026,ORD-100352,SKU-DAI-0054,7,Andean Group Offices
01/08/2026,ORD-100353,SKU-PET-0217,8,La Lucha Restaurant
01/08/2026,ORD-100353,SKU-DAI-0123,4,Andean Group Offices
2026-08-01,ORD-100354,SKU-FRO-0114,19,Happy Pet Store
2026-08-01,ORD-100355,SKU-FRO-0288,2,Delta Construction
01/08/2026,ORD-100356,SKU-HOM-0289,11,Inkafarma Comas Pharmacy
2026-08-01,ORD-100356,SKU-OFF-0284,15,San Martin Corner Store
01-Aug-26,ORD-100356,SKU-HOM-0204,7,El Tornillo Hardware
2026-08-01,ORD-100357,SKU-OFF-0259,15,El Tornillo Hardware
01/08/2026,ORD-100358,SKU-HOM-0020,3,Andean Group Offices
01/08/2026,ORD-100358,SKU-HOM-0089,10,Lucero Minimarket
01/08/2026,ORD-100358,SKU-FRO-0238,12,San Martin Corner Store
01/08/2026,ORD-100359,SKU-OFF-0043,5,Lince Vet Center
2026-08-01,ORD-100359,SKU-FRO-0261,1,Lince Vet Center
01-Aug-26,ORD-100359,SKU-PET-0087,2,Lince Vet Center
01/08/2026,ORD-100360,SKU-FRO-0296,14,La Lucha Restaurant
01-Aug-26,ORD-100360,SKU-DAI-0164,2,San Martin Corner Store
01-Aug-26,ORD-100361,SKU-FRO-0136,6,El Tornillo Hardware
2026-08-01,ORD-100361,SKU-CLE-0108,5,Inkafarma Comas Pharmacy
01/08/2026,ORD-100362,SKU-FRO-0196,14,Happy Pet Store
2026-08-01,ORD-100362,SKU-BEA-0177,2,El Tornillo Hardware
01/08/2026,ORD-100363,SKU-BEA-0291,8,Inkafarma Comas Pharmacy
2026-08-01,ORD-100364,SKU-PET-0155,26,Delta Construction
01/08/2026,ORD-100364,SKU-SNA-0057,8,Lucero Minimarket
01-Aug-26,ORD-100364,SKU-CLE-0041,4,La Lucha Restaurant
01-Aug-26,ORD-100365,SKU-BEA-0144,9,Lucero Minimarket
2026-08-01,ORD-100365,SKU-FRO-0203,3,Happy Pet Store
01/08/2026,ORD-100365,SKU-BEV-0162,3,San Martin Corner Store
2026-08-01,ORD-100366,SKU-BEA-0045,17,Inkafarma Comas Pharmacy
2026-08-01,ORD-100366,SKU-PET-0146,10,Delta Construction
2026-08-01,ORD-100367,SKU-BEA-0142,9,Andean Group Offices
2026-08-01,ORD-100368,SKU-HOM-0316,4,Wong North Supermarkets
2026-08-01,ORD-100368,SKU-GAR-0116,17,El Tornillo Hardware
01-Aug-26,ORD-100369,SKU-PET-0318,1,Happy Pet Store
2026-08-01,ORD-100370, SKU-BEA-0144,3,Delta Construction
01-Aug-26,ORD-100372,SKU-HAR-0266,1,La Lucha Restaurant
01-Aug-26,ORD-100372,SKU-DAI-0303,3,Inkafarma Comas Pharmacy
01/08/2026,ORD-100373,SKU-OFF-0259,3,Andean Group Offices
01-Aug-26,ORD-100374,SKU-PET-0024,13,Wong North Supermarkets
2026-08-01,ORD-100375,SKU-BEV-0192,14,Lucero Minimarket
01-Aug-26,ORD-100375,SKU-BEV-0180,16,San Martin Corner Store
01-Aug-26,ORD-100375,SKU-BEV-0301,7,Delta Construction
2026-08-01,ORD-100376,SKU-BEV-0242,27,San Martin Corner Store
01-Aug-26,ORD-100376,SKU-FRO-0109,3,La Lucha Restaurant
01-Aug-26,ORD-100376,SKU-FRO-0296,13,Andean Group Offices
2026-08-01,ORD-100377,SKU-PET-0155,28,San Martin Corner Store
2026-08-01,ORD-100377,SKU-PET-0270,5,San Martin Corner Store
01/08/2026,ORD-100378,SKU-CLE-0141,13,Inkafarma Comas Pharmacy
01/08/2026,ORD-100379,SKU-TOO-0279,12,Lince Vet Center
01-Aug-26,ORD-100379,SKU-OFF-0259,12,Lucero Minimarket
01/08/2026,ORD-100380,sku-bea-0215,11,Inkafarma Comas Pharmacy
2026-08-01,ORD-100380,SKU-TOO-0125,6,Inkafarma Comas Pharmacy
01-Aug-26,ORD-100380, SKU-DAI-0082,4,Lince Vet Center
01-Aug-26,ORD-100381,SKU-DAI-0123,4,Happy Pet Store
2026-08-01,ORD-100381,SKU-TOO-0069,8,Wong North Supermarkets
2026-08-01,ORD-100382,SKU-OFF-0259,27,San Martin Corner Store
2026-08-01,ORD-100382,SKU-DAI-0169,16,San Martin Corner Store
01/08/2026,ORD-100382,SKU-DAI-0054,5,Lince Vet Center
01/08/2026,ORD-100383,SKU-BEV-0150,9,El Tornillo Hardware
2026-08-01,ORD-100383,SKU-SNA-0199,19,Delta Construction
01-Aug-26,ORD-100383,SKU-FRO-0272,25,Wong North Supermarkets
2026-08-01,ORD-100384,SKU-PET-0106,12,La Lucha Restaurant
2026-08-01,ORD-100384,SKU-PET-0146,5,Happy Pet Store
01-Aug-26,ORD-100385,SKU-BEV-0150,6,La Lucha Restaurant
2026-08-01,ORD-100385,SKU-GAR-0021,5,Lucero Minimarket
01/08/2026,ORD-100386,SKU-FRO-0196,2,Inkafarma Comas Pharmacy
01/08/2026,ORD-100386,SKU-SNA-0046,9,El Tornillo Hardware
01/08/2026,ORD-100387,SKU-DAI-0164,2,Lince Vet Center
01-Aug-26,ORD-100387,SKU-BEA-0291,10,La Lucha Restaurant
01-Aug-26,ORD-100388,SKU-BEV-0033,2,San Martin Corner Store
2026-08-01,ORD-100388,SKU-CLE-0061,6,San Martin Corner Store
2026-08-01,ORD-100389,SKU-DAI-0082,6,Lucero Minimarket
01-Aug-26,ORD-100389,SKU-OFF-0074,10,Andean Group Offices
01-Aug-26,ORD-100389,SKU-GAR-0157,9,Delta Construction
01-Aug-26,ORD-100390,SKU-BEA-0312,23,Wong North Supermarkets
01-Aug-26,ORD-100391,SKU-HAR-0266,5,El Tornillo Hardware
2026-08-01,ORD-100391,SKU-BEV-0176,1,Delta Construction
2026-08-01,ORD-100392,SKU-OFF-0140,16,Delta Construction
2026-08-01,ORD-100392,SKU-FRO-0179,1,Happy Pet Store
2026-08-01,ORD-100392,SKU-BEA-0045,10,San Martin Corner Store
01/08/2026,ORD-100393,SKU-FRO-0196,3,Andean Group Offices
01/08/2026,ORD-100393,SKU-OFF-0284,10,Inkafarma Comas Pharmacy
2026-08-01,ORD-100394,SKU-CLE-0018,12,La Lucha Restaurant
2026-08-01,ORD-100394,SKU-DAI-0164,6,Happy Pet Store
01-Aug-26,ORD-100395,SKU-DAI-0003,6,Andean Group Offices
01/08/2026,ORD-100396,SKU-FRO-0136,4,San Martin Corner Store
01-Aug-26,ORD-100396,SKU-BEV-0150,5,Lucero Minimarket
01/08/2026,ORD-100396,SKU-HOM-0089,3,San Martin Corner Store
01/08/2026,ORD-100397,SKU-FRO-0203,20,La Lucha Restaurant
01/08/2026,ORD-100398,SKU-DAI-0082,5,El Tornillo Hardware
01/08/2026,ORD-100398,SKU-DAI-0169,7,Delta Construction
2026-08-01,ORD-100398,SKU-BEA-0177,6,Inkafarma Comas Pharmacy
01-Aug-26,ORD-100399,SKU-FRO-0085,16,Delta Construction
01/08/2026,ORD-100400,SKU-DAI-0164,1,La Lucha Restaurant
01/08/2026,ORD-100400,SKU-DAI-0123,6,Wong North Supermarkets
2026-08-01,ORD-100400,SKU-DAI-0313,13,El Tornillo Hardware
01-Aug-26,ORD-100401,SKU-BEV-0192,8,San Martin Corner Store
01-Aug-26,ORD-100402,SKU-DAI-0169,5,Andean Group Offices
01/08/2026,ORD-100402,SKU-DAI-0054,6,La Lucha Restaurant
2026-08-01,ORD-100404,SKU-GAR-0287,8,Delta Construction
2026-08-01,ORD-100404,SKU-HOM-0112,6,Wong North Supermarkets
2026-08-01,ORD-100405,SKU-HOM-0204,7,Wong North Supermarkets
01/08/2026,ORD-100405,SKU-FRO-0213,8,El Tornillo Hardware
01-Aug-26,ORD-100406,SKU-HAR-0266,10,Lucero Minimarket
01/08/2026,ORD-100406,SKU-FRO-0114,14,Lince Vet Center
01-Aug-26,ORD-100407,SKU-OFF-0236,10,Lucero Minimarket
2026-08-01,ORD-100407,SKU-FRO-0267,16,Wong North Supermarkets
2026-08-01,ORD-100408,SKU-HOM-0262,8,Lucero Minimarket
2026-08-01,ORD-100408,SKU-BEA-0034,7,Lince Vet Center
2026-08-01,ORD-100408,SKU-FRO-0179,6,San Martin Corner Store
01/08/2026,ORD-100409,SKU-BEV-0058,5,Happy Pet Store
01/08/2026,ORD-100410,SKU-TOO-0069,6,Andean Group Offices
01/08/2026,ORD-100410,SKU-CLE-0248,1,El Tornillo Hardware
01/08/2026,ORD-100411,SKU-TOO-0131,8,Lucero Minimarket
01-Aug-26,ORD-100411,SKU-OFF-0283,10,Andean Group Offices
2026-08-01,ORD-100412,SKU-FRO-0179,10,San Martin Corner Store
2026-08-01,ORD-100412,SKU-BEA-0096,12,Delta Construction
2026-08-01,ORD-100412,SKU-BEV-0273,7,San Martin Corner Store
01/08/2026,ORD-100413,SKU-FRO-0014,5,Lucero Minimarket
01/08/2026,ORD-100413,SKU-HAR-0266,8,San Martin Corner Store
01/08/2026,ORD-100414,SKU-BEA-0019,9,San Martin Corner Store
01/08/2026,ORD-100414,SKU-BEA-0215,2,Inkafarma Comas Pharmacy
01/08/2026,ORD-100414,SKU-DAI-0303,1,Lucero Minimarket
01/08/2026,ORD-100415,SKU-FRO-0014,11,Lucero Minimarket
01/08/2026,ORD-100415,sku-cle-0018,8,Inkafarma Comas Pharmacy
01/08/2026,ORD-100416,SKU-GAR-0111,18,San Martin Corner Store
2026-08-01,ORD-100416,SKU-HOM-0316,8,Delta Construction
2026-08-01,ORD-100417,SKU-BEV-0150,5,Inkafarma Comas Pharmacy
2026-08-01,ORD-100417,SKU-DAI-0184,2,Wong North Supermarkets
01/08/2026,ORD-100418,SKU-FRO-0267,9,El Tornillo Hardware
01/08/2026,ORD-100419,SKU-GAR-0078,5,Wong North Supermarkets
01-Aug-26,ORD-100419,SKU-BEA-0264,5,El Tornillo Hardware
2026-08-01,ORD-100420,SKU-OFF-0249,8,Wong North Supermarkets
2026-08-01,ORD-100420,SKU-FRO-0132,19,San Martin Corner Store
01/08/2026,ORD-100420,SKU-DAI-0184,2,San Martin Corner Store
01/08/2026,ORD-100421,SKU-BEA-0163,6,La Lucha Restaurant
01/08/2026,ORD-100422,SKU-BEV-0219,1,La Lucha Restaurant
2026-08-01,ORD-100422,SKU-CLE-0108,7,San Martin Corner Store
01-Aug-26,ORD-100422,SKU-OFF-0283,18,Wong North Supermarkets
01/08/2026,ORD-100423,SKU-DAI-0072,5,Andean Group Offices
01/08/2026,ORD-100423,SKU-OFF-0283,19,Delta Construction
01/08/2026,ORD-100424,SKU-OFF-0249,10,San Martin Corner Store
01/08/2026,ORD-100425,SKU-BEA-0034,23,La Lucha Restaurant
01-Aug-26,ORD-100426,SKU-FRO-0261,3,La Lucha Restaurant
01-Aug-26,ORD-100426,SKU-BEA-0126,5,Lince Vet Center
01/08/2026,ORD-100426,SKU-DAI-0072,7,Happy Pet Store
01/08/2026,ORD-100427,SKU-DAI-0082,4,San Martin Corner Store
01-Aug-26,ORD-100428,SKU-TOO-0131,21,Lucero Minimarket
01-Aug-26,ORD-100429,SKU-GAR-0111,5,Inkafarma Comas Pharmacy
01/08/2026,ORD-100429,SKU-FRO-0272,6,Happy Pet Store
01/08/2026,ORD-100429,SKU-BEA-0177,5,El Tornillo Hardware
01-Aug-26,ORD-100430,SKU-PET-0087,1,Inkafarma Comas Pharmacy
01-Aug-26,ORD-100431,SKU-BEV-0180,15,Lince Vet Center
01/08/2026,ORD-100431,SKU-BEA-0142,12,La Lucha Restaurant
2026-08-01,ORD-100432,SKU-SNA-0244,3,Inkafarma Comas Pharmacy
01-Aug-26,ORD-100432,SKU-HOM-0013,9,Lucero Minimarket
01-Aug-26,ORD-100433,SKU-HOM-0020,3,La Lucha Restaurant
01/08/2026,ORD-100434,SKU OFF 0257,9,Lince Vet Center
2026-08-01,ORD-100435,SKU-PET-0017,1,Delta Construction
01-Aug-26,ORD-100435,SKU-OFF-0074,18,Lince Vet Center
01/08/2026,ORD-100436,SKU-OFF-0228,21,Delta Construction
01-Aug-26,ORD-100436,SKU-CLE-0108,11,San Martin Corner Store
01-Aug-26,ORD-100436,SKU-DAI-0164,3,Wong North Supermarkets
01/08/2026,ORD-100437,SKU-FRO-0238,9,San Martin Corner Store
2026-08-01,ORD-100438,SKU-SNA-0100,9,San Martin Corner Store
2026-08-01,ORD-100438,SKU-DAI-0003,10,Delta Construction
01/08/2026,ORD-100439,SKU-FRO-0288,4,Andean Group Offices
01/08/2026,ORD-100439,SKU-GAR-0113,18,San Martin Corner Store
2026-08-01,ORD-100440,SKU-DAI-0082,4,Andean Group Offices
01-Aug-26,ORD-100441,SKU-DAI-0082,4,San Martin Corner Store
01/08/2026,ORD-100441,SKU-HAR-0254,24,Lucero Minimarket
01/08/2026,ORD-100443,SKU HAR 0266,9,San Martin Corner Store
01/08/2026,ORD-100443,SKU-DAI-0123,4,El Tornillo Hardware
01/08/2026,ORD-100444,SKU-HOM-0316,2,Inkafarma Comas Pharmacy
01/08/2026,ORD-100444,SKU-TOO-0216,4,Delta Construction
2026-08-01,ORD-100444,sku-dai-0169,2,Wong North Supermarkets
2026-08-01,ORD-100445,SKU-HOM-0316,9,Inkafarma Comas Pharmacy
2026-08-01,ORD-100445,SKU-SNA-0199,4,La Lucha Restaurant
2026-08-01,ORD-100446,SKU-TOO-0221,4,Andean Group Offices
01/08/2026,ORD-100446,SKU-BEV-0311,21,Lucero Minimarket
02/08/2026,ORD-100448,SKU-DAI-0169,14,San Martin Corner Store
2026-08-02,ORD-100449,SKU-DAI-0070,12,Happy Pet Store
2026-08-02,ORD-100449,SKU-FRO-0238,1,Lince Vet Center
2026-08-02,ORD-100450, SKU-BEA-0094,1,Andean Group Offices
02-Aug-26,ORD-100450,SKU-DAI-0164,6,San Martin Corner Store
02-Aug-26,ORD-100451,SKU-BEV-0174,3,Lucero Minimarket
2026-08-02,ORD-100452,SKU-HOM-0289,2,Happy Pet Store
02/08/2026,ORD-100453,SKU-BEV-0118,6,La Lucha Restaurant
02/08/2026,ORD-100454,SKU-DAI-0072,6,Happy Pet Store
2026-08-02,ORD-100454,SKU-FRO-0278,5,Lucero Minimarket
2026-08-02,ORD-100455,sku-bev-0242,28,Happy Pet Store
02/08/2026,ORD-100455,SKU-OFF-0257,10,Inkafarma Comas Pharmacy
2026-08-02,ORD-100457,SKU-BEV-0174,3,Inkafarma Comas Pharmacy
02-Aug-26,ORD-100458,SKU-OFF-0249,7,San Martin Corner Store
2026-08-02,ORD-100458,SKU-SNA-0223,5,Andean Group Offices
02-Aug-26,ORD-100459,SKU-OFF-0225,17,Andean Group Offices
02/08/2026,ORD-100459,SKU-FRO-0196,11,Inkafarma Comas Pharmacy
02/08/2026,ORD-100460,SKU-DAI-0184,6,Andean Group Offices
02-Aug-26,ORD-100461,sku-fro-0196,5,Happy Pet Store
2026-08-02,ORD-100462,SKU-DAI-0082,7,Lucero Minimarket
02-Aug-26,ORD-100462,SKU-GAR-0021,5,Delta Construction
2026-08-02,ORD-100462,SKU-BEA-0019,4,Delta Construction
02/08/2026,ORD-100463,SKU-DAI-0070,3,Andean Group Offices
02/08/2026,ORD-100463,SKU-PET-0146,2,Delta Construction
2026-08-02,ORD-100464,SKU-HAR-0266,13,Inkafarma Comas Pharmacy
2026-08-02,ORD-100465,SKU-FRO-0114,11,Happy Pet Store
02/08/2026,ORD-100465,SKU-BEV-0202,3,Happy Pet Store
02/08/2026,ORD-100466,SKU-TOO-0080,6,El Tornillo Hardware
02-Aug-26,ORD-100466,SKU-DAI-0072,10,Lince Vet Center
2026-08-02,ORD-100467,SKU-OFF-0074,17,Wong North Supermarkets
02/08/2026,ORD-100467,SKU-PET-0102,1,Lucero Minimarket
2026-08-02,ORD-100468,SKU-HOM-0015,7,La Lucha Restaurant
02-Aug-26,ORD-100468,SKU-OFF-0043,8,Happy Pet Store
2026-08-02,ORD-100469,SKU-DAI-0313,24,Wong North Supermarkets
2026-08-02,ORD-100469, SKU-OFF-0228,7,El Tornillo Hardware
02-Aug-26,ORD-100470,SKU-DAI-0072,10,Inkafarma Comas Pharmacy
02-Aug-26,ORD-100471,SKU-FRO-0238,12,Lucero Minimarket
2026-08-02,ORD-100471,SKU-HOM-0204,11,Lucero Minimarket
02/08/2026,ORD-100472,SKU-GAR-0153,17,Andean Group Offices
02-Aug-26,ORD-100473,SKU-SNA-0100,1,La Lucha Restaurant
02-Aug-26,ORD-100473,SKU-CLE-0240,12,Inkafarma Comas Pharmacy
02/08/2026,ORD-100473,SKU-DAI-0082,6,Inkafarma Comas Pharmacy
2026-08-02,ORD-100474,SKU-SNA-0199,4,La Lucha Restaurant
2026-08-02,ORD-100474,SKU-BEA-0177,6,Delta Construction
02-Aug-26,ORD-100474,SKU-SNA-0233,4,Happy Pet Store
2026-08-02,ORD-100475,SKU-BEA-0215,15,Wong North Supermarkets
02-Aug-26,ORD-100475,SKU-BEV-0084,14,Wong North Supermarkets
2026-08-02,ORD-100475,SKU-OFF-0010,5,Inkafarma Comas Pharmacy
02-Aug-26,ORD-100476,SKU-BEA-0142,4,La Lucha Restaurant
2026-08-02,ORD-100476,SKU-HOM-0204,11,Lince Vet Center
02-Aug-26,ORD-100477,SKU-HAR-0309,2,Delta Construction
02/08/2026,ORD-100478,sku-sna-0057,11,El Tornillo Hardware
02-Aug-26,ORD-100478,SKU-TOO-0279,6,Andean Group Offices
02/08/2026,ORD-100479,SKU-GAR-0195,9,Delta Construction
2026-08-02,ORD-100479,SKU-BEA-0163,5,Lince Vet Center
02/08/2026,ORD-100480,SKU-BEA-0215,4,Lince Vet Center
2026-08-02,ORD-100480,SKU-FRO-0278,1,San Martin Corner Store
02-Aug-26,ORD-100480,sku-gar-0078,7,Lince Vet Center
02/08/2026,ORD-100481,SKU-BEV-0219,1,Lince Vet Center
02-Aug-26,ORD-100481,SKU-SNA-0030,9,La Lucha Restaurant
02-Aug-26,ORD-100482,SKU-PET-0155,16,Inkafarma Comas Pharmacy
2026-08-02,ORD-100483,SKU-DAI-0164,2,Lince Vet Center
02-Aug-26,ORD-100484,SKU-PET-0076,6,Inkafarma Comas Pharmacy
02-Aug-26,ORD-100484,SKU-BEV-0033,2,Happy Pet Store
02-Aug-26,ORD-100485,SKU-BEA-0126,6,Wong North Supermarkets
2026-08-02,ORD-100485,SKU-SNA-0057,13,El Tornillo Hardware
02-Aug-26,ORD-100485,SKU-TOO-0216,21,Wong North Supermarkets
02-Aug-26,ORD-100486,SKU-DAI-0313,2,La Lucha Restaurant
2026-08-02,ORD-100486,SKU-BEA-0034,22,Wong North Supermarkets
02-Aug-26,ORD-100487,SKU-FRO-0136,7,Happy Pet Store
02/08/2026,ORD-100487,SKU-BEA-0193,6,Happy Pet Store
02-Aug-26,ORD-100488,SKU-SNA-0233,2,Delta Construction
02-Aug-26,ORD-100488,SKU-TOO-0067,5,Wong North Supermarkets
2026-08-02,ORD-100489,SKU-SNA-0298,12,La Lucha Restaurant
02/08/2026,ORD-100489,SKU-DAI-0313,22,Lucero Minimarket
02/08/2026,ORD-100490,SKU-FRO-0296,11,Lucero Minimarket
02-Aug-26,ORD-100490,SKU-HAR-0285,14,Andean Group Offices
2026-08-02,ORD-100491,SKU-FRO-0272,1,Lince Vet Center
2026-08-02,ORD-100491,SKU-SNA-0171,22,Lucero Minimarket
02/08/2026,ORD-100492,SKU-PET-0102,4,Happy Pet Store
02/08/2026,ORD-100493,SKU-DAI-0070,8,Andean Group Offices
02-Aug-26,ORD-100493,SKU-PET-0155,26,Lucero Minimarket
02-Aug-26,ORD-100493,SKU-PET-0227,5,Delta Construction
02/08/2026,ORD-100494,SKU-BEV-0219,9,Wong North Supermarkets
2026-08-02,ORD-100494,SKU-SNA-0188,11,Lince Vet Center
02-Aug-26,ORD-100494,SKU-FRO-0213,6,San Martin Corner Store
02/08/2026,ORD-100495,SKU-DAI-0072,13,Lince Vet Center
02-Aug-26,ORD-100495,SKU-OFF-0225,8,Happy Pet Store
02/08/2026,ORD-100496,SKU-BEA-0215,11,Wong North Supermarkets
02/08/2026,ORD-100496,SKU-DAI-0123,8,Lince Vet Center
02-Aug-26,ORD-100497,SKU-BEA-0264,7,Happy Pet Store
02-Aug-26,ORD-100497,SKU-HAR-0237,9,Lucero Minimarket
2026-08-02,ORD-100498,SKU-GAR-0287,2,Happy Pet Store
02-Aug-26,ORD-100498,SKU-PET-0099,2,Wong North Supermarkets
02-Aug-26,ORD-100499,SKU-PET-0076,3,Delta Construction
2026-08-02,ORD-100499,SKU PET 0318,8,La Lucha Restaurant
2026-08-02,ORD-100500,SKU-TOO-0279,8,Andean Group Offices
2026-08-02,ORD-100501,SKU-CLE-0018,15,Lince Vet Center
02-Aug-26,ORD-100502,SKU-DAI-0184,7,La Lucha Restaurant
02-Aug-26,ORD-100502,SKU-PET-0227,2,Happy Pet Store
02-Aug-26,ORD-100502,SKU-OFF-0236,9,Delta Construction
02/08/2026,ORD-100503,SKU-BEA-0006,17,Lucero Minimarket
02-Aug-26,ORD-100503,SKU-BEV-0058,8,Lucero Minimarket
02-Aug-26,ORD-100503,SKU-FRO-0278,12,Happy Pet Store
2026-08-02,ORD-100504,SKU-OFF-0249,1,Happy Pet Store
2026-08-02,ORD-100504,SKU BEV 0180,17,Inkafarma Comas Pharmacy
02-Aug-26,ORD-100505,SKU-FRO-0132,10,Inkafarma Comas Pharmacy
02/08/2026,ORD-100506,SKU-FRO-0090,10,Lince Vet Center
2026-08-02,ORD-100506,SKU-OFF-0228,23,Lince Vet Center
02/08/2026,ORD-100506,SKU-CLE-0282,8,Lince Vet Center
2026-08-02,ORD-100507,SKU-TOO-0216,25,Happy Pet Store
2026-08-02,ORD-100509,SKU-BEA-0163,3,Inkafarma Comas Pharmacy
02/08/2026,ORD-100509,SKU-FRO-0213,19,Lucero Minimarket
2026-08-02,ORD-100510,SKU-CLE-0299,18,Lince Vet Center
02/08/2026,ORD-100510,SKU-PET-0227,1,Delta Construction
2026-08-02,ORD-100511,SKU-SNA-0057,1,Happy Pet Store
2026-08-02,ORD-100511,SKU-CLE-0041,4,El Tornillo Hardware
02/08/2026,ORD-100512,SKU-TOO-0122,12,Wong North Supermarkets
02/08/2026,ORD-100512,SKU-GAR-0120,11,Delta Construction
2026-08-02,ORD-100513,SKU-CLE-0248,4,Lucero Minimarket
02-Aug-26,ORD-100513,SKU-DAI-0164,4,Wong North Supermarkets
02/08/2026,ORD-100513,SKU-BEA-0019,7,Delta Construction
02-Aug-26,ORD-100514,SKU-GAR-0195,17,El Tornillo Hardware
02/08/2026,ORD-100514,SKU-OFF-0010,4,El Tornillo Hardware
2026-08-02,ORD-100515,SKU-PET-0076,12,San Martin Corner Store
02/08/2026,ORD-100515,SKU-OFF-0007,6,Happy Pet Store
02-Aug-26,ORD-100516,SKU-FRO-0203,29,Andean Group Offices
02-Aug-26,ORD-100516,SKU-BEV-0311,9,Wong North Supermarkets
02-Aug-26,ORD-100516,SKU-FRO-0296,19,Andean Group Offices
02-Aug-26,ORD-100517,SKU-DAI-0072,12,Wong North Supermarkets
02-Aug-26,ORD-100518,SKU-SNA-0233,6,Wong North Supermarkets
02/08/2026,ORD-100518,SKU-CLE-0061,11,Delta Construction
02/08/2026,ORD-100519,SKU-OFF-0228,8,Wong North Supermarkets
2026-08-02,ORD-100520,SKU-TOO-0080,4,La Lucha Restaurant
02-Aug-26,ORD-100522,SKU-DAI-0070,8,Happy Pet Store
02-Aug-26,ORD-100522,SKU-HAR-0266,19,El Tornillo Hardware
02-Aug-26,ORD-100523,SKU-OFF-0225,8,San Martin Corner Store
02/08/2026,ORD-100524,SKU-DAI-0313,20,Lucero Minimarket
02/08/2026,ORD-100524,SKU-GAR-0111,7,Inkafarma Comas Pharmacy
2026-08-02,ORD-100524,SKU-BEA-0312,17,Delta Construction
02/08/2026,ORD-100525,SKU-OFF-0259,6,Happy Pet Store
02/08/2026,ORD-100525,SKU-OFF-0140,15,San Martin Corner Store
02/08/2026,ORD-100525,SKU-DAI-0070,4,El Tornillo Hardware
02-Aug-26,ORD-100526,SKU-HAR-0309,5,Lince Vet Center
02-Aug-26,ORD-100526,SKU-DAI-0003,14,Inkafarma Comas Pharmacy
2026-08-02,ORD-100527,SKU-GAR-0157,20,Andean Group Offices
02-Aug-26,ORD-100527,SKU-OFF-0043,13,El Tornillo Hardware
2026-08-02,ORD-100528,SKU-CLE-0141,4,Delta Construction
02-Aug-26,ORD-100528,SKU-FRO-0261,4,Lince Vet Center
02-Aug-26,ORD-100528,SKU-DAI-0184,14,Andean Group Offices
02/08/2026,ORD-100529,SKU-DAI-0123,5,Delta Construction
2026-08-02,ORD-100529,SKU-HOM-0204,4,Andean Group Offices
02-Aug-26,ORD-100530,SKU-BEV-0005,3,Happy Pet Store
02/08/2026,ORD-100530,SKU-BEA-0126,9,San Martin Corner Store
2026-08-02,ORD-100531,SKU-HAR-0285,26,San Martin Corner Store
2026-08-02,ORD-100531,SKU-PET-0017,4,Andean Group Offices
2026-08-02,ORD-100531,SKU-FRO-0288,1,La Lucha Restaurant
02/08/2026,ORD-100532,SKU-SNA-0199,6,El Tornillo Hardware
02/08/2026,ORD-100532,SKU-PET-0318,1,La Lucha Restaurant
02/08/2026,ORD-100533,SKU-DAI-0082,5,San Martin Corner Store
2026-08-02,ORD-100533,SKU-BEA-0148,4,Delta Construction
02-Aug-26,ORD-100534,SKU-OFF-0010,8,El Tornillo Hardware
02-Aug-26,ORD-100535,SKU-BEV-0033,2,Lince Vet Center
02-Aug-26,ORD-100535,SKU-DAI-0072,18,Andean Group Offices
02/08/2026,ORD-100535,SKU-TOO-0125,11,Lucero Minimarket
2026-08-02,ORD-100536,SKU-DAI-0184,1,Wong North Supermarkets
2026-08-02,ORD-100536,SKU-PET-0173,6,Happy Pet Store
2026-08-02,ORD-100536,SKU-SNA-0171,18,Lucero Minimarket
02/08/2026,ORD-100537,SKU-PET-0173,5,Happy Pet Store
02/08/2026,ORD-100538,SKU-BEV-0242,13,Happy Pet Store
02/08/2026,ORD-100538,SKU-FRO-0109,4,Happy Pet Store
02-Aug-26,ORD-100539,SKU-BEA-0045,20,La Lucha Restaurant
2026-08-02,ORD-100539,SKU-FRO-0132,12,Wong North Supermarkets
02-Aug-26,ORD-100540,SKU-DAI-0184,5,El Tornillo Hardware
2026-08-02,ORD-100540,SKU DAI 0123,2,Happy Pet Store
2026-08-02,ORD-100541,SKU-SNA-0199,4,Lince Vet Center
02/08/2026,ORD-100541,SKU-OFF-0259,14,Andean Group Offices
02-Aug-26,ORD-100542,SKU-TOO-0125,11,Andean Group Offices
2026-08-02,ORD-100542,SKU-FRO-0014,10,El Tornillo Hardware
02/08/2026,ORD-100543,SKU-PET-0318,12,Delta Construction
2026-08-02,ORD-100543,SKU-PET-0304,8,Happy Pet Store
02/08/2026,ORD-100543,SKU-TOO-0049,14,Happy Pet Store
2026-08-02,ORD-100544,SKU-TOO-0069,5,La Lucha Restaurant
02/08/2026,ORD-100544,SKU-BEA-0096,9,Happy Pet Store
02/08/2026,ORD-100546,SKU-CLE-0248,4,Delta Construction
2026-08-02,ORD-100546,SKU-BEA-0019,4,Wong North Supermarkets
2026-08-02,ORD-100547,SKU-DAI-0164,2,San Martin Corner Store
2026-08-02,ORD-100547,SKU-GAR-0195,2,Andean Group Offices
02-Aug-26,ORD-100547,SKU-FRO-0014,2,Andean Group Offices
02/08/2026,ORD-100548,SKU SNA 0171,22,Inkafarma Comas Pharmacy
02-Aug-26,ORD-100548,SKU-HOM-0112,8,Inkafarma Comas Pharmacy
2026-08-02,ORD-100548,SKU-BEA-0264,3,San Martin Corner Store
2026-08-02,ORD-100549,SKU-HOM-0065,12,Delta Construction
2026-08-02,ORD-100549,SKU-DAI-0123,1,La Lucha Restaurant
02/08/2026,ORD-100549,SKU-DAI-0313,2,Happy Pet Store
2026-08-02,ORD-100550,SKU-PET-0106,11,Delta Construction
02-Aug-26,ORD-100550,SKU-CLE-0061,3,El Tornillo Hardware
2026-08-02,ORD-100551,SKU-TOO-0216,7,San Martin Corner Store
02/08/2026,ORD-100551,SKU-GAR-0287,1,Happy Pet Store
2026-08-02,ORD-100551,SKU-PET-0106,9,Delta Construction
2026-08-02,ORD-100552,SKU-FRO-0132,14,San Martin Corner Store
2026-08-02,ORD-100553,SKU-DAI-0164,4,Happy Pet Store
02/08/2026,ORD-100553,SKU-HAR-0266,16,Inkafarma Comas Pharmacy
02-Aug-26,ORD-100553,SKU-CLE-0248,8,San Martin Corner Store
02/08/2026,ORD-100554,SKU-BEA-0019,6,El Tornillo Hardware
2026-08-02,ORD-100555,SKU-BEA-0148,4,Inkafarma Comas Pharmacy
2026-08-02,ORD-100555,SKU-PET-0318,18,Happy Pet Store
2026-08-02,ORD-100556,SKU-BEV-0037,9,Wong North Supermarkets
02/08/2026,ORD-100556,SKU-BEA-0291,9,Andean Group Offices
02/08/2026,ORD-100556,SKU-HOM-0289,4,Delta Construction
2026-08-02,ORD-100557,SKU-BEA-0291,4,Wong North Supermarkets
02-Aug-26,ORD-100557,SKU-GAR-0078,4,Lince Vet Center
02/08/2026,ORD-100557,SKU-BEV-0176,10,San Martin Corner Store
02-Aug-26,ORD-100558,SKU-FRO-0213,10,Lucero Minimarket
02/08/2026,ORD-100559,SKU-BEA-0308,15,Inkafarma Comas Pharmacy
2026-08-02,ORD-100559,SKU-CLE-0139,10,San Martin Corner Store
2026-08-02,ORD-100559,SKU-OFF-0074,10,La Lucha Restaurant
02/08/2026,ORD-100560,SKU-FRO-0278,5,Lucero Minimarket
2026-08-02,ORD-100561,SKU-PET-0227,6,Wong North Supermarkets
2026-08-02,ORD-100561,SKU-FRO-0085,4,Lince Vet Center
02-Aug-26,ORD-100561,SKU-DAI-0184,6,El Tornillo Hardware
02-Aug-26,ORD-100562,SKU-SNA-0100,17,Lince Vet Center
02-Aug-26,ORD-100562,SKU-HOM-0204,16,Delta Construction
02-Aug-26,ORD-100563,SKU-SNA-0097,4,Happy Pet Store
02/08/2026,ORD-100563,SKU-BEV-0037,2,Lucero Minimarket
02/08/2026,ORD-100564,SKU-BEA-0126,6,Inkafarma Comas Pharmacy
02-Aug-26,ORD-100565,SKU-TOO-0200,15,Andean Group Offices
02/08/2026,ORD-100565,sku-fro-0288,4,Inkafarma Comas Pharmacy
02/08/2026,ORD-100565,SKU-DAI-0003,7,El Tornillo Hardware
02-Aug-26,ORD-100566,SKU-CLE-0108,7,Happy Pet Store
2026-08-02,ORD-100566,SKU-DAI-0184,2,La Lucha Restaurant
02-Aug-26,ORD-100567,SKU-FRO-0014,4,Lucero Minimarket
02/08/2026,ORD-100567,SKU-TOO-0216,2,San Martin Corner Store
02-Aug-26,ORD-100567,SKU PET 0227,6,El Tornillo Hardware
02/08/2026,ORD-100568,SKU-FRO-0114,14,Delta Construction
02/08/2026,ORD-100568,SKU-PET-0040,13,Happy Pet Store
02/08/2026,ORD-100568,SKU-FRO-0272,13,San Martin Corner Store
2026-08-02,ORD-100569,SKU-PET-0040,15,El Tornillo Hardware
2026-08-02,ORD-100569,SKU-FRO-0288,1,La Lucha Restaurant
02/08/2026,ORD-100570,SKU-CLE-0282,4,Wong North Supermarkets
02-Aug-26,ORD-100571,SKU-DAI-0123,4,Inkafarma Comas Pharmacy
02-Aug-26,ORD-100571,SKU-FRO-0014,4,Wong North Supermarkets
2026-08-02,ORD-100572,SKU-BEV-0219,11,San Martin Corner Store
2026-08-02,ORD-100573,SKU-BEA-0006,25,Lucero Minimarket
2026-08-02,ORD-100573,SKU-TOO-0295,15,Delta Construction
02/08/2026,ORD-100574,SKU-SNA-0188,16,Inkafarma Comas Pharmacy
02/08/2026,ORD-100574,SKU-PET-0155,3,La Lucha Restaurant
02/08/2026,ORD-100574,SKU-BEV-0202,1,Happy Pet Store
02/08/2026,ORD-100575,SKU-BEV-0162,10,San Martin Corner Store
02-Aug-26,ORD-100575,SKU-FRO-0014,7,Happy Pet Store
02/08/2026,ORD-100575,SKU-PET-0318,17,El Tornillo Hardware
02-Aug-26,ORD-100576,SKU-BEV-0311,22,Happy Pet Store
02/08/2026,ORD-100576,SKU-DAI-0070,14,El Tornillo Hardware
2026-08-02,ORD-100577,SKU-BEA-0191,3,Delta Construction
2026-08-02,ORD-100577,SKU-BEV-0037,8,La Lucha Restaurant
02-Aug-26,ORD-100578,SKU-FRO-0196,2,El Tornillo Hardware
02/08/2026,ORD-100578,SKU-BEV-0150,13,El Tornillo Hardware
2026-08-02,ORD-100578,SKU-DAI-0164,1,Andean Group Offices
2026-08-02,ORD-100579,SKU-TOO-0216,4,El Tornillo Hardware
2026-08-02,ORD-100580,SKU-OFF-0259,26,Inkafarma Comas Pharmacy
02-Aug-26,ORD-100580,SKU-SNA-0292,4,El Tornillo Hardware
02-Aug-26,ORD-100581,SKU-DAI-0303,4,San Martin Corner Store
02-Aug-26,ORD-100581,SKU-TOO-0056,6,Lince Vet Center
02/08/2026,ORD-100582,SKU-OFF-0249,1,Lucero Minimarket
02/08/2026,ORD-100582,SKU-BEV-0037,5,Happy Pet Store
02/08/2026,ORD-100583,SKU-HOM-0316,9,Andean Group Offices
02/08/2026,ORD-100583,SKU-BEA-0144,15,Inkafarma Comas Pharmacy
02/08/2026,ORD-100585,SKU-FRO-0179,5,La Lucha Restaurant
2026-08-02,ORD-100585,SKU-FRO-0132,17,Wong North Supermarkets
2026-08-02,ORD-100586,SKU-OFF-0249,10,Wong North Supermarkets
02/08/2026,ORD-100586,SKU-SNA-0199,8,Andean Group Offices
2026-08-02,ORD-100588,SKU-CLE-0061,15,La Lucha Restaurant
02-Aug-26,ORD-100589,SKU-TOO-0210,1,San Martin Corner Store
02-Aug-26,ORD-100589,SKU-OFF-0283,7,Lince Vet Center
2026-08-02,ORD-100590,SKU-HAR-0237,14,Wong North Supermarkets
2026-08-02,ORD-100591,SKU-FRO-0238,16,La Lucha Restaurant
02/08/2026,ORD-100592,SKU-GAR-0287,3,Delta Construction
02-Aug-26,ORD-100592,SKU-FRO-0109,6,Happy Pet Store
02/08/2026,ORD-100593,SKU-BEA-0119,4,Wong North Supermarkets
02/08/2026,ORD-100594,SKU-TOO-0125,11,Delta Construction
02-Aug-26,ORD-100594,SKU-DAI-0184,7,Lince Vet Center
2026-08-02,ORD-100595,SKU-BEA-0045,5,La Lucha Restaurant
02-Aug-26,ORD-100595,SKU-BEA-0119,26,Lince Vet Center
02/08/2026,ORD-100596,SKU-FRO-0296,13,San Martin Corner Store
2026-08-02,ORD-100597,SKU-BEA-0045,12,Inkafarma Comas Pharmacy
2026-08-02,ORD-100597,SKU-DAI-0169,1,Lince Vet Center
02-Aug-26,ORD-100598,SKU-HAR-0237,3,Delta Construction
2026-08-02,ORD-100599,SKU-HOM-0204,12,Andean Group Offices
02/08/2026,ORD-100599,SKU-FRO-0203,24,La Lucha Restaurant
02-Aug-26,ORD-100600,SKU-FRO-0136,3,La Lucha Restaurant
02-Aug-26,ORD-100600,SKU-DAI-0313,13,San Martin Corner Store
02/08/2026,ORD-100601,SKU-HOM-0316,4,Lucero Minimarket
02-Aug-26,ORD-100601,SKU-OFF-0140,1,El Tornillo Hardware
2026-08-02,ORD-100601,SKU-SNA-0292,10,La Lucha Restaurant
02/08/2026,ORD-100602,SKU-PET-0027,8,El Tornillo Hardware
02-Aug-26,ORD-100603,SKU-PET-0318,9,Lucero Minimarket
02-Aug-26,ORD-100604,SKU-BEV-0180,3,Delta Construction
02-Aug-26,ORD-100604,SKU-BEV-0118,1,La Lucha Restaurant
02/08/2026,ORD-100604,SKU-TOO-0122,8,Lince Vet Center
02-Aug-26,ORD-100605,SKU-GAR-0229,3,Lince Vet Center
2026-08-02,ORD-100605,sku-sna-0171,5,La Lucha Restaurant
2026-08-02,ORD-100605,SKU-PET-0227,5,La Lucha Restaurant
02/08/2026,ORD-100607,SKU-PET-0217,7,Delta Construction
2026-08-02,ORD-100608,SKU-TOO-0279,12,Happy Pet Store
02-Aug-26,ORD-100609,SKU-HAR-0266,8,San Martin Corner Store
02/08/2026,ORD-100609,SKU-FRO-0179,9,Lucero Minimarket
2026-08-02,ORD-100610,SKU-GAR-0021,7,La Lucha Restaurant
02-Aug-26,ORD-100610,SKU-PET-0106,7,Inkafarma Comas Pharmacy
02/08/2026,ORD-100611,SKU-FRO-0261,2,Inkafarma Comas Pharmacy
02-Aug-26,ORD-100611,SKU-HOM-0204,14,El Tornillo Hardware
02-Aug-26,ORD-100611,SKU-DAI-0070,7,Lince Vet Center
02-Aug-26,ORD-100612,SKU-DAI-0070,9,Delta Construction
2026-08-02,ORD-100612,SKU-BEV-0242,22,Lince Vet Center
02/08/2026,ORD-100612,SKU-DAI-0070,3,Lucero Minimarket
2026-08-02,ORD-100613,SKU-BEV-0180,17,Happy Pet Store
02-Aug-26,ORD-100613,SKU-FRO-0220,7,El Tornillo Hardware
02-Aug-26,ORD-100614,SKU-HOM-0286,6,La Lucha Restaurant
02/08/2026,ORD-100614,SKU-TOO-0080,6,Wong North Supermarkets
02-Aug-26,ORD-100614,SKU-PET-0173,9,Lince Vet Center
2026-08-02,ORD-100615,SKU-CLE-0141,17,Happy Pet Store
2026-08-02,ORD-100616,SKU-DAI-0072,7,Lince Vet Center
02/08/2026,ORD-100617,SKU-OFF-0257,10,Inkafarma Comas Pharmacy
2026-08-02,ORD-100618,SKU-OFF-0010,5,El Tornillo Hardware
2026-08-02,ORD-100618,SKU-DAI-0303,3,Delta Construction
2026-08-02,ORD-100619,SKU-PET-0155,1,Delta Construction
02-Aug-26,ORD-100619,SKU-TOO-0069,6,Lince Vet Center
02-Aug-26,ORD-100619,SKU-FRO-0213,18,Lince Vet Center
2026-08-02,ORD-100621,SKU-BEA-0308,5,San Martin Corner Store
02-Aug-26,ORD-100621,SKU-DAI-0303,4,El Tornillo Hardware
2026-08-02,ORD-100622,SKU-FRO-0238,1,San Martin Corner Store
2026-08-02,ORD-100622,SKU-DAI-0303,2,Andean Group Offices
02/08/2026,ORD-100623,SKU-CLE-0276,10,El Tornillo Hardware
02-Aug-26,ORD-100623,SKU-GAR-0287,1,Delta Construction
02/08/2026,ORD-100623,SKU-CLE-0263,12,Lucero Minimarket
2026-08-02,ORD-100624,SKU-HOM-0316,7,Inkafarma Comas Pharmacy
02-Aug-26,ORD-100625,SKU-SNA-0030,18,San Martin Corner Store
02-Aug-26,ORD-100626,SKU-FRO-0179,8,Delta Construction
02/08/2026,ORD-100626,SKU-PET-0106,9,Delta Construction
02-Aug-26,ORD-100626,SKU PET 0017,4,Happy Pet Store
02/08/2026,ORD-100627,SKU-FRO-0109,1,Lucero Minimarket
2026-08-02,ORD-100628,SKU-HOM-0020,5,Wong North Supermarkets
2026-08-02,ORD-100629,SKU-BEA-0034,10,Inkafarma Comas Pharmacy
02-Aug-26,ORD-100629,SKU-HOM-0208,5,Happy Pet Store
02-Aug-26,ORD-100631,SKU-FRO-0267,14,Andean Group Offices
02-Aug-26,ORD-100631,SKU-CLE-0248,2,El Tornillo Hardware
02-Aug-26,ORD-100631,SKU-TOO-0131,15,Happy Pet Store
02/08/2026,ORD-100633, SKU-DAI-0169,12,El Tornillo Hardware
02/08/2026,ORD-100633,SKU-FRO-0014,8,Lucero Minimarket
02/08/2026,ORD-100634,SKU-GAR-0111,1,Lucero Minimarket
02-Aug-26,ORD-100634,SKU-PET-0146,12,Wong North Supermarkets
02/08/2026,ORD-100635, SKU-TOO-0216,12,Andean Group Offices
02-Aug-26,ORD-100636,SKU-FRO-0109,6,Andean Group Offices
02-Aug-26,ORD-100636,SKU-FRO-0246,2,La Lucha Restaurant
02-Aug-26,ORD-100636,SKU-OFF-0284,9,Lince Vet Center
2026-08-02,ORD-100638,SKU-OFF-0010,8,Wong North Supermarkets
2026-08-02,ORD-100639,SKU-PET-0155,27,Happy Pet Store
2026-08-02,ORD-100639,SKU-TOO-0125,6,El Tornillo Hardware
02-Aug-26,ORD-100639,SKU-HOM-0065,7,La Lucha Restaurant
02/08/2026,ORD-100640,SKU-BEA-0215,11,Andean Group Offices
02-Aug-26,ORD-100640,SKU-CLE-0018,1,Inkafarma Comas Pharmacy
02-Aug-26,ORD-100641,SKU-BEV-0180,7,Inkafarma Comas Pharmacy
02-Aug-26,ORD-100641,SKU-SNA-0188,3,San Martin Corner Store
02/08/2026,ORD-100642,SKU-HOM-0015,8,Wong North Supermarkets
2026-08-02,ORD-100642,SKU-OFF-0249,5,Wong North Supermarkets
02/08/2026,ORD-100642,SKU-OFF-0257,6,Andean Group Offices
2026-08-02,ORD-100643,SKU-BEA-0177,6,San Martin Corner Store
02/08/2026,ORD-100643,SKU-FRO-0114,7,Lucero Minimarket
02-Aug-26,ORD-100644,SKU-BEA-0119,7,Delta Construction
02/08/2026,ORD-100644,SKU-PET-0217,4,Lince Vet Center
2026-08-02,ORD-100644,SKU-FRO-0114,9,Andean Group Offices
02-Aug-26,ORD-100645,SKU-BEV-0033,4,Lince Vet Center
02/08/2026,ORD-100645,SKU-PET-0102,3,Happy Pet Store
2026-08-02,ORD-100646,SKU-DAI-0082,5,Lince Vet Center
2026-08-02,ORD-100646,SKU-FRO-0278,11,Lince Vet Center
2026-08-02,ORD-100647,SKU-CLE-0248,6,Lucero Minimarket
02-Aug-26,ORD-100647,SKU-BEV-0180,13,Wong North Supermarkets
02/08/2026,ORD-100647,SKU-HOM-0089,9,Delta Construction
02-Aug-26,ORD-100648,SKU-PET-0304,20,Lucero Minimarket
2026-08-02,ORD-100648,SKU-DAI-0123,5,San Martin Corner Store
02/08/2026,ORD-100649,SKU-PET-0146,8,El Tornillo Hardware
02/08/2026,ORD-100651,SKU-TOO-0172,17,Lucero Minimarket
02/08/2026,ORD-100651,SKU-DAI-0164,5,Lucero Minimarket
02/08/2026,ORD-100651,SKU-GAR-0039,5,El Tornillo Hardware
02-Aug-26,ORD-100652,SKU-DAI-0082,5,Lince Vet Center
02/08/2026,ORD-100652,SKU-OFF-0140,14,Lince Vet Center
02-Aug-26,ORD-100653,SKU-PET-0040,10,Happy Pet Store
2026-08-02,ORD-100653,SKU-CLE-0263,2,Happy Pet Store
2026-08-02,ORD-100654,SKU-DAI-0184,6,Inkafarma Comas Pharmacy
02-Aug-26,ORD-100654,SKU-OFF-0283,8,La Lucha Restaurant
2026-08-02,ORD-100655,SKU-HOM-0316,6,Lince Vet Center
2026-08-02,ORD-100655,SKU-FRO-0267,14,Inkafarma Comas Pharmacy
2026-08-02,ORD-100655,SKU-DAI-0169,15,San Martin Corner Store
2026-08-02,ORD-100656,SKU-BEA-0312,21,La Lucha Restaurant
2026-08-02,ORD-100656,SKU-DAI-0303,3,La Lucha Restaurant
02/08/2026,ORD-100657,SKU-PET-0217,10,Delta Construction
2026-08-02,ORD-100657,SKU-CLE-0240,24,Happy Pet Store
02-Aug-26,ORD-100657,SKU-DAI-0082,2,Lucero Minimarket
02/08/2026,ORD-100658,SKU-DAI-0072,15,Lince Vet Center
2026-08-02,ORD-100659,SKU-FRO-0288,3,Inkafarma Comas Pharmacy
2026-08-02,ORD-100659,SKU-GAR-0157,25,Andean Group Offices
02-Aug-26,ORD-100660,SKU-BEV-0202,2,La Lucha Restaurant
02-Aug-26,ORD-100660,SKU-BEA-0151,5,Andean Group Offices
02-Aug-26,ORD-100660,SKU-BEA-0142,6,La Lucha Restaurant
2026-08-02,ORD-100661,SKU-PET-0040,18,Happy Pet Store
2026-08-02,ORD-100661,SKU-CLE-0141,17,La Lucha Restaurant
02/08/2026,ORD-100661,SKU-FRO-0272,7,Lucero Minimarket
02-Aug-26,ORD-100662,SKU-DAI-0303,1,Inkafarma Comas Pharmacy
02/08/2026,ORD-100662,SKU-BEV-0202,1,Happy Pet Store
2026-08-02,ORD-100662,SKU-FRO-0196,4,Happy Pet Store
02/08/2026,ORD-100663,SKU-BEV-0033,4,Happy Pet Store
02/08/2026,ORD-100663,SKU-CLE-0018,6,Delta Construction
2026-08-02,ORD-100664,SKU-GAR-0157,5,Lucero Minimarket
02/08/2026,ORD-100665,SKU-PET-0087,3,San Martin Corner Store
02/08/2026,ORD-100665,SKU-DAI-0169,14,El Tornillo Hardware
02/08/2026,ORD-100665,SKU-BEV-0033,4,Andean Group Offices
02-Aug-26,ORD-100666,SKU-GAR-0039,9,Lince Vet Center
02/08/2026,ORD-100666,SKU-CLE-0248,4,Delta Construction
02/08/2026,ORD-100667,SKU-TOO-0026,3,La Lucha Restaurant
2026-08-02,ORD-100667,SKU-TOO-0080,2,Inkafarma Comas Pharmacy
02/08/2026,ORD-100668,SKU-BEV-0202,4,El Tornillo Hardware
2026-08-02,ORD-100668,SKU-FRO-0014,16,Wong North Supermarkets
02/08/2026,ORD-100669,SKU-DAI-0184,12,Lince Vet Center
02-Aug-26,ORD-100669,SKU-FRO-0278,11,Lince Vet Center
02-Aug-26,ORD-100669,SKU-DAI-0070,6,Inkafarma Comas Pharmacy
02/08/2026,ORD-100670,SKU-DAI-0070,2,Happy Pet Store
02-Aug-26,ORD-100670,SKU-BEA-0019,12,Happy Pet Store
02-Aug-26,ORD-100670,SKU-DAI-0054,4,San Martin Corner Store
02-Aug-26,ORD-100671,SKU-FRO-0296,14,Delta Construction
02/08/2026,ORD-100671,SKU-PET-0217,9,Wong North Supermarkets
02-Aug-26,ORD-100671, SKU-HOM-0204,1,Happy Pet Store
02/08/2026,ORD-100672,SKU-PET-0040,16,La Lucha Restaurant
02-Aug-26,ORD-100672,SKU-TOO-0279,2,Inkafarma Comas Pharmacy
02/08/2026,ORD-100673, SKU-BEV-0058,11,La Lucha Restaurant
2026-08-02,ORD-100673,SKU-PET-0173,10,Lince Vet Center
03/08/2026,ORD-100674,SKU-HOM-0065,11,Wong North Supermarkets
03/08/2026,ORD-100675,SKU PET 0318,19,Lucero Minimarket
2026-08-03,ORD-100675,SKU-TOO-0172,8,Inkafarma Comas Pharmacy
2026-08-03,ORD-100677,SKU-FRO-0288,3,La Lucha Restaurant
03-Aug-26,ORD-100677,SKU-DAI-0164,5,San Martin Corner Store
03/08/2026,ORD-100677,SKU-CLE-0041,1,El Tornillo Hardware
03/08/2026,ORD-100678,SKU-DAI-0003,15,La Lucha Restaurant
03-Aug-26,ORD-100679,SKU-SNA-0244,16,San Martin Corner Store
2026-08-03,ORD-100679,SKU-BEV-0005,4,Wong North Supermarkets
03/08/2026,ORD-100680,SKU-BEA-0310,9,El Tornillo Hardware
03/08/2026,ORD-100680,SKU-OFF-0257,1,Lince Vet Center
2026-08-03,ORD-100681,SKU-FRO-0109,2,Lucero Minimarket
03-Aug-26,ORD-100681,sku-pet-0087,6,El Tornillo Hardware
03/08/2026,ORD-100682,SKU-DAI-0303,4,Happy Pet Store
03-Aug-26,ORD-100683,SKU-FRO-0238,7,Lucero Minimarket
03/08/2026,ORD-100684,SKU-FRO-0203,22,Wong North Supermarkets
03-Aug-26,ORD-100684,SKU-PET-0017,1,Inkafarma Comas Pharmacy
03/08/2026,ORD-100686,SKU-CLE-0108,3,Happy Pet Store
03-Aug-26,ORD-100686,SKU-FRO-0278,9,Inkafarma Comas Pharmacy
2026-08-03,ORD-100687,SKU-OFF-0249,3,Andean Group Offices
03/08/2026,ORD-100688,SKU-DAI-0184,5,Wong North Supermarkets
03-Aug-26,ORD-100688,SKU-HAR-0285,22,El Tornillo Hardware
03/08/2026,ORD-100689,SKU-TOO-0295,4,Lucero Minimarket
03-Aug-26,ORD-100691,SKU-GAR-0039,1,Andean Group Offices
2026-08-03,ORD-100692, SKU-BEV-0176,7,San Martin Corner Store
2026-08-03,ORD-100692,SKU-OFF-0060,14,Delta Construction
03-Aug-26,ORD-100693,SKU-CLE-0263,6,La Lucha Restaurant
03/08/2026,ORD-100693,SKU-TOO-0200,18,Wong North Supermarkets
03/08/2026,ORD-100693,SKU-OFF-0284,21,Lucero Minimarket
2026-08-03,ORD-100694,SKU-PET-0270,7,Lucero Minimarket
03-Aug-26,ORD-100694,SKU-FRO-0196,1,Andean Group Offices
03/08/2026,ORD-100695,SKU-BEV-0202,2,Andean Group Offices
03-Aug-26,ORD-100695,SKU-PET-0076,2,El Tornillo Hardware
03-Aug-26,ORD-100695,SKU-BEA-0177,1,Lince Vet Center
03/08/2026,ORD-100696,SKU-PET-0227,2,Delta Construction
03-Aug-26,ORD-100696,SKU-BEA-0151,4,Happy Pet Store
03/08/2026,ORD-100697,SKU-BEA-0291,1,San Martin Corner Store
03-Aug-26,ORD-100698,SKU-DAI-0082,5,Wong North Supermarkets
03-Aug-26,ORD-100699,SKU-HAR-0237,10,Inkafarma Comas Pharmacy
03/08/2026,ORD-100699,SKU-SNA-0292,11,La Lucha Restaurant
2026-08-03,ORD-100699,SKU-FRO-0278,9,Andean Group Offices
03/08/2026,ORD-100700,SKU-BEV-0180,11,Inkafarma Comas Pharmacy
2026-08-03,ORD-100700,SKU-BEV-0180,9,Lince Vet Center
03-Aug-26,ORD-100701,SKU-FRO-0267,7,San Martin Corner Store
2026-08-03,ORD-100701,SKU-FRO-0272,14,San Martin Corner Store
03/08/2026,ORD-100701,SKU-DAI-0070,3,Inkafarma Comas Pharmacy
03-Aug-26,ORD-100702,SKU-TOO-0279,3,El Tornillo Hardware
2026-08-03,ORD-100702,SKU-TOO-0125,12,Lucero Minimarket
03/08/2026,ORD-100703,SKU-HAR-0309,6,El Tornillo Hardware
03-Aug-26,ORD-100703,SKU-OFF-0284,18,Delta Construction
03/08/2026,ORD-100704,SKU-BEV-0058,3,Lucero Minimarket
2026-08-03,ORD-100704,SKU-TOO-0295,13,Wong North Supermarkets
03-Aug-26,ORD-100704,SKU-HOM-0065,10,Andean Group Offices
2026-08-03,ORD-100705,SKU-GAR-0195,15,El Tornillo Hardware
2026-08-03,ORD-100705,SKU-CLE-0263,11,San Martin Corner Store
2026-08-03,ORD-100706,SKU-BEV-0202,1,Inkafarma Comas Pharmacy
2026-08-03,ORD-100707,SKU-FRO-0213,20,Wong North Supermarkets
03/08/2026,ORD-100707,SKU-PET-0102,5,Lucero Minimarket
03/08/2026,ORD-100707,SKU-FRO-0136,8,Lince Vet Center
03-Aug-26,ORD-100708,SKU-FRO-0220,8,El Tornillo Hardware
03/08/2026,ORD-100708,SKU-FRO-0179,8,El Tornillo Hardware
03-Aug-26,ORD-100709,SKU-HOM-0204,9,Wong North Supermarkets
2026-08-03,ORD-100709,SKU-DAI-0123,5,Lince Vet Center
03/08/2026,ORD-100709,SKU-OFF-0074,8,El Tornillo Hardware
03-Aug-26,ORD-100710,SKU-BEA-0264,8,Happy Pet Store
03/08/2026,ORD-100710,SKU-HOM-0316,2,Delta Construction
03-Aug-26,ORD-100710,SKU-HOM-0262,3,Happy Pet Store
03-Aug-26,ORD-100711,SKU-FRO-0114,9,San Martin Corner Store
03/08/2026,ORD-100711,SKU-CLE-0018,24,San Martin Corner Store
03-Aug-26,ORD-100712,SKU-FRO-0267,5,Inkafarma Comas Pharmacy
03/08/2026,ORD-100712,SKU-DAI-0164,3,Wong North Supermarkets
03/08/2026,ORD-100713,SKU-GAR-0287,7,La Lucha Restaurant
03-Aug-26,ORD-100713,SKU-HAR-0285,1,La Lucha Restaurant
2026-08-03,ORD-100714,SKU-BEA-0310,11,Delta Construction
2026-08-03,ORD-100714,SKU-CLE-0282,9,El Tornillo Hardware
2026-08-03,ORD-100715,SKU-FRO-0267,6,Happy Pet Store
2026-08-03,ORD-100715,SKU-FRO-0014,9,Lucero Minimarket
03-Aug-26,ORD-100716,SKU-PET-0217,12,Inkafarma Comas Pharmacy
03/08/2026,ORD-100716,SKU-FRO-0179,9,San Martin Corner Store
2026-08-03,ORD-100717,SKU-OFF-0236,12,Inkafarma Comas Pharmacy
2026-08-03,ORD-100717,SKU-CLE-0263,9,El Tornillo Hardware
03/08/2026,ORD-100718,SKU-PET-0318,14,Delta Construction
2026-08-03,ORD-100718,SKU-CLE-0263,11,San Martin Corner Store
03/08/2026,ORD-100719,SKU-BEV-0037,3,Lucero Minimarket
2026-08-03,ORD-100720,SKU-DAI-0003,17,Lince Vet Center
03-Aug-26,ORD-100721,SKU-DAI-0169,3,Lucero Minimarket
03-Aug-26,ORD-100721,SKU-FRO-0136,8,San Martin Corner Store
03-Aug-26,ORD-100722,SKU-DAI-0313,8,Lince Vet Center
03-Aug-26,ORD-100722,SKU-BEV-0033,2,Andean Group Offices
2026-08-03,ORD-100722,SKU-SNA-0292,6,El Tornillo Hardware
03/08/2026,ORD-100723,SKU-CLE-0240,22,La Lucha Restaurant
03/08/2026,ORD-100723,sku-dai-0184,11,Andean Group Offices
03/08/2026,ORD-100723,SKU-TOO-0131,18,Inkafarma Comas Pharmacy
03/08/2026,ORD-100724,SKU-DAI-0070,9,Andean Group Offices
2026-08-03,ORD-100724,SKU-BEA-0215,13,Lince Vet Center
03-Aug-26,ORD-100724,SKU-FRO-0109,7,San Martin Corner Store
03/08/2026,ORD-100725,SKU-FRO-0203,9,San Martin Corner Store
03/08/2026,ORD-100725,SKU-DAI-0184,17,San Martin Corner Store
03-Aug-26,ORD-100726,SKU-BEA-0291,7,Inkafarma Comas Pharmacy
03/08/2026,ORD-100727,SKU-FRO-0238,12,Delta Construction
2026-08-03,ORD-100727,SKU-BEV-0219,5,Happy Pet Store
03-Aug-26,ORD-100728,SKU-PET-0102,2,Delta Construction
03/08/2026,ORD-100728,SKU-OFF-0259,10,Lince Vet Center
03/08/2026,ORD-100729,SKU-HOM-0020,3,El Tornillo Hardware
03-Aug-26,ORD-100729,SKU-TOO-0216,24,El Tornillo Hardware
2026-08-03,ORD-100730,SKU-SNA-0100,19,Lucero Minimarket
03-Aug-26,ORD-100731,SKU-DAI-0082,2,Lince Vet Center
2026-08-03,ORD-100731,SKU-FRO-0090,2,Inkafarma Comas Pharmacy
03-Aug-26,ORD-100732,SKU-SNA-0030,19,Lince Vet Center
03-Aug-26,ORD-100732,SKU-DAI-0169,5,Wong North Supermarkets
03-Aug-26,ORD-100733,SKU-PET-0017,2,Lince Vet Center
2026-08-03,ORD-100733,SKU-GAR-0021,4,Lucero Minimarket
03-Aug-26,ORD-100735,SKU-BEV-0273,3,Inkafarma Comas Pharmacy
03/08/2026,ORD-100735,SKU-FRO-0085,12,Lucero Minimarket
2026-08-03,ORD-100736,SKU-PET-0155,26,El Tornillo Hardware
2026-08-03,ORD-100736,SKU-HAR-0254,4,Lucero Minimarket
2026-08-03,ORD-100736,SKU-DAI-0070,5,Happy Pet Store
03/08/2026,ORD-100737,SKU-OFF-0140,12,Lucero Minimarket
2026-08-03,ORD-100738,SKU-FRO-0246,4,Happy Pet Store
2026-08-03,ORD-100738,SKU-OFF-0043,8,Inkafarma Comas Pharmacy
2026-08-03,ORD-100739,SKU-HAR-0266,17,Lucero Minimarket
03/08/2026,ORD-100740,SKU-GAR-0047,1,Inkafarma Comas Pharmacy
03/08/2026,ORD-100740,SKU-GAR-0111,10,Inkafarma Comas Pharmacy
03/08/2026,ORD-100741,SKU-PET-0106,13,San Martin Corner Store
2026-08-03,ORD-100741,SKU-DAI-0303,2,San Martin Corner Store
03/08/2026,ORD-100741,SKU-BEV-0150,3,Inkafarma Comas Pharmacy
03-Aug-26,ORD-100742,SKU-DAI-0123,6,Lucero Minimarket
03/08/2026,ORD-100742,SKU FRO 0213,14,Happy Pet Store
2026-08-03,ORD-100742,SKU-BEV-0219,1,Lince Vet Center
03-Aug-26,ORD-100743,SKU-BEV-0176,8,Inkafarma Comas Pharmacy
2026-08-03,ORD-100743,SKU-SNA-0097,5,Wong North Supermarkets
03-Aug-26,ORD-100743,SKU-OFF-0010,8,La Lucha Restaurant
03/08/2026,ORD-100744,SKU-TOO-0154,8,Inkafarma Comas Pharmacy
2026-08-03,ORD-100745,SKU-FRO-0213,14,Lince Vet Center
03/08/2026,ORD-100746,SKU-PET-0040,17,Happy Pet Store
03/08/2026,ORD-100746,SKU-DAI-0123,2,San Martin Corner Store
2026-08-03,ORD-100747,SKU-OFF-0228,1,El Tornillo Hardware
2026-08-03,ORD-100747,SKU-PET-0024,11,Andean Group Offices
03/08/2026,ORD-100747,SKU-SNA-0315,1,Wong North Supermarkets
03/08/2026,ORD-100748,SKU-BEA-0148,1,Lucero Minimarket
03/08/2026,ORD-100748,SKU-OFF-0007,4,Lince Vet Center
03/08/2026,ORD-100749,SKU-DAI-0313,13,Andean Group Offices
03-Aug-26,ORD-100749,SKU-DAI-0003,19,Lucero Minimarket
03/08/2026,ORD-100750,SKU-OFF-0283,10,Wong North Supermarkets
03-Aug-26,ORD-100751,SKU-FRO-0296,2,Inkafarma Comas Pharmacy
03/08/2026,ORD-100751,SKU-OFF-0225,11,Inkafarma Comas Pharmacy
2026-08-03,ORD-100751,SKU-SNA-0171,11,Lince Vet Center
03-Aug-26,ORD-100752,SKU-DAI-0123,8,San Martin Corner Store
03/08/2026,ORD-100752,SKU-DAI-0184,11,Happy Pet Store
2026-08-03,ORD-100753,SKU-GAR-0021,2,San Martin Corner Store
03-Aug-26,ORD-100753,SKU-DAI-0169,2,El Tornillo Hardware
03-Aug-26,ORD-100753,SKU-HAR-0285,21,Wong North Supermarkets
03/08/2026,ORD-100754,SKU-HOM-0065,12,La Lucha Restaurant
2026-08-03,ORD-100754,SKU-DAI-0123,5,Andean Group Offices
03-Aug-26,ORD-100755,SKU-SNA-0315,9,Lucero Minimarket
03-Aug-26,ORD-100755,SKU-PET-0318,3,Andean Group Offices
2026-08-03,ORD-100755,SKU-HOM-0089,9,Lince Vet Center
2026-08-03,ORD-100756,SKU-FRO-0238,9,Andean Group Offices
2026-08-03,ORD-100756,SKU-FRO-0203,20,Lince Vet Center
03-Aug-26,ORD-100757,SKU-PET-0217,3,Inkafarma Comas Pharmacy
03-Aug-26,ORD-100757,SKU-DAI-0054,5,La Lucha Restaurant
03/08/2026,ORD-100758,SKU-HOM-0289,11,Happy Pet Store
2026-08-03,ORD-100758,SKU-DAI-0082,10,Andean Group Offices
03-Aug-26,ORD-100758,SKU-GAR-0120,13,La Lucha Restaurant
03/08/2026,ORD-100760,SKU-SNA-0046,10,Lucero Minimarket
03-Aug-26,ORD-100760,SKU-CLE-0108,5,La Lucha Restaurant
03-Aug-26,ORD-100760,SKU-BEV-0037,6,Delta Construction
03/08/2026,ORD-100761,SKU-DAI-0313,16,Wong North Supermarkets
03/08/2026,ORD-100761,SKU-DAI-0003,18,Delta Construction
2026-08-03,ORD-100762,SKU-OFF-0236,10,Andean Group Offices
2026-08-03,ORD-100762,SKU-GAR-0021,8,Lince Vet Center
03-Aug-26,ORD-100762,SKU-OFF-0249,3,Wong North Supermarkets
2026-08-03,ORD-100763,SKU-HOM-0316,4,Happy Pet Store
03-Aug-26,ORD-100763,SKU-CLE-0108,4,El Tornillo Hardware
03-Aug-26,ORD-100764,SKU-TOO-0210,3,Lucero Minimarket
03/08/2026,ORD-100764,SKU-DAI-0184,17,San Martin Corner Store
03-Aug-26,ORD-100765,SKU-FRO-0014,7,San Martin Corner Store
2026-08-03,ORD-100766,SKU-GAR-0157,26,La Lucha Restaurant
03/08/2026,ORD-100767,SKU-SNA-0051,4,Inkafarma Comas Pharmacy
2026-08-03,ORD-100767,SKU-FRO-0090,20,Delta Construction
03-Aug-26,ORD-100768,SKU-CLE-0108,11,Lucero Minimarket
03/08/2026,ORD-100768,SKU-DAI-0003,6,Delta Construction
03/08/2026,ORD-100769,SKU-FRO-0238,5,Andean Group Offices
2026-08-03,ORD-100769,SKU-FRO-0272,2,La Lucha Restaurant
03-Aug-26,ORD-100770,SKU-OFF-0043,9,Lucero Minimarket
2026-08-03,ORD-100770,SKU-SNA-0244,26,Delta Construction
03/08/2026,ORD-100770,SKU-BEV-0176,4,Andean Group Offices
03/08/2026,ORD-100771,SKU-DAI-0303,3,Lucero Minimarket
03/08/2026,ORD-100771,SKU-BEA-0191,5,Wong North Supermarkets
03-Aug-26,ORD-100773,SKU-OFF-0259,6,Wong North Supermarkets
03/08/2026,ORD-100773,SKU-BEA-0126,4,Delta Construction
03-Aug-26,ORD-100773,SKU-GAR-0153,12,Wong North Supermarkets
2026-08-03,ORD-100775,SKU-OFF-0140,8,La Lucha Restaurant
03/08/2026,ORD-100776,SKU BEA 0151,3,San Martin Corner Store
2026-08-03,ORD-100776,SKU-BEV-0174,4,Delta Construction
2026-08-03,ORD-100776,SKU-BEV-0084,22,Lucero Minimarket
03/08/2026,ORD-100777,SKU-BEV-0005,3,La Lucha Restaurant
03/08/2026,ORD-100778,SKU-BEV-0180,2,Lince Vet Center
03/08/2026,ORD-100779,SKU-GAR-0153,8,Lucero Minimarket
2026-08-03,ORD-100779,SKU-PET-0227,5,Andean Group Offices
2026-08-03,ORD-100779,SKU-BEA-0312,11,Wong North Supermarkets
03-Aug-26,ORD-100780,SKU-DAI-0184,14,Delta Construction
2026-08-03,ORD-100782,SKU-CLE-0018,21,Inkafarma Comas Pharmacy
2026-08-03,ORD-100782,SKU-DAI-0054,2,San Martin Corner Store
03/08/2026,ORD-100782,SKU-TOO-0122,5,El Tornillo Hardware
03-Aug-26,ORD-100783,SKU-TOO-0026,9,El Tornillo Hardware
2026-08-03,ORD-100783,SKU-BEA-0126,5,Happy Pet Store
2026-08-03,ORD-100783,SKU-BEA-0177,2,Delta Construction
03-Aug-26,ORD-100784,SKU-TOO-0131,20,Inkafarma Comas Pharmacy
03/08/2026,ORD-100785,SKU-HOM-0089,6,Andean Group Offices
03-Aug-26,ORD-100785,SKU-GAR-0153,7,Lucero Minimarket
2026-08-03,ORD-100786,SKU-HOM-0262,7,El Tornillo Hardware
2026-08-03,ORD-100786,SKU-OFF-0257,6,Inkafarma Comas Pharmacy
03/08/2026,ORD-100787,SKU-CLE-0041,18,San Martin Corner Store
03/08/2026,ORD-100787,SKU-DAI-0082,4,El Tornillo Hardware
2026-08-03,ORD-100789,SKU-BEA-0291,2,La Lucha Restaurant
2026-08-03,ORD-100789,SKU-GAR-0195,19,Inkafarma Comas Pharmacy
03-Aug-26,ORD-100790,SKU-BEA-0062,4,Andean Group Offices
2026-08-03,ORD-100790,SKU-CLE-0248,8,Inkafarma Comas Pharmacy
03/08/2026,ORD-100790,SKU-DAI-0184,18,Delta Construction
03/08/2026,ORD-100791,SKU-OFF-0257,5,Inkafarma Comas Pharmacy
2026-08-03,ORD-100792,SKU-CLE-0061,11,Andean Group Offices
2026-08-03,ORD-100792,SKU-DAI-0184,18,Delta Construction
03-Aug-26,ORD-100792,SKU-HOM-0204,11,Delta Construction
03/08/2026,ORD-100793,SKU-BEA-0168,8,Andean Group Offices
03-Aug-26,ORD-100794,SKU-GAR-0195,3,Andean Group Offices
03/08/2026,ORD-100795,SKU-BEA-0019,11,Delta Construction
2026-08-03,ORD-100796,SKU-DAI-0164,1,Lince Vet Center
2026-08-03,ORD-100796,SKU-FRO-0090,3,Lucero Minimarket
2026-08-03,ORD-100797,SKU-PET-0087,3,Wong North Supermarkets
03-Aug-26,ORD-100797,SKU-SNA-0315,17,Inkafarma Comas Pharmacy
03/08/2026,ORD-100797,SKU-BEA-0151,1,San Martin Corner Store
03-Aug-26,ORD-100798,SKU-TOO-0080,4,Andean Group Offices
03-Aug-26,ORD-100798,SKU-BEV-0058,26,Delta Construction
2026-08-03,ORD-100798,SKU-OFF-0228,14,Lucero Minimarket
03-Aug-26,ORD-100799,SKU-DAI-0082,5,Happy Pet Store
2026-08-03,ORD-100800,SKU-TOO-0221,4,Lucero Minimarket
2026-08-03,ORD-100800,SKU-OFF-0284,12,Andean Group Offices
03-Aug-26,ORD-100801,SKU-OFF-0259,18,Lince Vet Center
03-Aug-26,ORD-100801,SKU-HOM-0112,15,Inkafarma Comas Pharmacy
03-Aug-26,ORD-100802,SKU-PET-0024,20,Happy Pet Store
03-Aug-26,ORD-100803,SKU-FRO-0179,3,Delta Construction
03-Aug-26,ORD-100803,SKU-DAI-0072,3,Inkafarma Comas Pharmacy
03-Aug-26,ORD-100804,SKU-DAI-0072,2,Andean Group Offices
03/08/2026,ORD-100805,SKU-FRO-0261,1,Inkafarma Comas Pharmacy
03-Aug-26,ORD-100806,SKU-FRO-0213,21,La Lucha Restaurant
03/08/2026,ORD-100807,SKU-OFF-0249,7,Andean Group Offices
03-Aug-26,ORD-100808,SKU-FRO-0203,9,Delta Construction
03/08/2026,ORD-100808,SKU-BEA-0034,16,El Tornillo Hardware
2026-08-03,ORD-100809,SKU-TOO-0279,6,Inkafarma Comas Pharmacy
03/08/2026,ORD-100809,SKU-OFF-0283,8,Andean Group Offices
2026-08-03,ORD-100810,SKU-PET-0270,8,La Lucha Restaurant
03/08/2026,ORD-100810,SKU-BEV-0118,5,Lucero Minimarket
03-Aug-26,ORD-100811,SKU-GAR-0039,7,El Tornillo Hardware
2026-08-03,ORD-100811,SKU-CLE-0018,21,Lince Vet Center
03/08/2026,ORD-100811,SKU-HOM-0089,1,Inkafarma Comas Pharmacy
03-Aug-26,ORD-100812,SKU-HOM-0065,9,Lince Vet Center
03-Aug-26,ORD-100812,SKU-HOM-0127,14,Inkafarma Comas Pharmacy
2026-08-03,ORD-100813,SKU-TOO-0245,22,El Tornillo Hardware
03/08/2026,ORD-100814,SKU-FRO-0090,21,La Lucha Restaurant
2026-08-03,ORD-100814,SKU-DAI-0184,12,Delta Construction
03/08/2026,ORD-100815,SKU-BEA-0019,10,Andean Group Offices
2026-08-03,ORD-100815,SKU-BEA-0312,4,Lince Vet Center
03/08/2026,ORD-100816,SKU-BEV-0033,2,Lince Vet Center
03/08/2026,ORD-100816,SKU-DAI-0082,6,San Martin Corner Store
03-Aug-26,ORD-100817,SKU-GAR-0113,15,La Lucha Restaurant
03-Aug-26,ORD-100817,SKU-DAI-0072,13,Inkafarma Comas Pharmacy
2026-08-03,ORD-100818,SKU-FRO-0114,8,Happy Pet Store
03/08/2026,ORD-100819,SKU-TOO-0080,5,Delta Construction
03-Aug-26,ORD-100820,SKU-FRO-0288,3,Wong North Supermarkets
03-Aug-26,ORD-100820,SKU-FRO-0288,3,Lince Vet Center
03-Aug-26,ORD-100820,SKU-OFF-0257,5,San Martin Corner Store
03/08/2026,ORD-100821,SKU-DAI-0313,7,San Martin Corner Store
03-Aug-26,ORD-100821,SKU-PET-0146,3,Wong North Supermarkets
2026-08-03,ORD-100822,SKU-GAR-0111,10,Delta Construction
2026-08-03,ORD-100822,SKU-OFF-0284,12,Wong North Supermarkets
03-Aug-26,ORD-100822,SKU-BEA-0142,12,Wong North Supermarkets
03/08/2026,ORD-100823,SKU-TOO-0210,7,El Tornillo Hardware
2026-08-03,ORD-100823,SKU-FRO-0296,13,Delta Construction
03-Aug-26,ORD-100824,SKU-OFF-0225,1,Lince Vet Center
03-Aug-26,ORD-100824,SKU-SNA-0057,11,Wong North Supermarkets
03-Aug-26,ORD-100824,SKU-DAI-0164,4,Inkafarma Comas Pharmacy
03-Aug-26,ORD-100826,SKU-HOM-0065,12,Happy Pet Store
03/08/2026,ORD-100826,SKU-FRO-0196,8,El Tornillo Hardware
03/08/2026,ORD-100827,SKU-OFF-0283,16,Lince Vet Center
03/08/2026,ORD-100828,SKU-HAR-0093,9,Wong North Supermarkets
03-Aug-26,ORD-100828,SKU-SNA-0233,4,Happy Pet Store
2026-08-03,ORD-100829,SKU-BEV-0176,6,Inkafarma Comas Pharmacy
03/08/2026,ORD-100830,SKU-DAI-0169,10,San Martin Corner Store
2026-08-03,ORD-100831,SKU-OFF-0074,16,Lucero Minimarket
03-Aug-26,ORD-100831,SKU-BEA-0177,3,Delta Construction
03/08/2026,ORD-100832,SKU-FRO-0109,5,Inkafarma Comas Pharmacy
03/08/2026,ORD-100832,SKU-HOM-0316,7,Andean Group Offices
2026-08-03,ORD-100833,SKU-OFF-0225,2,San Martin Corner Store
03-Aug-26,ORD-100834,SKU-BEA-0193,3,Wong North Supermarkets
03/08/2026,ORD-100835,SKU-PET-0270,8,Delta Construction
03/08/2026,ORD-100835,SKU-BEA-0138,5,Lucero Minimarket
03/08/2026,ORD-100835,SKU-DAI-0169,6,Happy Pet Store
03/08/2026,ORD-100836,SKU-DAI-0164,2,Lucero Minimarket
03/08/2026,ORD-100836,SKU-SNA-0292,4,La Lucha Restaurant
03/08/2026,ORD-100837,SKU-TOO-0026,1,Inkafarma Comas Pharmacy
2026-08-03,ORD-100837,SKU-HOM-0020,1,Delta Construction
03-Aug-26,ORD-100837,SKU-OFF-0249,5,La Lucha Restaurant
03-Aug-26,ORD-100838,SKU-HAR-0266,14,San Martin Corner Store
2026-08-03,ORD-100839,SKU-FRO-0109,5,Lucero Minimarket
03/08/2026,ORD-100839,SKU-CLE-0018,20,Inkafarma Comas Pharmacy
03/08/2026,ORD-100839,SKU-BEV-0180,3,Inkafarma Comas Pharmacy
03/08/2026,ORD-100840,SKU-FRO-0296,20,El Tornillo Hardware
03/08/2026,ORD-100840,SKU-TOO-0245,20,El Tornillo Hardware
03-Aug-26,ORD-100840,SKU-FRO-0179,1,La Lucha Restaurant
2026-08-03,ORD-100841,SKU-CLE-0231,5,El Tornillo Hardware
2026-08-03,ORD-100841,SKU-PET-0270,2,Happy Pet Store
2026-08-03,ORD-100842,SKU-PET-0217,2,Inkafarma Comas Pharmacy
03/08/2026,ORD-100842,SKU-GAR-0113,7,La Lucha Restaurant
03/08/2026,ORD-100842,SKU-FRO-0090,25,Wong North Supermarkets
03-Aug-26,ORD-100843,SKU-DAI-0164,5,Inkafarma Comas Pharmacy
03/08/2026,ORD-100844,SKU-HOM-0204,16,Lince Vet Center
03-Aug-26,ORD-100844,SKU DAI 0123,1,La Lucha Restaurant
03-Aug-26,ORD-100844,SKU-OFF-0283,17,Delta Construction
2026-08-03,ORD-100845,SKU-OFF-0284,23,Delta Construction
03-Aug-26,ORD-100845,sku-gar-0195,19,Delta Construction
2026-08-03,ORD-100846,SKU BEA 0264,2,El Tornillo Hardware
03-Aug-26,ORD-100846,SKU-DAI-0303,4,Wong North Supermarkets
2026-08-03,ORD-100847,SKU-TOO-0069,10,Lince Vet Center
03/08/2026,ORD-100847,SKU-DAI-0070,5,Inkafarma Comas Pharmacy
03/08/2026,ORD-100848,SKU-SNA-0100,13,La Lucha Restaurant
2026-08-03,ORD-100848,SKU-DAI-0054,2,Wong North Supermarkets
2026-08-03,ORD-100849,SKU-FRO-0114,7,Andean Group Offices
03-Aug-26,ORD-100850,SKU-FRO-0014,4,Lucero Minimarket
03/08/2026,ORD-100852,SKU-PET-0027,16,Wong North Supermarkets
2026-08-03,ORD-100852,SKU-PET-0227,2,La Lucha Restaurant
03/08/2026,ORD-100853,SKU-PET-0227,3,El Tornillo Hardware
03/08/2026,ORD-100853,SKU-DAI-0169,13,Happy Pet Store
03/08/2026,ORD-100854,SKU-SNA-0188,21,Inkafarma Comas Pharmacy
03/08/2026,ORD-100854,SKU-BEA-0163,6,Delta Construction
03/08/2026,ORD-100855,SKU-OFF-0284,7,Lince Vet Center
2026-08-03,ORD-100855,SKU-CLE-0108,10,Wong North Supermarkets
03/08/2026,ORD-100855,SKU-HAR-0237,13,San Martin Corner Store
03-Aug-26,ORD-100858,SKU-HOM-0013,3,Happy Pet Store
03-Aug-26,ORD-100859,SKU-SNA-0223,11,Andean Group Offices
03/08/2026,ORD-100859,SKU-PET-0099,9,San Martin Corner Store
03-Aug-26,ORD-100859,SKU-BEA-0168,4,Wong North Supermarkets
2026-08-03,ORD-100860,SKU-GAR-0153,16,El Tornillo Hardware
2026-08-03,ORD-100861,SKU-BEA-0312,7,La Lucha Restaurant
03-Aug-26,ORD-100862,SKU-FRO-0196,7,Delta Construction
03/08/2026,ORD-100862,SKU-BEV-0192,1,La Lucha Restaurant
03/08/2026,ORD-100862,SKU-BEA-0291,10,Lucero Minimarket
2026-08-03,ORD-100863,SKU-DAI-0054,5,Andean Group Offices
2026-08-03,ORD-100863,SKU-GAR-0021,4,Lince Vet Center
2026-08-03,ORD-100863,SKU-DAI-0169,3,Inkafarma Comas Pharmacy
03-Aug-26,ORD-100864,SKU-OFF-0257,4,La Lucha Restaurant
2026-08-03,ORD-100864,SKU-TOO-0122,11,La Lucha Restaurant
2026-08-03,ORD-100865,SKU-TOO-0080,3,Andean Group Offices
03/08/2026,ORD-100865,SKU-TOO-0172,13,Delta Construction
03/08/2026,ORD-100866,SKU-BEA-0148,2,La Lucha Restaurant
03-Aug-26,ORD-100866,SKU-HOM-0065,1,Delta Construction
03-Aug-26,ORD-100867,SKU-FRO-0090,21,Happy Pet Store
03-Aug-26,ORD-100868,SKU-PET-0102,2,Inkafarma Comas Pharmacy
03/08/2026,ORD-100868,SKU-OFF-0284,2,El Tornillo Hardware
2026-08-03,ORD-100868,SKU-PET-0087,3,Delta Construction
2026-08-03,ORD-100869,SKU-PET-0017,5,Andean Group Offices
2026-08-03,ORD-100870,SKU-DAI-0082,5,Delta Construction
03/08/2026,ORD-100870,SKU-GAR-0111,1,Andean Group Offices
03/08/2026,ORD-100870,SKU-DAI-0070,11,Wong North Supermarkets
2026-08-03,ORD-100871,SKU-DAI-0123,6,San Martin Corner Store
03-Aug-26,ORD-100871,SKU-DAI-0313,9,Wong North Supermarkets
03/08/2026,ORD-100873,SKU-OFF-0249,8,Happy Pet Store
03-Aug-26,ORD-100873,SKU-BEV-0005,2,Happy Pet Store
03-Aug-26,ORD-100873,SKU-PET-0076,8,Lince Vet Center
2026-08-03,ORD-100874,SKU-PET-0155,7,El Tornillo Hardware
03/08/2026,ORD-100875,SKU-HOM-0020,4,Delta Construction
03/08/2026,ORD-100875,SKU-OFF-0228,9,Lucero Minimarket
03/08/2026,ORD-100876,SKU-CLE-0018,19,Lince Vet Center
03/08/2026,ORD-100876,SKU-OFF-0007,6,Happy Pet Store
03/08/2026,ORD-100877,SKU-BEV-0033,2,San Martin Corner Store
2026-08-03,ORD-100878,SKU-FRO-0296,5,La Lucha Restaurant
2026-08-03,ORD-100878,SKU-TOO-0056,2,Lucero Minimarket
2026-08-03,ORD-100878,SKU-DAI-0184,13,La Lucha Restaurant
2026-08-03,ORD-100880,SKU-GAR-0078,4,Happy Pet Store
03-Aug-26,ORD-100881,SKU-PET-0318,14,Lucero Minimarket
03/08/2026,ORD-100882,SKU-FRO-0246,4,Andean Group Offices
03-Aug-26,ORD-100882,SKU-OFF-0257,10,La Lucha Restaurant
03-Aug-26,ORD-100882,SKU-TOO-0154,9,Delta Construction
03/08/2026,ORD-100883,SKU-DAI-0164,3,Lucero Minimarket
03/08/2026,ORD-100884,SKU-PET-0304,19,La Lucha Restaurant
03-Aug-26,ORD-100884,SKU-GAR-0113,21,San Martin Corner Store
03-Aug-26,ORD-100885,SKU PET 0318,17,Andean Group Offices
2026-08-03,ORD-100886, SKU-BEA-0310,7,El Tornillo Hardware
03/08/2026,ORD-100887,SKU-FRO-0278,5,Lince Vet Center
2026-08-03,ORD-100888,SKU-DAI-0082,5,San Martin Corner Store
03/08/2026,ORD-100888,SKU-OFF-0140,14,San Martin Corner Store
2026-08-03,ORD-100888,SKU-HAR-0266,12,Lince Vet Center
2026-08-03,ORD-100889,SKU-BEA-0119,11,Inkafarma Comas Pharmacy
03/08/2026,ORD-100889,SKU-DAI-0184,14,Inkafarma Comas Pharmacy
2026-08-03,ORD-100890,SKU-BEV-0033,4,Wong North Supermarkets
2026-08-03,ORD-100890,SKU-OFF-0259,4,El Tornillo Hardware
2026-08-03,ORD-100891,SKU-BEA-0006,27,Lince Vet Center
2026-08-03,ORD-100891,SKU-PET-0173,1,Andean Group Offices
2026-08-04,ORD-100892,SKU-BEA-0144,5,La Lucha Restaurant
04-Aug-26,ORD-100892,SKU-TOO-0125,8,Lince Vet Center
2026-08-04,ORD-100892,SKU-PET-0227,1,El Tornillo Hardware
2026-08-04,ORD-100893,SKU-GAR-0021,7,San Martin Corner Store
04/08/2026,ORD-100893,SKU-BEV-0037,11,Delta Construction
04/08/2026,ORD-100893,SKU-FRO-0213,7,Lince Vet Center
04-Aug-26,ORD-100894,SKU-DAI-0123,1,El Tornillo Hardware
04-Aug-26,ORD-100894,SKU-SNA-0051,2,La Lucha Restaurant
04/08/2026,ORD-100895,SKU-DAI-0313,20,Andean Group Offices
04-Aug-26,ORD-100895,SKU-HOM-0127,18,San Martin Corner Store
04/08/2026,ORD-100895,SKU-FRO-0085,18,Happy Pet Store
04-Aug-26,ORD-100896,SKU-FRO-0132,14,Wong North Supermarkets
04-Aug-26,ORD-100896,sku-sna-0100,16,San Martin Corner Store
04/08/2026,ORD-100896,SKU-FRO-0196,11,Wong North Supermarkets
04/08/2026,ORD-100897,SKU-FRO-0136,2,Andean Group Offices
2026-08-04,ORD-100897,SKU-DAI-0164,4,Wong North Supermarkets
2026-08-04,ORD-100898,SKU-HOM-0015,11,Lucero Minimarket
04/08/2026,ORD-100898,SKU-GAR-0157,4,La Lucha Restaurant
04-Aug-26,ORD-100899,SKU-OFF-0284,9,Lucero Minimarket
04-Aug-26,ORD-100900,SKU-BEA-0177,2,El Tornillo Hardware
04/08/2026,ORD-100901,SKU-FRO-0203,1,San Martin Corner Store
2026-08-04,ORD-100901,SKU-CLE-0018,9,Happy Pet Store
04/08/2026,ORD-100902,SKU-OFF-0228,13,San Martin Corner Store
04-Aug-26,ORD-100903,SKU OFF 0228,4,Andean Group Offices
04/08/2026,ORD-100904,SKU-DAI-0184,14,Delta Construction
2026-08-04,ORD-100904,SKU-PET-0106,7,El Tornillo Hardware
04/08/2026,ORD-100905,SKU-HOM-0089,8,Delta Construction
2026-08-04,ORD-100906,SKU-OFF-0259,12,Lince Vet Center
04-Aug-26,ORD-100907,SKU-PET-0099,15,El Tornillo Hardware
04/08/2026,ORD-100907,SKU-FRO-0132,8,Lince Vet Center
04/08/2026,ORD-100907,SKU-DAI-0054,2,Inkafarma Comas Pharmacy
04-Aug-26,ORD-100908,SKU-BEV-0176,2,Inkafarma Comas Pharmacy
04-Aug-26,ORD-100908,SKU-HOM-0127,17,Lince Vet Center
2026-08-04,ORD-100909,SKU-GAR-0039,9,Happy Pet Store
2026-08-04,ORD-100910,SKU-BEA-0148,3,Andean Group Offices
04-Aug-26,ORD-100911,SKU-DAI-0303,4,Delta Construction
04-Aug-26,ORD-100911,SKU-PET-0040,22,Delta Construction
04-Aug-26,ORD-100912,SKU-DAI-0184,14,San Martin Corner Store
04-Aug-26,ORD-100912,SKU-TOO-0080,4,Andean Group Offices
04-Aug-26,ORD-100913,SKU-FRO-0220,6,Delta Construction
2026-08-04,ORD-100913,SKU-FRO-0267,12,Delta Construction
04/08/2026,ORD-100914,SKU-SNA-0244,16,El Tornillo Hardware
04/08/2026,ORD-100914,SKU-BEA-0291,8,Lince Vet Center
04/08/2026,ORD-100915,SKU-FRO-0213,9,Inkafarma Comas Pharmacy
04-Aug-26,ORD-100915,SKU-BEV-0202,6,Lince Vet Center
04/08/2026,ORD-100916,SKU-FRO-0278,3,Lince Vet Center
04/08/2026,ORD-100916,SKU-BEA-0019,3,El Tornillo Hardware
04-Aug-26,ORD-100917,SKU-DAI-0082,1,Lucero Minimarket
2026-08-04,ORD-100918,SKU-DAI-0054,2,Delta Construction
2026-08-04,ORD-100918,SKU-DAI-0072,15,Lince Vet Center
04-Aug-26,ORD-100918,SKU-GAR-0157,7,Inkafarma Comas Pharmacy
04/08/2026,ORD-100919,SKU-OFF-0074,5,Happy Pet Store
2026-08-04,ORD-100919,SKU-DAI-0082,6,Lucero Minimarket
2026-08-04,ORD-100919,SKU-TOO-0279,11,La Lucha Restaurant
04-Aug-26,ORD-100920,SKU-BEA-0191,2,La Lucha Restaurant
04-Aug-26,ORD-100920,SKU-FRO-0220,4,Andean Group Offices
04/08/2026,ORD-100920,SKU-FRO-0203,29,San Martin Corner Store
04-Aug-26,ORD-100922,SKU-BEA-0264,7,Inkafarma Comas Pharmacy
2026-08-04,ORD-100922,SKU BEV 0037,5,Happy Pet Store
2026-08-04,ORD-100923,SKU-FRO-0220,7,Lucero Minimarket
04/08/2026,ORD-100925,SKU-FRO-0109,2,Lince Vet Center
2026-08-04,ORD-100925,SKU-BEV-0033,1,Andean Group Offices
2026-08-04,ORD-100926,SKU-OFF-0284,24,Lucero Minimarket
04/08/2026,ORD-100926,SKU-DAI-0184,17,El Tornillo Hardware
2026-08-04,ORD-100926,SKU-HOM-0127,4,La Lucha Restaurant
04/08/2026,ORD-100928,SKU-FRO-0213,20,Wong North Supermarkets
04/08/2026,ORD-100928,SKU-SNA-0188,13,Wong North Supermarkets
04/08/2026,ORD-100929,SKU-HOM-0262,4,Inkafarma Comas Pharmacy
04/08/2026,ORD-100929,SKU-PET-0040,15,Lucero Minimarket
04-Aug-26,ORD-100930,SKU-DAI-0072,12,Delta Construction
04/08/2026,ORD-100930,SKU-DAI-0169,4,Inkafarma Comas Pharmacy
04-Aug-26,ORD-100931,SKU-BEV-0192,8,Inkafarma Comas Pharmacy
04/08/2026,ORD-100932, SKU-DAI-0082,3,Lince Vet Center
2026-08-04,ORD-100933,SKU-GAR-0047,4,Delta Construction
04/08/2026,ORD-100933, SKU-BEV-0037,9,Wong North Supermarkets
2026-08-04,ORD-100934,SKU-OFF-0225,12,Delta Construction
04-Aug-26,ORD-100934,SKU-FRO-0296,20,La Lucha Restaurant
04/08/2026,ORD-100934,SKU-CLE-0108,9,Andean Group Offices
04/08/2026,ORD-100935,SKU-HOM-0316,5,La Lucha Restaurant
2026-08-04,ORD-100935,SKU-FRO-0196,8,La Lucha Restaurant
04/08/2026,ORD-100935,SKU-DAI-0082,10,Wong North Supermarkets
2026-08-04,ORD-100936,SKU-HOM-0013,10,Wong North Supermarkets
04-Aug-26,ORD-100936,SKU-PET-0040,9,Lucero Minimarket
04/08/2026,ORD-100938,SKU-DAI-0054,5,San Martin Corner Store
2026-08-04,ORD-100938,SKU-HOM-0262,12,Wong North Supermarkets
04/08/2026,ORD-100938,SKU BEV 0176,1,Delta Construction
2026-08-04,ORD-100939,SKU-FRO-0261,1,Andean Group Offices
2026-08-04,ORD-100939,SKU-FRO-0014,1,Lince Vet Center
04/08/2026,ORD-100940,SKU-PET-0318,16,Lucero Minimarket
04-Aug-26,ORD-100941,SKU-FRO-0267,18,Lucero Minimarket
2026-08-04,ORD-100942,sku-dai-0072,10,Delta Construction
04-Aug-26,ORD-100943,SKU-PET-0146,10,Wong North Supermarkets
04/08/2026,ORD-100944,SKU-PET-0227,5,Happy Pet Store
2026-08-04,ORD-100945,SKU-BEV-0311,8,Delta Construction
2026-08-04,ORD-100945,SKU-GAR-0021,6,La Lucha Restaurant
04/08/2026,ORD-100946,SKU-SNA-0244,19,San Martin Corner Store
2026-08-04,ORD-100947,SKU-FRO-0278,7,Wong North Supermarkets
2026-08-04,ORD-100947,SKU-DAI-0184,2,San Martin Corner Store
04-Aug-26,ORD-100949,SKU-DAI-0169,12,Delta Construction
04-Aug-26,ORD-100949,SKU-DAI-0070,12,Lucero Minimarket
04-Aug-26,ORD-100949,SKU-HOM-0316,2,El Tornillo Hardware
04-Aug-26,ORD-100950,SKU-OFF-0249,4,San Martin Corner Store
04-Aug-26,ORD-100951,SKU-FRO-0238,1,Delta Construction
04/08/2026,ORD-100952,SKU-GAR-0113,21,Wong North Supermarkets
04/08/2026,ORD-100952,SKU-FRO-0278,8,Inkafarma Comas Pharmacy
04-Aug-26,ORD-100953,SKU-OFF-0249,1,La Lucha Restaurant
04-Aug-26,ORD-100953,SKU-FRO-0109,6,Wong North Supermarkets
04/08/2026,ORD-100954,SKU-DAI-0169,13,San Martin Corner Store
04/08/2026,ORD-100954,SKU-DAI-0184,15,Delta Construction
04-Aug-26,ORD-100955,SKU-BEV-0242,8,Wong North Supermarkets
2026-08-04,ORD-100955,SKU-BEA-0148,3,La Lucha Restaurant
04/08/2026,ORD-100958,SKU-TOO-0279,7,La Lucha Restaurant
04/08/2026,ORD-100958,SKU-FRO-0272,6,El Tornillo Hardware
04/08/2026,ORD-100959,SKU-PET-0040,15,Wong North Supermarkets
04-Aug-26,ORD-100960,SKU-BEA-0308,6,Delta Construction
2026-08-04,ORD-100961,SKU-FRO-0114,4,Lince Vet Center
04/08/2026,ORD-100961,SKU-SNA-0199,15,Delta Construction
04-Aug-26,ORD-100962,SKU-SNA-0223,12,San Martin Corner Store
04-Aug-26,ORD-100964,SKU-BEV-0219,5,Delta Construction
04-Aug-26,ORD-100964,SKU-HOM-0089,3,Andean Group Offices
2026-08-04,ORD-100964,SKU-BEA-0142,3,La Lucha Restaurant
2026-08-04,ORD-100965,SKU-HOM-0204,3,Wong North Supermarkets
2026-08-04,ORD-100965,SKU-DAI-0169,16,Lucero Minimarket
04/08/2026,ORD-100966,SKU-BEV-0174,2,Delta Construction
04-Aug-26,ORD-100966,SKU-BEA-0138,5,Lince Vet Center
04-Aug-26,ORD-100970,SKU-FRO-0136,1,La Lucha Restaurant
04-Aug-26,ORD-100970,SKU-DAI-0082,10,Lucero Minimarket
04/08/2026,ORD-100970,SKU-DAI-0184,3,Inkafarma Comas Pharmacy
04-Aug-26,ORD-100971,SKU-GAR-0021,4,Delta Construction
2026-08-04,ORD-100971,SKU-SNA-0315,22,El Tornillo Hardware
04-Aug-26,ORD-100971,SKU-DAI-0303,2,Inkafarma Comas Pharmacy
04-Aug-26,ORD-100973,SKU CLE 0108,5,El Tornillo Hardware
04-Aug-26,ORD-100973,SKU-BEV-0176,8,Inkafarma Comas Pharmacy
04-Aug-26,ORD-100974,SKU-FRO-0278,6,Lince Vet Center
04-Aug-26,ORD-100974,SKU-DAI-0123,2,Wong North Supermarkets
04-Aug-26,ORD-100974,SKU-TOO-0122,4,Lince Vet Center
2026-08-04,ORD-100976,SKU-PET-0270,7,Lucero Minimarket
04/08/2026,ORD-100976,SKU-OFF-0228,20,Happy Pet Store
2026-08-04,ORD-100976,SKU-PET-0227,2,Inkafarma Comas Pharmacy
04-Aug-26,ORD-100978,SKU-CLE-0240,8,Happy Pet Store
2026-08-04,ORD-100978,SKU-DAI-0303,3,Happy Pet Store
04/08/2026,ORD-100979,SKU-FRO-0238,7,San Martin Corner Store
04-Aug-26,ORD-100980,sku-fro-0179,10,Happy Pet Store
2026-08-04,ORD-100980,SKU-BEV-0037,3,La Lucha Restaurant
04/08/2026,ORD-100980,SKU-HOM-0013,7,La Lucha Restaurant
04/08/2026,ORD-100981,SKU-HOM-0262,1,El Tornillo Hardware
04/08/2026,ORD-100981,sku-bea-0168,16,El Tornillo Hardware
2026-08-04,ORD-100981,SKU-DAI-0313,12,Inkafarma Comas Pharmacy
04/08/2026,ORD-100982,SKU-TOO-0221,8,El Tornillo Hardware
04/08/2026,ORD-100982,SKU-FRO-0267,7,Happy Pet Store
04-Aug-26,ORD-100983,SKU-OFF-0225,8,Andean Group Offices
2026-08-04,ORD-100983,SKU-BEA-0191,8,Happy Pet Store
04-Aug-26,ORD-100984,SKU-TOO-0067,7,Happy Pet Store
04-Aug-26,ORD-100984,SKU-OFF-0225,2,Delta Construction
04-Aug-26,ORD-100985,SKU-BEV-0192,11,Inkafarma Comas Pharmacy
2026-08-04,ORD-100985,SKU-FRO-0278,8,Lince Vet Center
2026-08-04,ORD-100986,SKU-OFF-0228,4,El Tornillo Hardware
2026-08-04,ORD-100987,SKU FRO 0278,11,Inkafarma Comas Pharmacy
2026-08-04,ORD-100987,SKU-TOO-0216,7,Andean Group Offices
2026-08-04,ORD-100987,SKU-BEA-0291,4,San Martin Corner Store
2026-08-04,ORD-100988,SKU-DAI-0072,17,Delta Construction
04/08/2026,ORD-100989,SKU-FRO-0278,1,Inkafarma Comas Pharmacy
04-Aug-26,ORD-100989,SKU-BEA-0144,5,Lucero Minimarket
04-Aug-26,ORD-100990,SKU-OFF-0257,9,Inkafarma Comas Pharmacy
04-Aug-26,ORD-100990,SKU-HAR-0285,24,Lucero Minimarket
2026-08-04,ORD-100991,SKU-FRO-0114,17,Inkafarma Comas Pharmacy
2026-08-04,ORD-100991,SKU-OFF-0140,2,Andean Group Offices
2026-08-04,ORD-100992,SKU-GAR-0157,21,Delta Construction
2026-08-04,ORD-100992,SKU BEA 0019,2,Inkafarma Comas Pharmacy
04-Aug-26,ORD-100992,SKU-OFF-0225,15,La Lucha Restaurant
04/08/2026,ORD-100994,SKU-PET-0217,11,Happy Pet Store
04/08/2026,ORD-100994,SKU-HOM-0112,16,San Martin Corner Store
04-Aug-26,ORD-100995,SKU-SNA-0057,16,Lucero Minimarket
2026-08-04,ORD-100995,SKU-FRO-0272,24,Wong North Supermarkets
04-Aug-26,ORD-100996, SKU-GAR-0039,2,Happy Pet Store
04-Aug-26,ORD-100996,SKU-DAI-0313,15,Inkafarma Comas Pharmacy
04-Aug-26,ORD-100997,SKU-FRO-0132,21,San Martin Corner Store
2026-08-04,ORD-100997, SKU-PET-0087,4,Delta Construction
2026-08-04,ORD-100998,SKU-DAI-0313,8,Inkafarma Comas Pharmacy
04-Aug-26,ORD-100998,SKU-FRO-0272,2,Inkafarma Comas Pharmacy
04-Aug-26,ORD-100999,SKU-FRO-0014,12,Delta Construction
2026-08-04,ORD-101000,SKU-BEV-0037,5,Andean Group Offices
2026-08-04,ORD-101000,SKU-TOO-0026,6,San Martin Corner Store
04/08/2026,ORD-101001,SKU-PET-0173,3,Inkafarma Comas Pharmacy
2026-08-04,ORD-101001,SKU-DAI-0184,1,Andean Group Offices
04/08/2026,ORD-101002,SKU-TOO-0154,1,Happy Pet Store
04/08/2026,ORD-101002,SKU-SNA-0223,11,El Tornillo Hardware
2026-08-04,ORD-101003,SKU-DAI-0184,16,Andean Group Offices
2026-08-04,ORD-101003,SKU-GAR-0157,25,La Lucha Restaurant
04-Aug-26,ORD-101003,SKU-DAI-0313,24,Lucero Minimarket
04-Aug-26,ORD-101004,SKU-HAR-0266,16,Inkafarma Comas Pharmacy
04/08/2026,ORD-101004,SKU-FRO-0196,5,Wong North Supermarkets
04-Aug-26,ORD-101004,SKU-SNA-0100,1,La Lucha Restaurant
04-Aug-26,ORD-101005,SKU-PET-0318,10,Lucero Minimarket
2026-08-04,ORD-101006,SKU-DAI-0123,7,Andean Group Offices
2026-08-04,ORD-101007,SKU-HOM-0286,3,Inkafarma Comas Pharmacy
2026-08-04,ORD-101007,SKU-FRO-0136,3,Lucero Minimarket
04-Aug-26,ORD-101008,SKU-OFF-0284,6,Delta Construction
2026-08-04,ORD-101009,SKU-DAI-0123,1,Happy Pet Store
2026-08-04,ORD-101010,SKU-DAI-0313,13,El Tornillo Hardware
04/08/2026,ORD-101010,SKU-SNA-0199,15,La Lucha Restaurant
2026-08-04,ORD-101010,SKU-BEV-0174,1,El Tornillo Hardware
04-Aug-26,ORD-101011,SKU-DAI-0313,24,San Martin Corner Store
04/08/2026,ORD-101011,SKU-FRO-0278,3,Lucero Minimarket
2026-08-04,ORD-101012,SKU-DAI-0070,7,Lucero Minimarket
2026-08-04,ORD-101012,SKU-TOO-0122,10,El Tornillo Hardware
2026-08-04,ORD-101012,SKU-SNA-0223,5,El Tornillo Hardware
04/08/2026,ORD-101013,SKU-BEA-0094,1,Inkafarma Comas Pharmacy
04-Aug-26,ORD-101013,SKU-FRO-0238,9,El Tornillo Hardware
04/08/2026,ORD-101014,SKU-PET-0031,6,Lucero Minimarket
04-Aug-26,ORD-101014,SKU-DAI-0072,17,La Lucha Restaurant
04/08/2026,ORD-101015,SKU-DAI-0303,4,San Martin Corner Store
2026-08-04,ORD-101015,SKU-OFF-0225,10,Delta Construction
04-Aug-26,ORD-101016,SKU-HOM-0013,2,El Tornillo Hardware
04/08/2026,ORD-101016,SKU-PET-0270,10,Happy Pet Store
04/08/2026,ORD-101017,SKU-GAR-0113,10,Delta Construction
04-Aug-26,ORD-101018, SKU-DAI-0164,2,San Martin Corner Store
04/08/2026,ORD-101019,SKU-FRO-0261,2,Delta Construction
04/08/2026,ORD-101019,SKU-SNA-0171,3,Andean Group Offices
04-Aug-26,ORD-101020,SKU-HOM-0127,20,La Lucha Restaurant
04/08/2026,ORD-101020,SKU-GAR-0287,8,Andean Group Offices
2026-08-04,ORD-101021,SKU-DAI-0169,11,Lince Vet Center
2026-08-04,ORD-101021,SKU-BEA-0062,2,La Lucha Restaurant
04-Aug-26,ORD-101021,SKU-BEV-0180,4,Lucero Minimarket
2026-08-04,ORD-101023,SKU-OFF-0074,18,Happy Pet Store
04-Aug-26,ORD-101023,SKU-BEV-0202,6,San Martin Corner Store
04/08/2026,ORD-101024,SKU-FRO-0246,3,Wong North Supermarkets
04-Aug-26,ORD-101025,SKU-DAI-0054,8,Lucero Minimarket
2026-08-04,ORD-101025,SKU-CLE-0139,2,Inkafarma Comas Pharmacy
04/08/2026,ORD-101025,SKU-OFF-0259,26,Happy Pet Store
04-Aug-26,ORD-101026,SKU GAR 0157,26,Inkafarma Comas Pharmacy
2026-08-04,ORD-101026,SKU-OFF-0074,3,El Tornillo Hardware
04-Aug-26,ORD-101026,SKU-FRO-0179,6,Delta Construction
04/08/2026,ORD-101027,SKU-HOM-0112,3,Inkafarma Comas Pharmacy
04-Aug-26,ORD-101027,SKU-OFF-0284,6,Inkafarma Comas Pharmacy
2026-08-04,ORD-101028,SKU-BEV-0033,1,San Martin Corner Store
04/08/2026,ORD-101029, SKU-DAI-0072,14,Wong North Supermarkets
04/08/2026,ORD-101029,SKU-CLE-0141,19,La Lucha Restaurant
2026-08-04,ORD-101029,SKU-TOO-0080,4,La Lucha Restaurant
2026-08-04,ORD-101030,SKU-TOO-0125,10,San Martin Corner Store
04-Aug-26,ORD-101030,SKU-FRO-0238,9,Wong North Supermarkets
04-Aug-26,ORD-101031,SKU-FRO-0278,4,Wong North Supermarkets
2026-08-04,ORD-101032,SKU-CLE-0061,6,Lucero Minimarket
04-Aug-26,ORD-101032,SKU-BEA-0308,11,Inkafarma Comas Pharmacy
04/08/2026,ORD-101033,SKU-FRO-0267,15,Lince Vet Center
2026-08-04,ORD-101033,SKU-FRO-0109,6,Lince Vet Center
04-Aug-26,ORD-101034,SKU-FRO-0278,11,Lucero Minimarket
04/08/2026,ORD-101035,SKU-FRO-0238,5,Andean Group Offices
2026-08-04,ORD-101035,SKU-BEV-0037,9,La Lucha Restaurant
04-Aug-26,ORD-101035,SKU-FRO-0196,3,Andean Group Offices
04-Aug-26,ORD-101036,SKU-HOM-0065,11,Lince Vet Center
04-Aug-26,ORD-101037,SKU-BEA-0144,8,Inkafarma Comas Pharmacy
2026-08-04,ORD-101037,SKU-PET-0031,2,Lucero Minimarket
04/08/2026,ORD-101037,SKU-BEV-0311,25,San Martin Corner Store
2026-08-04,ORD-101038,SKU-PET-0318,11,Andean Group Offices
04-Aug-26,ORD-101039,SKU-TOO-0172,19,Wong North Supermarkets
04-Aug-26,ORD-101039,SKU-BEA-0096,10,Inkafarma Comas Pharmacy
04/08/2026,ORD-101040,SKU-SNA-0188,28,Lucero Minimarket
2026-08-04,ORD-101040,SKU-BEA-0191,1,San Martin Corner Store
2026-08-04,ORD-101041,SKU-BEA-0193,1,Andean Group Offices
04/08/2026,ORD-101041,SKU-BEA-0264,6,Wong North Supermarkets
04-Aug-26,ORD-101041,SKU-BEA-0291,8,El Tornillo Hardware
04-Aug-26,ORD-101042, SKU-DAI-0313,20,Inkafarma Comas Pharmacy
2026-08-04,ORD-101042,SKU-DAI-0313,5,La Lucha Restaurant
04/08/2026,ORD-101042,SKU-FRO-0238,10,La Lucha Restaurant
2026-08-04,ORD-101043,SKU-TOO-0125,5,San Martin Corner Store
04/08/2026,ORD-101044,SKU-BEA-0310,13,Lince Vet Center
04-Aug-26,ORD-101044,SKU-OFF-0259,5,Delta Construction
04-Aug-26,ORD-101045,SKU-HOM-0204,14,Lince Vet Center
04-Aug-26,ORD-101045,SKU-HOM-0020,2,Lince Vet Center
2026-08-04,ORD-101046,SKU-BEA-0045,22,Andean Group Offices
04/08/2026,ORD-101047,SKU-HOM-0112,13,Happy Pet Store
04-Aug-26,ORD-101047,SKU-FRO-0114,6,Andean Group Offices
04-Aug-26,ORD-101047,SKU-CLE-0141,19,Happy Pet Store
04/08/2026,ORD-101048,SKU-HAR-0093,2,Inkafarma Comas Pharmacy
2026-08-04,ORD-101049,SKU-CLE-0061,21,Andean Group Offices
04/08/2026,ORD-101049,SKU-FRO-0085,14,Happy Pet Store
04/08/2026,ORD-101049,SKU-HOM-0262,10,Andean Group Offices
04/08/2026,ORD-101050,SKU-HOM-0013,5,Wong North Supermarkets
2026-08-04,ORD-101051,SKU-OFF-0140,3,Inkafarma Comas Pharmacy
2026-08-04,ORD-101051,SKU-BEA-0034,13,Lince Vet Center
04/08/2026,ORD-101052,SKU-DAI-0313,5,El Tornillo Hardware
04-Aug-26,ORD-101052,SKU-DAI-0123,7,Inkafarma Comas Pharmacy
04-Aug-26,ORD-101052,SKU-PET-0155,28,Andean Group Offices
04-Aug-26,ORD-101053,SKU-FRO-0136,7,Inkafarma Comas Pharmacy
04-Aug-26,ORD-101053,SKU-GAR-0021,2,Lince Vet Center
04/08/2026,ORD-101054,SKU-GAR-0287,5,Delta Construction
04/08/2026,ORD-101054,SKU-SNA-0057,3,Lucero Minimarket
04-Aug-26,ORD-101054,SKU-FRO-0296,5,Andean Group Offices
2026-08-04,ORD-101055,SKU-TOO-0026,6,Wong North Supermarkets
04-Aug-26,ORD-101055,SKU-PET-0205,5,Lince Vet Center
2026-08-04,ORD-101056,SKU-DAI-0303,3,Lince Vet Center
04/08/2026,ORD-101056,SKU-OFF-0259,14,La Lucha Restaurant
04-Aug-26,ORD-101057,SKU-CLE-0263,4,Andean Group Offices
2026-08-04,ORD-101057,SKU-TOO-0125,1,Lince Vet Center
04/08/2026,ORD-101058,SKU-TOO-0221,4,El Tornillo Hardware
04/08/2026,ORD-101058,SKU-FRO-0213,22,Lince Vet Center
2026-08-04,ORD-101059,SKU-BEA-0308,15,Lince Vet Center
04-Aug-26,ORD-101060,SKU-BEV-0174,4,Happy Pet Store
04/08/2026,ORD-101060,SKU-HOM-0015,6,Inkafarma Comas Pharmacy
04/08/2026,ORD-101061,SKU-DAI-0313,11,Delta Construction
04-Aug-26,ORD-101062,SKU-FRO-0267,13,Lucero Minimarket
2026-08-04,ORD-101062,SKU-BEV-0311,25,Inkafarma Comas Pharmacy
2026-08-04,ORD-101062,SKU-TOO-0131,22,Andean Group Offices
04-Aug-26,ORD-101064,SKU-PET-0227,2,La Lucha Restaurant
04/08/2026,ORD-101065,sku-hom-0166,14,Wong North Supermarkets
04-Aug-26,ORD-101066,SKU-TOO-0295,10,Inkafarma Comas Pharmacy
2026-08-04,ORD-101066,SKU-CLE-0248,1,Delta Construction
2026-08-04,ORD-101066,SKU-PET-0040,7,Wong North Supermarkets
2026-08-04,ORD-101067,SKU-FRO-0090,3,La Lucha Restaurant
04/08/2026,ORD-101067,SKU-BEA-0045,8,La Lucha Restaurant
04/08/2026,ORD-101068,SKU-HOM-0065,7,Delta Construction
04-Aug-26,ORD-101069,SKU-FRO-0109,1,Andean Group Offices
2026-08-04,ORD-101069,SKU-DAI-0184,17,Happy Pet Store
04/08/2026,ORD-101069,SKU-FRO-0114,13,Lince Vet Center
2026-08-04,ORD-101070,SKU-DAI-0123,3,Delta Construction
04/08/2026,ORD-101071,SKU-FRO-0085,18,Lince Vet Center
04-Aug-26,ORD-101071,SKU-HOM-0065,7,Delta Construction
2026-08-04,ORD-101071,SKU-DAI-0164,1,Wong North Supermarkets
04-Aug-26,ORD-101072,SKU-OFF-0007,3,Inkafarma Comas Pharmacy
2026-08-04,ORD-101072,SKU-SNA-0100,14,Delta Construction
04-Aug-26,ORD-101074,SKU-SNA-0233,2,Happy Pet Store
2026-08-04,ORD-101074,SKU-DAI-0054,2,El Tornillo Hardware
04-Aug-26,ORD-101074,SKU-OFF-0140,16,Lince Vet Center
04/08/2026,ORD-101075,SKU-GAR-0153,1,Lucero Minimarket
04/08/2026,ORD-101075,SKU-PET-0076,4,Wong North Supermarkets
04/08/2026,ORD-101075,SKU-DAI-0184,1,Delta Construction
04-Aug-26,ORD-101076,SKU-DAI-0082,6,Andean Group Offices
04/08/2026,ORD-101076,SKU-FRO-0085,13,Lucero Minimarket
04-Aug-26,ORD-101077,SKU-HAR-0266,15,San Martin Corner Store
2026-08-04,ORD-101077,SKU-HOM-0286,6,Wong North Supermarkets
2026-08-04,ORD-101077,SKU-DAI-0082,6,La Lucha Restaurant
2026-08-04,ORD-101078,SKU-FRO-0132,23,Lucero Minimarket
04/08/2026,ORD-101078,SKU-TOO-0056,6,El Tornillo Hardware
04/08/2026,ORD-101079,SKU-PET-0017,5,Lince Vet Center
04/08/2026,ORD-101079,SKU-PET-0155,14,Delta Construction
2026-08-04,ORD-101080,SKU-TOO-0210,2,Andean Group Offices
04/08/2026,ORD-101080,SKU-DAI-0070,13,Delta Construction
2026-08-04,ORD-101081,SKU-BEA-0034,16,San Martin Corner Store
04-Aug-26,ORD-101081,SKU-OFF-0257,7,San Martin Corner Store
04-Aug-26,ORD-101081,sku-hom-0127,8,Lucero Minimarket
2026-08-04,ORD-101082,SKU-DAI-0123,6,La Lucha Restaurant
2026-08-04,ORD-101083,SKU-DAI-0169,2,Inkafarma Comas Pharmacy
04-Aug-26,ORD-101083,SKU-FRO-0179,3,Lince Vet Center
2026-08-04,ORD-101083,SKU-DAI-0164,1,Wong North Supermarkets
04-Aug-26,ORD-101084,SKU-OFF-0010,8,El Tornillo Hardware
2026-08-04,ORD-101084,SKU-DAI-0184,7,El Tornillo Hardware
2026-08-04,ORD-101084,SKU-HAR-0266,10,Delta Construction
04-Aug-26,ORD-101085,SKU-DAI-0169,7,Happy Pet Store
2026-08-04,ORD-101085,SKU-BEV-0311,19,Lucero Minimarket
04-Aug-26,ORD-101085,SKU CLE 0018,7,San Martin Corner Store
2026-08-04,ORD-101086,SKU-OFF-0228,14,Wong North Supermarkets
2026-08-04,ORD-101087,SKU-DAI-0072,7,La Lucha Restaurant
04/08/2026,ORD-101087,sku-fro-0014,2,La Lucha Restaurant
04-Aug-26,ORD-101088,SKU-CLE-0141,2,La Lucha Restaurant
2026-08-04,ORD-101088,SKU-FRO-0278,4,Lucero Minimarket
2026-08-04,ORD-101089,SKU-FRO-0085,18,El Tornillo Hardware
04/08/2026,ORD-101090,SKU-OFF-0010,7,La Lucha Restaurant
04/08/2026,ORD-101090,SKU-SNA-0051,1,Inkafarma Comas Pharmacy
2026-08-04,ORD-101090,SKU-OFF-0257,8,Inkafarma Comas Pharmacy
04-Aug-26,ORD-101091,SKU-DAI-0070,9,Lince Vet Center
2026-08-04,ORD-101091,SKU-FRO-0109,5,Inkafarma Comas Pharmacy
04-Aug-26,ORD-101092,SKU-FRO-0203,22,Lince Vet Center
04-Aug-26,ORD-101093,SKU-BEA-0034,28,La Lucha Restaurant
04/08/2026,ORD-101093,SKU-HOM-0020,3,El Tornillo Hardware
04-Aug-26,ORD-101093,SKU-TOO-0056,1,Lince Vet Center
04-Aug-26,ORD-101094,SKU-DAI-0070,13,La Lucha Restaurant
04-Aug-26,ORD-101094,SKU-FRO-0085,17,La Lucha Restaurant
04/08/2026,ORD-101094,SKU-OFF-0283,7,La Lucha Restaurant
2026-08-04,ORD-101095,SKU-FRO-0109,9,Wong North Supermarkets
2026-08-04,ORD-101096,SKU-CLE-0209,8,Delta Construction
2026-08-04,ORD-101096,SKU-HOM-0089,2,Wong North Supermarkets
04/08/2026,ORD-101097,SKU-HOM-0127,11,La Lucha Restaurant
04/08/2026,ORD-101097,SKU-DAI-0003,9,Wong North Supermarkets
2026-08-04,ORD-101098,SKU-FRO-0220,1,Wong North Supermarkets
2026-08-04,ORD-101098,SKU-FRO-0196,4,San Martin Corner Store
04-Aug-26,ORD-101099,SKU-TOO-0067,4,San Martin Corner Store
04/08/2026,ORD-101099,SKU-PET-0087,4,San Martin Corner Store
04-Aug-26,ORD-101100,SKU-SNA-0223,2,Happy Pet Store
04/08/2026,ORD-101100,SKU-PET-0318,8,Lucero Minimarket
2026-08-04,ORD-101101,SKU-BEV-0137,14,Andean Group Offices
2026-08-04,ORD-101102,SKU-DAI-0169,5,San Martin Corner Store
04/08/2026,ORD-101102,SKU-FRO-0136,5,Happy Pet Store
04-Aug-26,ORD-101103,SKU-BEA-0312,10,Andean Group Offices
2026-08-04,ORD-101103,SKU-FRO-0272,4,Delta Construction
04-Aug-26,ORD-101103,SKU-OFF-0228,21,Happy Pet Store
04/08/2026,ORD-101104,SKU-DAI-0303,4,Lince Vet Center
04/08/2026,ORD-101104,SKU-CLE-0108,2,Andean Group Offices
2026-08-04,ORD-101105,SKU-GAR-0229,4,Lince Vet Center
04-Aug-26,ORD-101107,SKU-DAI-0303,1,Happy Pet Store
04/08/2026,ORD-101108,SKU-FRO-0014,15,Delta Construction
04-Aug-26,ORD-101109,SKU-OFF-0283,8,Happy Pet Store
04/08/2026,ORD-101110,SKU-HAR-0309,8,San Martin Corner Store
04-Aug-26,ORD-101110,SKU-HOM-0013,6,Wong North Supermarkets
2026-08-04,ORD-101110,sku-dai-0082,7,Lucero Minimarket
2026-08-04,ORD-101111,SKU-FRO-0136,8,Wong North Supermarkets
2026-08-04,ORD-101111,SKU-PET-0227,3,Delta Construction
2026-08-04,ORD-101112,SKU-SNA-0030,12,Inkafarma Comas Pharmacy
2026-08-04,ORD-101112,SKU-DAI-0082,10,Lince Vet Center
2026-08-04,ORD-101113,SKU-FRO-0278,10,San Martin Corner Store
2026-08-04,ORD-101113,SKU-FRO-0090,2,Delta Construction
04-Aug-26,ORD-101114,SKU-PET-0318,15,San Martin Corner Store
04/08/2026,ORD-101114,SKU-PET-0024,3,Lucero Minimarket
04-Aug-26,ORD-101114,SKU-OFF-0043,16,Lucero Minimarket
2026-08-04,ORD-101115,SKU-DAI-0303,4,Delta Construction
2026-08-04,ORD-101115,SKU-TOO-0200,5,Happy Pet Store
2026-08-04,ORD-101115,SKU-TOO-0069,5,Wong North Supermarkets
2026-08-04,ORD-101116,SKU-CLE-0018,5,Happy Pet Store
04/08/2026,ORD-101116,SKU-FRO-0288,1,Lucero Minimarket
04-Aug-26,ORD-101116,SKU-PET-0155,19,Happy Pet Store
04-Aug-26,ORD-101117,SKU-HAR-0285,4,Lucero Minimarket
04-Aug-26,ORD-101117,SKU-DAI-0184,8,San Martin Corner Store
04-Aug-26,ORD-101117,SKU-DAI-0054,5,Wong North Supermarkets
2026-08-04,ORD-101118,SKU-FRO-0132,1,Happy Pet Store
2026-08-04,ORD-101118,SKU-DAI-0303,4,Inkafarma Comas Pharmacy
04-Aug-26,ORD-101118,SKU-BEA-0144,2,El Tornillo Hardware
04/08/2026,ORD-101119,SKU-FRO-0090,21,San Martin Corner Store
04-Aug-26,ORD-101119,SKU-FRO-0132,25,Lince Vet Center
2026-08-04,ORD-101120,SKU-TOO-0125,2,Andean Group Offices
04/08/2026,ORD-101120,SKU-BEV-0037,3,El Tornillo Hardware
2026-08-04,ORD-101120,SKU-BEV-0219,5,La Lucha Restaurant
2026-08-05,ORD-101121,SKU-TOO-0131,2,Wong North Supermarkets
2026-08-05,ORD-101122,SKU-DAI-0169,15,Inkafarma Comas Pharmacy
2026-08-05,ORD-101122,SKU-BEV-0242,3,Delta Construction
05-Aug-26,ORD-101123,SKU-FRO-0132,12,Inkafarma Comas Pharmacy
05/08/2026,ORD-101124,SKU-FRO-0238,16,Lince Vet Center
2026-08-05,ORD-101124,SKU-BEA-0310,11,Andean Group Offices
05-Aug-26,ORD-101125,SKU-SNA-0315,7,Lucero Minimarket
05-Aug-26,ORD-101125,sku-pet-0076,3,Lucero Minimarket
05/08/2026,ORD-101126,SKU-FRO-0085,9,Wong North Supermarkets
05/08/2026,ORD-101126,SKU-BEV-0058,23,Andean Group Offices
05/08/2026,ORD-101127,SKU-BEA-0045,7,Delta Construction
05/08/2026,ORD-101127,SKU-BEV-0084,2,Inkafarma Comas Pharmacy
05-Aug-26,ORD-101128,SKU-FRO-0132,18,La Lucha Restaurant
2026-08-05,ORD-101128,SKU-DAI-0123,1,Happy Pet Store
05-Aug-26,ORD-101128,SKU-GAR-0157,25,Inkafarma Comas Pharmacy
05/08/2026,ORD-101129,sku-hom-0286,1,Wong North Supermarkets
2026-08-05,ORD-101129,SKU-DAI-0184,10,La Lucha Restaurant
2026-08-05,ORD-101130,SKU-DAI-0082,2,Lince Vet Center
2026-08-05,ORD-101131,SKU-PET-0099,14,Happy Pet Store
05/08/2026,ORD-101132,SKU-BEV-0176,7,El Tornillo Hardware
2026-08-05,ORD-101133,SKU-PET-0040,13,La Lucha Restaurant
2026-08-05,ORD-101133,SKU-DAI-0184,9,La Lucha Restaurant
2026-08-05,ORD-101133,SKU-SNA-0223,4,La Lucha Restaurant
05/08/2026,ORD-101134,SKU-PET-0040,12,Andean Group Offices
2026-08-05,ORD-101134,SKU-BEA-0094,7,La Lucha Restaurant
05/08/2026,ORD-101135,SKU DAI 0070,9,Inkafarma Comas Pharmacy
2026-08-05,ORD-101136,SKU-DAI-0082,7,Inkafarma Comas Pharmacy
2026-08-05,ORD-101137,SKU-SNA-0315,5,Andean Group Offices
2026-08-05,ORD-101137,SKU-GAR-0157,26,El Tornillo Hardware
05-Aug-26,ORD-101138,SKU-DAI-0169,15,La Lucha Restaurant
2026-08-05,ORD-101138,SKU-PET-0173,4,San Martin Corner Store
05-Aug-26,ORD-101139,SKU-SNA-0223,15,Delta Construction
05-Aug-26,ORD-101139,SKU-GAR-0021,1,Lince Vet Center
05-Aug-26,ORD-101139,SKU-FRO-0296,20,Inkafarma Comas Pharmacy
05-Aug-26,ORD-101140,SKU-BEV-0084,18,Lince Vet Center
05-Aug-26,ORD-101140,SKU-TOO-0069,6,Lince Vet Center
05/08/2026,ORD-101141,SKU-DAI-0303,3,San Martin Corner Store
2026-08-05,ORD-101141,SKU-SNA-0315,19,El Tornillo Hardware
2026-08-05,ORD-101142,SKU-HOM-0204,16,Happy Pet Store
05-Aug-26,ORD-101142,SKU-OFF-0283,13,La Lucha Restaurant
05-Aug-26,ORD-101143, SKU-SNA-0292,9,Andean Group Offices
05-Aug-26,ORD-101143,SKU-OFF-0010,2,Inkafarma Comas Pharmacy
05/08/2026,ORD-101144,SKU-OFF-0228,2,Happy Pet Store
05-Aug-26,ORD-101145,SKU-BEA-0144,2,Inkafarma Comas Pharmacy
2026-08-05,ORD-101145,SKU-DAI-0184,8,El Tornillo Hardware
05/08/2026,ORD-101146,SKU-FRO-0238,11,Andean Group Offices
05/08/2026,ORD-101146,SKU-FRO-0109,10,Wong North Supermarkets
2026-08-05,ORD-101147, SKU-OFF-0043,11,Wong North Supermarkets
05/08/2026,ORD-101147,SKU-SNA-0315,13,Inkafarma Comas Pharmacy
05-Aug-26,ORD-101148,SKU-SNA-0199,19,Lucero Minimarket
05/08/2026,ORD-101149,SKU-TOO-0049,11,San Martin Corner Store
05-Aug-26,ORD-101149,SKU-PET-0173,4,Wong North Supermarkets
05/08/2026,ORD-101149,SKU-TOO-0069,10,El Tornillo Hardware
05-Aug-26,ORD-101150,SKU-BEV-0202,5,La Lucha Restaurant
05-Aug-26,ORD-101151,SKU-TOO-0172,20,San Martin Corner Store
05/08/2026,ORD-101151,SKU-PET-0146,7,Inkafarma Comas Pharmacy
05-Aug-26,ORD-101152,SKU-GAR-0229,2,Happy Pet Store
2026-08-05,ORD-101152,SKU-HOM-0289,1,Inkafarma Comas Pharmacy
05-Aug-26,ORD-101152,SKU-FRO-0267,4,La Lucha Restaurant
2026-08-05,ORD-101153,SKU-OFF-0257,9,Inkafarma Comas Pharmacy
2026-08-05,ORD-101153,SKU-OFF-0010,3,Wong North Supermarkets
05-Aug-26,ORD-101153,SKU-BEA-0034,9,Lince Vet Center
05/08/2026,ORD-101154,SKU-BEA-0168,9,Delta Construction
05/08/2026,ORD-101154,SKU-PET-0031,2,Inkafarma Comas Pharmacy
05-Aug-26,ORD-101155,SKU-FRO-0203,29,Wong North Supermarkets
05-Aug-26,ORD-101155,SKU-TOO-0056,3,Lince Vet Center
05-Aug-26,ORD-101155,SKU-FRO-0132,13,San Martin Corner Store
05/08/2026,ORD-101156,SKU-GAR-0039,2,Wong North Supermarkets
2026-08-05,ORD-101156,SKU-FRO-0278,3,Andean Group Offices
2026-08-05,ORD-101157,SKU-OFF-0257,3,Wong North Supermarkets
05-Aug-26,ORD-101157,SKU-SNA-0315,26,La Lucha Restaurant
05/08/2026,ORD-101158,SKU-PET-0155,23,Inkafarma Comas Pharmacy
05-Aug-26,ORD-101159,SKU-DAI-0082,1,Andean Group Offices
05-Aug-26,ORD-101160,SKU-FRO-0179,10,Happy Pet Store
05-Aug-26,ORD-101161,SKU-HAR-0237,6,Inkafarma Comas Pharmacy
05/08/2026,ORD-101161, SKU-FRO-0136,3,El Tornillo Hardware
2026-08-05,ORD-101161,SKU-SNA-0244,15,Lucero Minimarket
2026-08-05,ORD-101162,SKU-OFF-0043,3,La Lucha Restaurant
05/08/2026,ORD-101162,SKU-DAI-0184,3,Wong North Supermarkets
2026-08-05,ORD-101163,SKU-PET-0227,6,Lince Vet Center
2026-08-05,ORD-101163,SKU-BEA-0291,7,Delta Construction
2026-08-05,ORD-101164,SKU-CLE-0276,10,Delta Construction
05-Aug-26,ORD-101164,SKU-DAI-0184,7,San Martin Corner Store
2026-08-05,ORD-101165,SKU-PET-0027,16,Inkafarma Comas Pharmacy
05-Aug-26,ORD-101165,sku-bea-0191,4,Andean Group Offices
05/08/2026,ORD-101166,SKU-FRO-0114,19,Happy Pet Store
05/08/2026,ORD-101166,SKU-HOM-0286,1,Inkafarma Comas Pharmacy
2026-08-05,ORD-101166,SKU-FRO-0238,6,La Lucha Restaurant
05-Aug-26,ORD-101167,SKU-FRO-0238,7,Andean Group Offices
2026-08-05,ORD-101167,SKU-FRO-0296,2,La Lucha Restaurant
05-Aug-26,ORD-101167,SKU-SNA-0223,13,Inkafarma Comas Pharmacy
2026-08-05,ORD-101168,SKU-GAR-0039,14,Andean Group Offices
2026-08-05,ORD-101168,SKU-OFF-0249,8,Wong North Supermarkets
05-Aug-26,ORD-101169,SKU-SNA-0292,3,Wong North Supermarkets
05-Aug-26,ORD-101170,SKU-HAR-0285,11,El Tornillo Hardware
05/08/2026,ORD-101170,SKU-HOM-0065,10,El Tornillo Hardware
05-Aug-26,ORD-101170,SKU-DAI-0169,13,Andean Group Offices
05/08/2026,ORD-101171,SKU-CLE-0282,6,Happy Pet Store
05/08/2026,ORD-101171,SKU-HOM-0065,9,El Tornillo Hardware
05-Aug-26,ORD-101172,SKU-DAI-0303,1,Andean Group Offices
05-Aug-26,ORD-101173,SKU-FRO-0090,12,Delta Construction
2026-08-05,ORD-101173,SKU-OFF-0043,4,Delta Construction
2026-08-05,ORD-101174,SKU-DAI-0169,6,Andean Group Offices
2026-08-05,ORD-101175,SKU-BEV-0005,4,San Martin Corner Store
05-Aug-26,ORD-101175,SKU-DAI-0303,3,El Tornillo Hardware
2026-08-05,ORD-101177,SKU-BEA-0126,2,Lince Vet Center
05-Aug-26,ORD-101178,SKU-DAI-0303,3,Andean Group Offices
2026-08-05,ORD-101178,SKU-DAI-0184,12,Lince Vet Center
05-Aug-26,ORD-101178,SKU-FRO-0179,8,La Lucha Restaurant
05-Aug-26,ORD-101179,SKU-DAI-0123,4,La Lucha Restaurant
05-Aug-26,ORD-101179,SKU-DAI-0164,3,Delta Construction
05-Aug-26,ORD-101179,SKU-BEA-0264,7,Delta Construction
05/08/2026,ORD-101180,SKU-HOM-0020,5,La Lucha Restaurant
05/08/2026,ORD-101181,SKU-DAI-0072,8,Lucero Minimarket
2026-08-05,ORD-101181,SKU-HAR-0254,20,La Lucha Restaurant
05/08/2026,ORD-101182,SKU-GAR-0111,14,El Tornillo Hardware
05-Aug-26,ORD-101182,SKU-FRO-0090,20,Lince Vet Center
05-Aug-26,ORD-101182,SKU-DAI-0184,1,Andean Group Offices
05/08/2026,ORD-101183,SKU-PET-0227,3,Wong North Supermarkets
05-Aug-26,ORD-101183,SKU-CLE-0248,5,Happy Pet Store
2026-08-05,ORD-101183,SKU-FRO-0085,17,San Martin Corner Store
2026-08-05,ORD-101184,SKU-TOO-0210,8,El Tornillo Hardware
05-Aug-26,ORD-101185,SKU-CLE-0028,18,Delta Construction
05-Aug-26,ORD-101185,SKU-DAI-0070,13,Wong North Supermarkets
05/08/2026,ORD-101186,SKU-GAR-0111,14,Happy Pet Store
05/08/2026,ORD-101186,sku-bea-0062,12,San Martin Corner Store
05/08/2026,ORD-101187,SKU-PET-0270,8,Delta Construction
05-Aug-26,ORD-101187,SKU-DAI-0169,13,Inkafarma Comas Pharmacy
05/08/2026,ORD-101188,SKU-PET-0318,5,Lince Vet Center
05/08/2026,ORD-101188,SKU-PET-0270,3,El Tornillo Hardware
05/08/2026,ORD-101189,SKU-FRO-0203,28,Inkafarma Comas Pharmacy
05/08/2026,ORD-101189,SKU-BEV-0242,20,Lucero Minimarket
2026-08-05,ORD-101190,SKU-OFF-0283,19,Lucero Minimarket
05-Aug-26,ORD-101190,SKU-DAI-0123,8,Lince Vet Center
05-Aug-26,ORD-101191, SKU-DAI-0070,8,Delta Construction
05-Aug-26,ORD-101191,SKU-FRO-0203,29,San Martin Corner Store
05-Aug-26,ORD-101191,sku-bea-0312,13,San Martin Corner Store
05/08/2026,ORD-101192,SKU-DAI-0303,2,San Martin Corner Store
2026-08-05,ORD-101192,SKU-FRO-0136,1,San Martin Corner Store
05-Aug-26,ORD-101192,SKU-GAR-0078,7,Inkafarma Comas Pharmacy
05/08/2026,ORD-101193,SKU-DAI-0070,4,Inkafarma Comas Pharmacy
05-Aug-26,ORD-101194,SKU-PET-0027,10,Delta Construction
2026-08-05,ORD-101194,SKU-HAR-0309,14,San Martin Corner Store
05-Aug-26,ORD-101194,SKU-FRO-0109,10,Wong North Supermarkets
05/08/2026,ORD-101195,SKU-OFF-0060,1,La Lucha Restaurant
05-Aug-26,ORD-101195,SKU-HOM-0208,7,Inkafarma Comas Pharmacy
05-Aug-26,ORD-101196,SKU-GAR-0113,20,Andean Group Offices
05/08/2026,ORD-101196,SKU-PET-0227,3,El Tornillo Hardware
05-Aug-26,ORD-101197,SKU-PET-0146,4,Happy Pet Store
05-Aug-26,ORD-101197,SKU-FRO-0288,3,Lince Vet Center
05-Aug-26,ORD-101197,SKU-DAI-0123,8,San Martin Corner Store
2026-08-05,ORD-101198,SKU-DAI-0303,4,Inkafarma Comas Pharmacy
2026-08-05,ORD-101198,SKU-BEA-0177,3,Lince Vet Center
2026-08-05,ORD-101199,SKU-BEA-0148,4,Wong North Supermarkets
05-Aug-26,ORD-101200,SKU-CLE-0061,1,Happy Pet Store
05-Aug-26,ORD-101200,SKU-FRO-0196,11,Inkafarma Comas Pharmacy
05-Aug-26,ORD-101201,SKU-FRO-0296,14,El Tornillo Hardware
2026-08-05,ORD-101201,SKU-FRO-0085,10,San Martin Corner Store
2026-08-05,ORD-101202,SKU-OFF-0284,18,La Lucha Restaurant
2026-08-05,ORD-101202,SKU-FRO-0090,27,Delta Construction
05/08/2026,ORD-101203,SKU-TOO-0125,6,Andean Group Offices
05-Aug-26,ORD-101203,SKU-BEV-0180,8,Wong North Supermarkets
05-Aug-26,ORD-101203,SKU-SNA-0223,8,Lince Vet Center
2026-08-05,ORD-101204,SKU-SNA-0315,1,Andean Group Offices
2026-08-05,ORD-101204,SKU-FRO-0278,2,El Tornillo Hardware
2026-08-05,ORD-101205,SKU-DAI-0303,1,Lucero Minimarket
05-Aug-26,ORD-101205,SKU-DAI-0184,17,Delta Construction
05-Aug-26,ORD-101206,SKU-BEA-0119,8,La Lucha Restaurant
05-Aug-26,ORD-101206,SKU-GAR-0039,12,Lince Vet Center
2026-08-05,ORD-101206,SKU-DAI-0313,16,Happy Pet Store
05-Aug-26,ORD-101207,SKU-DAI-0123,7,Happy Pet Store
05-Aug-26,ORD-101207,SKU-CLE-0141,16,Lucero Minimarket
2026-08-05,ORD-101208, SKU-HOM-0289,9,Wong North Supermarkets
2026-08-05,ORD-101209,SKU-BEA-0126,10,Lince Vet Center
05/08/2026,ORD-101209,SKU-BEV-0118,2,El Tornillo Hardware
05-Aug-26,ORD-101209,SKU-DAI-0072,15,Wong North Supermarkets
2026-08-05,ORD-101210,SKU-BEA-0193,8,Wong North Supermarkets
05/08/2026,ORD-101211,SKU HOM 0204,5,San Martin Corner Store
05/08/2026,ORD-101211,SKU-FRO-0179,9,San Martin Corner Store
05/08/2026,ORD-101213,SKU-OFF-0284,16,La Lucha Restaurant
05/08/2026,ORD-101213,SKU-TOO-0279,6,Delta Construction
2026-08-05,ORD-101214,SKU-SNA-0223,4,San Martin Corner Store
05-Aug-26,ORD-101214,SKU-DAI-0003,9,Wong North Supermarkets
05/08/2026,ORD-101214,SKU-FRO-0109,7,San Martin Corner Store
2026-08-05,ORD-101215,SKU-HOM-0015,18,Lucero Minimarket
05/08/2026,ORD-101215,SKU-BEA-0191,5,Lucero Minimarket
05-Aug-26,ORD-101215,SKU-BEV-0174,6,El Tornillo Hardware
05-Aug-26,ORD-101216,SKU-TOO-0216,17,Andean Group Offices
2026-08-05,ORD-101217,SKU-OFF-0283,8,Wong North Supermarkets
2026-08-05,ORD-101217,SKU-GAR-0113,6,Delta Construction
05/08/2026,ORD-101217,SKU-DAI-0164,1,Lucero Minimarket
05/08/2026,ORD-101218,SKU-DAI-0184,4,Andean Group Offices
05-Aug-26,ORD-101219,SKU-FRO-0278,3,Andean Group Offices
2026-08-05,ORD-101219,SKU-PET-0146,4,Andean Group Offices
2026-08-05,ORD-101219,SKU-HAR-0266,16,Wong North Supermarkets
2026-08-05,ORD-101220,SKU-BEA-0312,3,Andean Group Offices
05-Aug-26,ORD-101220,sku-gar-0195,2,Wong North Supermarkets
2026-08-05,ORD-101220,SKU-SNA-0097,12,Delta Construction
2026-08-05,ORD-101221,SKU-SNA-0223,3,Happy Pet Store
05-Aug-26,ORD-101222,SKU-PET-0106,8,Andean Group Offices
2026-08-05,ORD-101222,SKU-DAI-0184,4,Lucero Minimarket
05-Aug-26,ORD-101224,SKU-OFF-0228,3,Andean Group Offices
2026-08-05,ORD-101224,SKU-BEV-0242,27,San Martin Corner Store
05/08/2026,ORD-101224,SKU-HOM-0316,5,Inkafarma Comas Pharmacy
05-Aug-26,ORD-101225,SKU-OFF-0007,7,Lucero Minimarket
05/08/2026,ORD-101225,SKU-OFF-0007,8,El Tornillo Hardware
05-Aug-26,ORD-101225,SKU-HOM-0262,10,La Lucha Restaurant
05/08/2026,ORD-101226,SKU-BEA-0062,11,La Lucha Restaurant
05/08/2026,ORD-101226, SKU-FRO-0220,5,Inkafarma Comas Pharmacy
05/08/2026,ORD-101226,SKU-OFF-0257,2,Andean Group Offices
05-Aug-26,ORD-101227,SKU-CLE-0061,12,Inkafarma Comas Pharmacy
2026-08-05,ORD-101228,SKU-BEA-0062,10,Wong North Supermarkets
05/08/2026,ORD-101229,SKU-BEV-0033,2,Delta Construction
05/08/2026,ORD-101229,SKU-PET-0217,13,Lucero Minimarket
05/08/2026,ORD-101230,SKU-BEA-0264,8,San Martin Corner Store
05/08/2026,ORD-101230,SKU-FRO-0203,7,El Tornillo Hardware
2026-08-05,ORD-101231,SKU-TOO-0216,14,Andean Group Offices
05/08/2026,ORD-101231,SKU-SNA-0199,2,Lince Vet Center
05/08/2026,ORD-101232,SKU-FRO-0132,2,El Tornillo Hardware
05/08/2026,ORD-101232,SKU-BEV-0174,5,Inkafarma Comas Pharmacy
2026-08-05,ORD-101233,SKU-OFF-0225,18,San Martin Corner Store
05/08/2026,ORD-101233,SKU-HAR-0285,16,Wong North Supermarkets
05-Aug-26,ORD-101234, SKU-OFF-0283,7,Andean Group Offices
05/08/2026,ORD-101234,SKU-DAI-0303,4,Inkafarma Comas Pharmacy
2026-08-05,ORD-101234,SKU-BEA-0045,16,Andean Group Offices
05/08/2026,ORD-101235,SKU-FRO-0014,10,Wong North Supermarkets
05/08/2026,ORD-101235,SKU-GAR-0021,6,San Martin Corner Store
05/08/2026,ORD-101235,SKU-OFF-0228,14,Lince Vet Center
2026-08-05,ORD-101236,SKU-CLE-0282,8,La Lucha Restaurant
05-Aug-26,ORD-101236,SKU-DAI-0303,1,San Martin Corner Store
05/08/2026,ORD-101236,SKU-DAI-0082,1,Inkafarma Comas Pharmacy
2026-08-05,ORD-101237,SKU-BEV-0180,16,La Lucha Restaurant
2026-08-05,ORD-101237,SKU-BEV-0150,8,Delta Construction
2026-08-05,ORD-101238,SKU-BEA-0291,3,Andean Group Offices
05/08/2026,ORD-101238,SKU-DAI-0070,8,Inkafarma Comas Pharmacy
2026-08-05,ORD-101239,SKU-DAI-0313,9,La Lucha Restaurant
05/08/2026,ORD-101239,SKU-FRO-0296,7,San Martin Corner Store
05/08/2026,ORD-101240,SKU-FRO-0296,3,Delta Construction
05-Aug-26,ORD-101241,SKU-SNA-0223,12,La Lucha Restaurant
2026-08-05,ORD-101241,SKU-DAI-0184,4,Happy Pet Store
05-Aug-26,ORD-101242,SKU-CLE-0248,8,Lince Vet Center
05-Aug-26,ORD-101243,SKU-GAR-0021,4,San Martin Corner Store
05/08/2026,ORD-101243,SKU-SNA-0223,3,La Lucha Restaurant
05-Aug-26,ORD-101243,SKU-FRO-0136,2,Inkafarma Comas Pharmacy
05/08/2026,ORD-101244,SKU-HOM-0089,9,El Tornillo Hardware
05-Aug-26,ORD-101244,SKU-FRO-0136,1,Lucero Minimarket
05-Aug-26,ORD-101245,SKU-OFF-0225,6,Wong North Supermarkets
05-Aug-26,ORD-101245,SKU-SNA-0223,7,La Lucha Restaurant
2026-08-05,ORD-101246,SKU-HAR-0237,16,La Lucha Restaurant
05/08/2026,ORD-101246,SKU-HOM-0204,10,La Lucha Restaurant
05-Aug-26,ORD-101246,SKU-OFF-0259,1,Lince Vet Center
05-Aug-26,ORD-101247,SKU-FRO-0114,12,Happy Pet Store
05-Aug-26,ORD-101248,SKU-PET-0217,7,Delta Construction
05/08/2026,ORD-101248,SKU-HAR-0266,16,San Martin Corner Store
05-Aug-26,ORD-101248,SKU-DAI-0082,10,Happy Pet Store
05/08/2026,ORD-101249,SKU-CLE-0209,13,Lucero Minimarket
05/08/2026,ORD-101249,SKU-DAI-0054,6,Lucero Minimarket
05-Aug-26,ORD-101250,SKU-PET-0155,25,Wong North Supermarkets
05/08/2026,ORD-101250,SKU-BEA-0291,4,La Lucha Restaurant
2026-08-05,ORD-101252,SKU-HOM-0015,4,Happy Pet Store
2026-08-05,ORD-101253,SKU-FRO-0288,1,Lince Vet Center
05-Aug-26,ORD-101253,SKU-DAI-0169,4,Lince Vet Center
05-Aug-26,ORD-101254,SKU DAI 0164,1,Happy Pet Store
2026-08-05,ORD-101255,SKU-DAI-0313,24,Happy Pet Store
2026-08-05,ORD-101255,SKU-BEA-0168,4,El Tornillo Hardware
05-Aug-26,ORD-101257,SKU-DAI-0184,17,Lince Vet Center
05-Aug-26,ORD-101257,SKU-CLE-0018,11,Lucero Minimarket
05/08/2026,ORD-101257,SKU FRO 0014,1,La Lucha Restaurant
05/08/2026,ORD-101258,SKU-CLE-0061,24,Happy Pet Store
05-Aug-26,ORD-101258,SKU-HOM-0089,4,Andean Group Offices
2026-08-05,ORD-101259,SKU-DAI-0164,5,Andean Group Offices
05/08/2026,ORD-101259,SKU-BEA-0168,4,Lucero Minimarket
05/08/2026,ORD-101260,SKU-DAI-0169,12,San Martin Corner Store
05-Aug-26,ORD-101260,SKU-BEV-0037,8,Wong North Supermarkets
2026-08-05,ORD-101261,SKU-BEA-0163,1,Lince Vet Center
05-Aug-26,ORD-101261,SKU-FRO-0296,13,Inkafarma Comas Pharmacy
2026-08-05,ORD-101262,SKU-BEA-0274,4,Lucero Minimarket
2026-08-05,ORD-101262,SKU-PET-0031,5,La Lucha Restaurant
05-Aug-26,ORD-101263,SKU-OFF-0140,4,Lucero Minimarket
2026-08-05,ORD-101264,SKU-FRO-0278,7,Inkafarma Comas Pharmacy
05/08/2026,ORD-101264,SKU-DAI-0123,5,Lucero Minimarket
05/08/2026,ORD-101264,SKU-OFF-0259,26,Delta Construction
2026-08-05,ORD-101265,SKU-BEA-0045,11,Lince Vet Center
05-Aug-26,ORD-101265,SKU-HOM-0289,1,Inkafarma Comas Pharmacy
05/08/2026,ORD-101266,SKU-FRO-0136,7,Delta Construction
05/08/2026,ORD-101267,SKU-OFF-0257,1,Wong North Supermarkets
05/08/2026,ORD-101267,SKU-TOO-0295,8,San Martin Corner Store
2026-08-05,ORD-101267,SKU-PET-0017,3,Inkafarma Comas Pharmacy
05-Aug-26,ORD-101269,SKU-SNA-0244,21,Lucero Minimarket
05/08/2026,ORD-101269,SKU-TOO-0122,10,San Martin Corner Store
2026-08-05,ORD-101271,SKU-DAI-0003,1,San Martin Corner Store
2026-08-05,ORD-101271,SKU-OFF-0140,5,Happy Pet Store
2026-08-05,ORD-101272,SKU-DAI-0072,14,San Martin Corner Store
05/08/2026,ORD-101272,SKU-HOM-0204,4,Delta Construction
05-Aug-26,ORD-101274,SKU-FRO-0114,14,Lince Vet Center
05/08/2026,ORD-101275,SKU-DAI-0184,12,El Tornillo Hardware
2026-08-05,ORD-101275,SKU-DAI-0164,1,El Tornillo Hardware
05-Aug-26,ORD-101276,SKU-FRO-0109,3,San Martin Corner Store
2026-08-05,ORD-101277,SKU-SNA-0057,12,El Tornillo Hardware
05/08/2026,ORD-101277,SKU-DAI-0003,11,Wong North Supermarkets
05-Aug-26,ORD-101278, SKU-HAR-0266,5,Inkafarma Comas Pharmacy
05/08/2026,ORD-101278,SKU-PET-0146,6,Lince Vet Center
2026-08-05,ORD-101279,SKU-HAR-0309,15,El Tornillo Hardware
2026-08-05,ORD-101279,SKU-DAI-0123,1,La Lucha Restaurant
05-Aug-26,ORD-101280,SKU-PET-0106,8,Lucero Minimarket
05/08/2026,ORD-101281,SKU-DAI-0082,2,Delta Construction
2026-08-05,ORD-101281,SKU-DAI-0070,4,Lince Vet Center
2026-08-05,ORD-101282,SKU-GAR-0021,3,San Martin Corner Store
05/08/2026,ORD-101282,SKU-HOM-0127,10,Wong North Supermarkets
2026-08-05,ORD-101283,SKU-DAI-0070,3,El Tornillo Hardware
05-Aug-26,ORD-101283,SKU-BEV-0202,1,Delta Construction
05-Aug-26,ORD-101284,SKU-PET-0076,11,Inkafarma Comas Pharmacy
05/08/2026,ORD-101284,SKU-PET-0227,2,San Martin Corner Store
05-Aug-26,ORD-101284,SKU-CLE-0209,9,Wong North Supermarkets
05-Aug-26,ORD-101285,SKU-FRO-0238,10,Wong North Supermarkets
2026-08-05,ORD-101285,SKU-FRO-0203,21,Delta Construction
05/08/2026,ORD-101286,SKU-FRO-0132,20,San Martin Corner Store
05/08/2026,ORD-101287,SKU-FRO-0288,2,La Lucha Restaurant
2026-08-05,ORD-101288,SKU-GAR-0111,13,Wong North Supermarkets
05/08/2026,ORD-101288,SKU TOO 0200,18,El Tornillo Hardware
05/08/2026,ORD-101289,SKU-PET-0099,10,El Tornillo Hardware
05/08/2026,ORD-101289,SKU-BEA-0148,1,La Lucha Restaurant
05/08/2026,ORD-101290,SKU-PET-0318,17,Andean Group Offices
05-Aug-26,ORD-101290,SKU-HOM-0092,6,Delta Construction
05-Aug-26,ORD-101291,SKU-CLE-0061,23,Andean Group Offices
05-Aug-26,ORD-101291,SKU-FRO-0238,15,Andean Group Offices
2026-08-05,ORD-101292,SKU-PET-0173,3,Lince Vet Center
05-Aug-26,ORD-101292,SKU-PET-0106,4,San Martin Corner Store
2026-08-05,ORD-101293,SKU-SNA-0199,2,El Tornillo Hardware
2026-08-05,ORD-101294,SKU-OFF-0228,3,El Tornillo Hardware
05-Aug-26,ORD-101295,SKU-TOO-0069,5,El Tornillo Hardware
05-Aug-26,ORD-101295,SKU-PET-0304,18,El Tornillo Hardware
05/08/2026,ORD-101295,SKU-FRO-0288,1,Inkafarma Comas Pharmacy
05-Aug-26,ORD-101296,SKU-FRO-0196,8,Wong North Supermarkets
05-Aug-26,ORD-101297,sku-fro-0014,8,Delta Construction
05-Aug-26,ORD-101297,SKU-DAI-0313,4,Happy Pet Store
05/08/2026,ORD-101297,SKU-DAI-0123,3,Lucero Minimarket
05/08/2026,ORD-101298,SKU-HOM-0020,3,Inkafarma Comas Pharmacy
2026-08-05,ORD-101298,SKU-BEA-0144,8,El Tornillo Hardware
2026-08-05,ORD-101299,SKU-HOM-0089,5,Lince Vet Center
05/08/2026,ORD-101299,SKU-DAI-0082,5,San Martin Corner Store
05/08/2026,ORD-101300,SKU-BEV-0202,3,Andean Group Offices
05/08/2026,ORD-101300,SKU-TOO-0210,8,Inkafarma Comas Pharmacy
05/08/2026,ORD-101301,SKU-BEV-0311,22,Lucero Minimarket
2026-08-05,ORD-101302, SKU-DAI-0303,2,Lince Vet Center
05-Aug-26,ORD-101303,SKU-CLE-0248,1,Lucero Minimarket
2026-08-05,ORD-101303,SKU-DAI-0184,15,Lucero Minimarket
05-Aug-26,ORD-101304,SKU-DAI-0123,8,Wong North Supermarkets
05/08/2026,ORD-101304,SKU-FRO-0288,3,Delta Construction
2026-08-05,ORD-101305,SKU-BEA-0045,1,Delta Construction
2026-08-05,ORD-101305,SKU-FRO-0196,7,Delta Construction
05/08/2026,ORD-101306,SKU-BEV-0180,10,Wong North Supermarkets
05-Aug-26,ORD-101306,SKU-TOO-0279,1,Inkafarma Comas Pharmacy
05-Aug-26,ORD-101307,SKU-TOO-0221,5,San Martin Corner Store
05/08/2026,ORD-101307,SKU-HOM-0112,19,Wong North Supermarkets
05/08/2026,ORD-101307,SKU-DAI-0072,12,El Tornillo Hardware
05/08/2026,ORD-101308,SKU-BEA-0045,6,El Tornillo Hardware
2026-08-05,ORD-101308,SKU-TOO-0221,8,Lince Vet Center
05/08/2026,ORD-101308,SKU-OFF-0257,3,El Tornillo Hardware
2026-08-05,ORD-101309,SKU-TOO-0069,5,Andean Group Offices
2026-08-05,ORD-101309,SKU-OFF-0236,6,Lince Vet Center
2026-08-05,ORD-101310,SKU-DAI-0313,17,San Martin Corner Store
05/08/2026,ORD-101310,SKU-PET-0087,4,San Martin Corner Store
05/08/2026,ORD-101311,SKU-GAR-0021,7,El Tornillo Hardware
2026-08-05,ORD-101311,SKU-BEA-0291,7,Happy Pet Store
05-Aug-26,ORD-101312,SKU-SNA-0244,9,San Martin Corner Store
05/08/2026,ORD-101312,SKU-SNA-0188,15,Lucero Minimarket
05-Aug-26,ORD-101312,SKU-OFF-0283,2,El Tornillo Hardware
2026-08-05,ORD-101313,SKU-CLE-0276,3,Delta Construction
05-Aug-26,ORD-101313,SKU-BEV-0174,1,Lince Vet Center
05/08/2026,ORD-101313,SKU-BEV-0174,5,San Martin Corner Store
05/08/2026,ORD-101314,SKU-BEA-0193,6,Andean Group Offices
05-Aug-26,ORD-101314,SKU-CLE-0231,4,Lince Vet Center
2026-08-05,ORD-101315,SKU-FRO-0220,5,El Tornillo Hardware
05/08/2026,ORD-101315,SKU-DAI-0070,8,Andean Group Offices
05-Aug-26,ORD-101315,SKU-OFF-0060,21,Andean Group Offices
05-Aug-26,ORD-101316,SKU-FRO-0109,2,Inkafarma Comas Pharmacy
2026-08-05,ORD-101317,SKU-OFF-0043,13,El Tornillo Hardware
05/08/2026,ORD-101317,SKU-HOM-0112,12,La Lucha Restaurant
2026-08-05,ORD-101319,SKU-FRO-0278,10,Lince Vet Center
05-Aug-26,ORD-101319,SKU-OFF-0284,13,Lince Vet Center
05-Aug-26,ORD-101319,SKU-DAI-0303,1,La Lucha Restaurant
2026-08-05,ORD-101320,SKU-DAI-0303,2,El Tornillo Hardware
2026-08-05,ORD-101320,SKU-PET-0076,10,San Martin Corner Store
05-Aug-26,ORD-101321,SKU-OFF-0007,6,El Tornillo Hardware
2026-08-05,ORD-101321,SKU-TOO-0131,9,Lince Vet Center
05-Aug-26,ORD-101321,SKU-BEV-0301,2,El Tornillo Hardware
05/08/2026,ORD-101322,SKU-HAR-0266,5,San Martin Corner Store
2026-08-05,ORD-101323, SKU-DAI-0184,13,Wong North Supermarkets
05/08/2026,ORD-101323,SKU-FRO-0238,4,Happy Pet Store
2026-08-05,ORD-101324,SKU-TOO-0026,10,Lince Vet Center
05/08/2026,ORD-101324,SKU-BEA-0126,6,El Tornillo Hardware
05/08/2026,ORD-101324,SKU-HOM-0013,2,Andean Group Offices
05/08/2026,ORD-101325,SKU-DAI-0070,1,Lince Vet Center
2026-08-05,ORD-101326,SKU-DAI-0164,3,Lucero Minimarket
2026-08-05,ORD-101326,SKU-FRO-0090,21,El Tornillo Hardware
05-Aug-26,ORD-101327,SKU-PET-0270,2,Lucero Minimarket
05/08/2026,ORD-101328,SKU-DAI-0072,8,San Martin Corner Store
05/08/2026,ORD-101328,SKU-BEA-0151,4,Delta Construction
05-Aug-26,ORD-101328,SKU-BEA-0034,2,La Lucha Restaurant
2026-08-05,ORD-101329,SKU-PET-0304,3,Lince Vet Center
2026-08-05,ORD-101329,SKU-FRO-0246,1,San Martin Corner Store
2026-08-05,ORD-101330,SKU-CLE-0061,25,El Tornillo Hardware
05/08/2026,ORD-101331,SKU-DAI-0184,17,Wong North Supermarkets
05/08/2026,ORD-101331,SKU-CLE-0231,1,El Tornillo Hardware
2026-08-05,ORD-101332,SKU-OFF-0249,5,Wong North Supermarkets
05-Aug-26,ORD-101332,SKU-DAI-0313,3,Delta Construction
2026-08-05,ORD-101333,SKU-GAR-0111,15,Inkafarma Comas Pharmacy
2026-08-05,ORD-101333,SKU-DAI-0313,17,Lucero Minimarket
05-Aug-26,ORD-101333,SKU-FRO-0278,12,Andean Group Offices
2026-08-05,ORD-101334,SKU-FRO-0296,18,San Martin Corner Store
05-Aug-26,ORD-101334,SKU-FRO-0203,13,Lucero Minimarket
05/08/2026,ORD-101334,SKU-HOM-0316,10,Happy Pet Store
2026-08-05,ORD-101335,SKU-CLE-0061,21,Inkafarma Comas Pharmacy
05-Aug-26,ORD-101335,SKU-FRO-0114,14,Inkafarma Comas Pharmacy
05-Aug-26,ORD-101336,SKU-CLE-0248,2,Wong North Supermarkets
05-Aug-26,ORD-101337,SKU-OFF-0043,10,Inkafarma Comas Pharmacy
05/08/2026,ORD-101337,SKU-FRO-0090,28,Andean Group Offices
05/08/2026,ORD-101339, SKU-PET-0106,14,San Martin Corner Store
06-Aug-26,ORD-101339,SKU-CLE-0139,9,Happy Pet Store
06-Aug-26,ORD-101340,SKU-SNA-0244,13,Happy Pet Store
06/08/2026,ORD-101340,SKU-DAI-0082,4,Happy Pet Store
06/08/2026,ORD-101340,SKU-TOO-0049,13,Wong North Supermarkets
06/08/2026,ORD-101342,SKU-DAI-0123,4,Inkafarma Comas Pharmacy
06-Aug-26,ORD-101342,SKU-TOO-0026,10,El Tornillo Hardware
2026-08-06,ORD-101343,SKU-CLE-0263,5,Happy Pet Store
06/08/2026,ORD-101343,SKU-TOO-0210,7,Lucero Minimarket
2026-08-06,ORD-101344,SKU-CLE-0231,4,Wong North Supermarkets
06/08/2026,ORD-101344,SKU-BEA-0062,6,Delta Construction
06-Aug-26,ORD-101345,SKU BEV 0176,8,Lince Vet Center
2026-08-06,ORD-101346,SKU-HOM-0020,1,Delta Construction
06/08/2026,ORD-101346,SKU-TOO-0279,4,Inkafarma Comas Pharmacy
06-Aug-26,ORD-101347,SKU-GAR-0078,7,Lucero Minimarket
2026-08-06,ORD-101347,SKU-BEA-0019,8,San Martin Corner Store
2026-08-06,ORD-101347,SKU-PET-0173,6,Lince Vet Center
2026-08-06,ORD-101348,SKU-DAI-0082,7,El Tornillo Hardware
06-Aug-26,ORD-101348,SKU-DAI-0082,2,Andean Group Offices
2026-08-06,ORD-101348,SKU-DAI-0184,1,Wong North Supermarkets
06/08/2026,ORD-101349,SKU-DAI-0169,11,Happy Pet Store
2026-08-06,ORD-101349,SKU-HOM-0289,12,Inkafarma Comas Pharmacy
06-Aug-26,ORD-101349,SKU-PET-0318,12,Andean Group Offices
06/08/2026,ORD-101350,SKU-SNA-0057,8,Andean Group Offices
06-Aug-26,ORD-101350,SKU-FRO-0278,12,Lince Vet Center
06-Aug-26,ORD-101350,SKU-OFF-0249,8,Andean Group Offices
06-Aug-26,ORD-101351,SKU-DAI-0169,12,El Tornillo Hardware
06/08/2026,ORD-101351,SKU-OFF-0283,5,Andean Group Offices
06-Aug-26,ORD-101352,SKU-HOM-0112,15,Lucero Minimarket
06/08/2026,ORD-101353,SKU-HOM-0065,13,Happy Pet Store
2026-08-06,ORD-101354,SKU-OFF-0259,21,Lucero Minimarket
06-Aug-26,ORD-101354,SKU-OFF-0249,2,Happy Pet Store
06-Aug-26,ORD-101355,SKU-TOO-0221,7,Andean Group Offices
06-Aug-26,ORD-101355,SKU-FRO-0296,3,Lince Vet Center
06/08/2026,ORD-101356,SKU-DAI-0184,18,Lucero Minimarket
06-Aug-26,ORD-101356,SKU-BEA-0006,7,Happy Pet Store
06/08/2026,ORD-101357,SKU-BEV-0137,12,Happy Pet Store
06-Aug-26,ORD-101357,SKU-PET-0270,2,San Martin Corner Store
06-Aug-26,ORD-101358,SKU-DAI-0070,8,Happy Pet Store
2026-08-06,ORD-101358,SKU-HOM-0020,6,Inkafarma Comas Pharmacy
06-Aug-26,ORD-101359,SKU-CLE-0041,10,Andean Group Offices
06-Aug-26,ORD-101359,SKU-OFF-0074,20,Andean Group Offices
06-Aug-26,ORD-101359,SKU-BEV-0176,3,Wong North Supermarkets
06-Aug-26,ORD-101360,SKU-OFF-0140,4,Inkafarma Comas Pharmacy
06/08/2026,ORD-101360,SKU-PET-0102,8,Happy Pet Store
06-Aug-26,ORD-101360,SKU-FRO-0196,1,Wong North Supermarkets
06/08/2026,ORD-101361,SKU-HAR-0254,3,Wong North Supermarkets
06/08/2026,ORD-101362,SKU-OFF-0043,12,Wong North Supermarkets
06-Aug-26,ORD-101362,SKU-DAI-0184,5,Wong North Supermarkets
2026-08-06,ORD-101363,SKU-CLE-0061,23,San Martin Corner Store
2026-08-06,ORD-101363,SKU-HOM-0089,2,Inkafarma Comas Pharmacy
06-Aug-26,ORD-101364,SKU-BEA-0126,1,El Tornillo Hardware
2026-08-06,ORD-101364,SKU-PET-0173,10,El Tornillo Hardware
06/08/2026,ORD-101364,SKU-BEA-0193,7,Wong North Supermarkets
06-Aug-26,ORD-101365,SKU-DAI-0169,5,Happy Pet Store
2026-08-06,ORD-101366,SKU-BEA-0264,6,Lucero Minimarket
06-Aug-26,ORD-101367,SKU-BEA-0073,5,Happy Pet Store
06-Aug-26,ORD-101367,SKU FRO 0114,6,Lince Vet Center
2026-08-06,ORD-101367,SKU-OFF-0236,11,Delta Construction
06/08/2026,ORD-101368,SKU-PET-0087,6,Inkafarma Comas Pharmacy
2026-08-06,ORD-101368,SKU-BEV-0176,2,Andean Group Offices
06/08/2026,ORD-101368,SKU-DAI-0184,4,Inkafarma Comas Pharmacy
06-Aug-26,ORD-101369,SKU-HOM-0316,9,Lince Vet Center
2026-08-06,ORD-101369,SKU-DAI-0184,8,Happy Pet Store
06-Aug-26,ORD-101371,SKU-FRO-0109,8,Happy Pet Store
2026-08-06,ORD-101371,SKU-FRO-0238,3,Lucero Minimarket
06-Aug-26,ORD-101371,SKU-BEV-0176,4,Inkafarma Comas Pharmacy
06/08/2026,ORD-101372,SKU-GAR-0157,8,Inkafarma Comas Pharmacy
2026-08-06,ORD-101372,SKU-BEV-0180,3,Andean Group Offices
06-Aug-26,ORD-101374,SKU-DAI-0169,10,Happy Pet Store
06/08/2026,ORD-101374,SKU-BEV-0005,4,Andean Group Offices
06-Aug-26,ORD-101374,SKU-HOM-0020,2,Delta Construction
2026-08-06,ORD-101375,SKU-DAI-0123,1,La Lucha Restaurant
06-Aug-26,ORD-101376,SKU-HOM-0112,12,Inkafarma Comas Pharmacy
2026-08-06,ORD-101377,SKU-CLE-0041,5,La Lucha Restaurant
06-Aug-26,ORD-101378,SKU-DAI-0303,2,Andean Group Offices
06/08/2026,ORD-101378,SKU-FRO-0296,15,Delta Construction
2026-08-06,ORD-101379,SKU-DAI-0313,9,El Tornillo Hardware
06-Aug-26,ORD-101379,SKU-FRO-0213,13,Wong North Supermarkets
06-Aug-26,ORD-101379,SKU-BEV-0242,15,Lucero Minimarket
06-Aug-26,ORD-101380,SKU-FRO-0109,1,Wong North Supermarkets
06/08/2026,ORD-101380,SKU-OFF-0010,6,Lince Vet Center
06-Aug-26,ORD-101381,SKU-DAI-0082,5,San Martin Corner Store
06/08/2026,ORD-101382,SKU-BEA-0291,6,Andean Group Offices
2026-08-06,ORD-101382,SKU-OFF-0257,6,San Martin Corner Store
2026-08-06,ORD-101382,SKU-FRO-0213,2,Andean Group Offices
2026-08-06,ORD-101383,SKU-BEV-0219,12,Lucero Minimarket
06-Aug-26,ORD-101383,SKU-FRO-0090,12,El Tornillo Hardware
2026-08-06,ORD-101384,SKU SNA 0298,7,San Martin Corner Store
06-Aug-26,ORD-101384,SKU-GAR-0157,16,Inkafarma Comas Pharmacy
06/08/2026,ORD-101384,SKU-FRO-0213,22,San Martin Corner Store
2026-08-06,ORD-101385,SKU-OFF-0257,4,Delta Construction
06-Aug-26,ORD-101385,SKU BEV 0084,1,Andean Group Offices
2026-08-06,ORD-101386,SKU-BEV-0174,6,Andean Group Offices
06/08/2026,ORD-101387,SKU-SNA-0315,16,Wong North Supermarkets
06/08/2026,ORD-101388,sku-bev-0242,3,Delta Construction
06-Aug-26,ORD-101389,SKU-TOO-0216,24,El Tornillo Hardware
06-Aug-26,ORD-101389,SKU-OFF-0283,3,Lince Vet Center
06/08/2026,ORD-101390,SKU-BEA-0019,5,Lucero Minimarket
06/08/2026,ORD-101391,SKU-DAI-0184,15,San Martin Corner Store
2026-08-06,ORD-101391,SKU-BEA-0019,10,Andean Group Offices
06/08/2026,ORD-101392,SKU-SNA-0233,4,San Martin Corner Store
06/08/2026,ORD-101392,SKU-GAR-0157,14,Andean Group Offices
06-Aug-26,ORD-101393,SKU-HOM-0316,5,Happy Pet Store
2026-08-06,ORD-101394,SKU-BEV-0176,5,El Tornillo Hardware
06/08/2026,ORD-101394,SKU-TOO-0080,3,Inkafarma Comas Pharmacy
06/08/2026,ORD-101395,SKU-BEV-0084,15,San Martin Corner Store
06/08/2026,ORD-101395,SKU-BEV-0301,7,La Lucha Restaurant
06/08/2026,ORD-101396,SKU-BEA-0215,7,Inkafarma Comas Pharmacy
06-Aug-26,ORD-101396,SKU-DAI-0054,7,La Lucha Restaurant
2026-08-06,ORD-101397,SKU-DAI-0313,7,Delta Construction
06/08/2026,ORD-101398,SKU-DAI-0123,3,Inkafarma Comas Pharmacy
2026-08-06,ORD-101398,SKU-DAI-0169,10,San Martin Corner Store
06-Aug-26,ORD-101399,SKU-DAI-0072,3,Inkafarma Comas Pharmacy
06/08/2026,ORD-101400,SKU-OFF-0283,22,Wong North Supermarkets
06/08/2026,ORD-101400,SKU-FRO-0278,8,La Lucha Restaurant
2026-08-06,ORD-101401,SKU-DAI-0082,10,Lucero Minimarket
2026-08-06,ORD-101401,SKU-BEA-0034,5,El Tornillo Hardware
2026-08-06,ORD-101401,SKU-PET-0217,9,Happy Pet Store
2026-08-06,ORD-101402,SKU-DAI-0070,1,Andean Group Offices
06-Aug-26,ORD-101403,SKU-CLE-0248,1,Lince Vet Center
06/08/2026,ORD-101403,SKU-BEV-0176,6,Inkafarma Comas Pharmacy
06-Aug-26,ORD-101403,SKU-FRO-0238,8,Lince Vet Center
2026-08-06,ORD-101404,SKU-FRO-0288,2,Wong North Supermarkets
06/08/2026,ORD-101404,SKU-HOM-0316,2,La Lucha Restaurant
06/08/2026,ORD-101405,SKU-PET-0227,1,Andean Group Offices
06-Aug-26,ORD-101405,SKU-BEA-0264,5,Inkafarma Comas Pharmacy
06/08/2026,ORD-101406,SKU CLE 0282,2,Happy Pet Store
2026-08-06,ORD-101407,SKU-GAR-0111,6,Delta Construction
06-Aug-26,ORD-101407,SKU-DAI-0164,3,Lucero Minimarket
06-Aug-26,ORD-101408,SKU-DAI-0070,12,Lucero Minimarket
2026-08-06,ORD-101408,SKU-BEA-0177,2,Lucero Minimarket
06-Aug-26,ORD-101411,SKU-DAI-0123,5,Andean Group Offices
2026-08-06,ORD-101411,SKU-TOO-0080,2,Delta Construction
06-Aug-26,ORD-101412,SKU-SNA-0223,15,La Lucha Restaurant
06-Aug-26,ORD-101412,SKU-HOM-0065,6,Inkafarma Comas Pharmacy
06-Aug-26,ORD-101413,SKU-HOM-0251,15,Lince Vet Center
2026-08-06,ORD-101413,SKU-GAR-0287,2,La Lucha Restaurant
06-Aug-26,ORD-101413,SKU-BEV-0005,4,El Tornillo Hardware
06-Aug-26,ORD-101414,SKU-PET-0318,8,Lucero Minimarket
2026-08-06,ORD-101414,SKU-FRO-0296,2,El Tornillo Hardware
06/08/2026,ORD-101414,SKU-SNA-0057,4,Andean Group Offices
2026-08-06,ORD-101415,SKU-BEA-0177,5,Wong North Supermarkets
06/08/2026,ORD-101415,SKU-SNA-0046,3,Wong North Supermarkets
06-Aug-26,ORD-101416,SKU-GAR-0153,15,Lucero Minimarket
06/08/2026,ORD-101418,SKU-TOO-0069,5,Inkafarma Comas Pharmacy
2026-08-06,ORD-101418,SKU-DAI-0082,1,Andean Group Offices
06-Aug-26,ORD-101419,SKU-BEA-0291,1,Inkafarma Comas Pharmacy
06/08/2026,ORD-101419,SKU-DAI-0054,7,San Martin Corner Store
06-Aug-26,ORD-101419,SKU-DAI-0123,3,La Lucha Restaurant
06/08/2026,ORD-101420,SKU-DAI-0070,1,Happy Pet Store
06/08/2026,ORD-101421,SKU-BEA-0045,9,Happy Pet Store
06/08/2026,ORD-101422,SKU-BEV-0058,17,Delta Construction
06-Aug-26,ORD-101422,SKU-GAR-0157,21,Lince Vet Center
06/08/2026,ORD-101423,SKU-FRO-0296,14,Delta Construction
06/08/2026,ORD-101423,SKU-BEV-0174,4,La Lucha Restaurant
2026-08-06,ORD-101424,SKU-GAR-0120,12,El Tornillo Hardware
06/08/2026,ORD-101425,SKU-FRO-0196,14,Lucero Minimarket
06-Aug-26,ORD-101426,SKU-GAR-0287,3,Lucero Minimarket
06/08/2026,ORD-101426,SKU-BEV-0176,2,Lucero Minimarket
2026-08-06,ORD-101427,SKU-DAI-0070,12,Lince Vet Center
06/08/2026,ORD-101427, SKU-BEA-0177,1,Delta Construction
2026-08-06,ORD-101428,SKU-OFF-0257,10,La Lucha Restaurant
06-Aug-26,ORD-101428,SKU-HOM-0020,1,Lucero Minimarket
06-Aug-26,ORD-101429,SKU-FRO-0272,17,El Tornillo Hardware
2026-08-06,ORD-101429,SKU-FRO-0114,6,La Lucha Restaurant
2026-08-06,ORD-101429,SKU-SNA-0315,25,Lucero Minimarket
06/08/2026,ORD-101430,SKU-DAI-0123,2,El Tornillo Hardware
06-Aug-26,ORD-101430,SKU-BEA-0310,15,Wong North Supermarkets
06-Aug-26,ORD-101430,SKU-PET-0173,9,Inkafarma Comas Pharmacy
06-Aug-26,ORD-101431,SKU-HOM-0089,2,Wong North Supermarkets
2026-08-06,ORD-101432,SKU-TOO-0295,13,Delta Construction
06/08/2026,ORD-101433,SKU-CLE-0141,7,La Lucha Restaurant
2026-08-06,ORD-101433,SKU-PET-0087,3,La Lucha Restaurant
06-Aug-26,ORD-101433,SKU-FRO-0296,1,Andean Group Offices
06-Aug-26,ORD-101434,SKU-TOO-0210,14,El Tornillo Hardware
06-Aug-26,ORD-101435,SKU-BEV-0180,5,Delta Construction
2026-08-06,ORD-101435,SKU-SNA-0030,20,Delta Construction
06/08/2026,ORD-101436,SKU-SNA-0223,4,San Martin Corner Store
2026-08-06,ORD-101436,SKU-HOM-0204,5,Andean Group Offices
06-Aug-26,ORD-101437,SKU-PET-0173,1,La Lucha Restaurant
06/08/2026,ORD-101437,SKU-PET-0087,1,Happy Pet Store
06/08/2026,ORD-101437, SKU-DAI-0184,16,Delta Construction
06/08/2026,ORD-101438,SKU-BEV-0311,14,Wong North Supermarkets
2026-08-06,ORD-101438,SKU-CLE-0248,2,San Martin Corner Store
06-Aug-26,ORD-101439,SKU-TOO-0056,6,El Tornillo Hardware
06-Aug-26,ORD-101439,SKU-BEA-0096,3,Lucero Minimarket
06-Aug-26,ORD-101439,SKU-CLE-0041,17,Happy Pet Store
06-Aug-26,ORD-101440,SKU-FRO-0196,15,Happy Pet Store
06/08/2026,ORD-101441,SKU-BEV-0180,7,Inkafarma Comas Pharmacy
2026-08-06,ORD-101442,SKU-FRO-0114,17,Andean Group Offices
06-Aug-26,ORD-101442,SKU-GAR-0157,2,Lince Vet Center
06-Aug-26,ORD-101443,SKU-FRO-0196,8,Delta Construction
2026-08-06,ORD-101443,SKU-GAR-0039,4,Happy Pet Store
06/08/2026,ORD-101443,SKU-FRO-0238,8,Andean Group Offices
06-Aug-26,ORD-101444,SKU-DAI-0313,10,La Lucha Restaurant
06/08/2026,ORD-101445,SKU-DAI-0072,4,Lince Vet Center
06-Aug-26,ORD-101445,SKU-SNA-0223,1,La Lucha Restaurant
06/08/2026,ORD-101445,SKU-OFF-0284,20,Delta Construction
06/08/2026,ORD-101446,SKU-BEV-0219,2,Lince Vet Center
06/08/2026,ORD-101447,SKU-FRO-0213,19,Inkafarma Comas Pharmacy
2026-08-06,ORD-101447,SKU-HAR-0285,24,El Tornillo Hardware
06/08/2026,ORD-101448,SKU-HOM-0204,11,Wong North Supermarkets
2026-08-06,ORD-101448,SKU-SNA-0199,2,Andean Group Offices
06/08/2026,ORD-101450,SKU-OFF-0225,5,Wong North Supermarkets
06/08/2026,ORD-101451,SKU-PET-0160,3,Lince Vet Center
06/08/2026,ORD-101452,SKU-OFF-0259,13,El Tornillo Hardware
2026-08-06,ORD-101453,SKU-CLE-0041,13,Happy Pet Store
06/08/2026,ORD-101453,SKU-BEV-0176,10,San Martin Corner Store
06/08/2026,ORD-101454,SKU-OFF-0284,23,Happy Pet Store
06-Aug-26,ORD-101454,SKU-DAI-0054,10,Happy Pet Store
2026-08-06,ORD-101455,SKU-GAR-0111,7,San Martin Corner Store
2026-08-06,ORD-101455,sku-fro-0114,13,Lucero Minimarket
2026-08-06,ORD-101456,SKU-HOM-0166,7,Delta Construction
2026-08-06,ORD-101457,SKU-HOM-0289,11,Lucero Minimarket
2026-08-06,ORD-101457,SKU-DAI-0072,9,Lucero Minimarket
06-Aug-26,ORD-101458,SKU-OFF-0228,12,Lucero Minimarket
06/08/2026,ORD-101459,SKU-HAR-0309,8,La Lucha Restaurant
2026-08-06,ORD-101459,SKU-GAR-0113,18,Lince Vet Center
06/08/2026,ORD-101459,SKU-BEV-0084,2,Lucero Minimarket
2026-08-06,ORD-101460,SKU-GAR-0021,4,Happy Pet Store
06-Aug-26,ORD-101460,SKU-DAI-0164,6,Lince Vet Center
06/08/2026,ORD-101460,SKU-PET-0087,4,Lucero Minimarket
06/08/2026,ORD-101461,SKU-HAR-0266,11,Lince Vet Center
06-Aug-26,ORD-101461,SKU-GAR-0195,6,Andean Group Offices
06-Aug-26,ORD-101461,SKU-BEA-0073,16,Delta Construction
06/08/2026,ORD-101462,SKU-FRO-0109,5,Andean Group Offices
06-Aug-26,ORD-101462,SKU-TOO-0200,11,Delta Construction
06/08/2026,ORD-101463,SKU-FRO-0090,27,Delta Construction
06/08/2026,ORD-101464,SKU-FRO-0085,11,Lince Vet Center
2026-08-06,ORD-101464,SKU-HAR-0266,10,Andean Group Offices
2026-08-06,ORD-101465,SKU-OFF-0257,10,Andean Group Offices
2026-08-06,ORD-101465,SKU-GAR-0250,6,San Martin Corner Store
06-Aug-26,ORD-101465,SKU-GAR-0111,8,San Martin Corner Store
06/08/2026,ORD-101466,SKU-DAI-0072,6,Andean Group Offices
06/08/2026,ORD-101466,SKU-HAR-0266,1,Lince Vet Center
06-Aug-26,ORD-101466,SKU-OFF-0236,10,San Martin Corner Store
06-Aug-26,ORD-101467,SKU-TOO-0125,1,Delta Construction
2026-08-06,ORD-101468,SKU HOM 0286,4,Lince Vet Center
06/08/2026,ORD-101468,SKU-FRO-0246,4,La Lucha Restaurant
06/08/2026,ORD-101468,SKU-OFF-0257,8,San Martin Corner Store
06-Aug-26,ORD-101470,SKU-DAI-0313,3,La Lucha Restaurant
2026-08-06,ORD-101470,SKU-FRO-0296,11,Delta Construction
06/08/2026,ORD-101471,SKU-GAR-0039,5,Lucero Minimarket
06-Aug-26,ORD-101471,SKU-DAI-0313,13,El Tornillo Hardware
06-Aug-26,ORD-101471,SKU-DAI-0169,16,Lince Vet Center
06/08/2026,ORD-101472,SKU-GAR-0287,1,Wong North Supermarkets
06/08/2026,ORD-101472,SKU-DAI-0123,2,Delta Construction
06-Aug-26,ORD-101473,SKU-BEA-0073,8,Delta Construction
06-Aug-26,ORD-101474,SKU-BEA-0006,23,Inkafarma Comas Pharmacy
2026-08-06,ORD-101474,SKU-BEA-0006,8,Inkafarma Comas Pharmacy
06/08/2026,ORD-101475,SKU-TOO-0069,9,San Martin Corner Store
06-Aug-26,ORD-101475,SKU-DAI-0070,4,Inkafarma Comas Pharmacy
06-Aug-26,ORD-101475,SKU-CLE-0263,4,Wong North Supermarkets
2026-08-06,ORD-101476,SKU-HAR-0266,14,Lince Vet Center
06/08/2026,ORD-101477,SKU-TOO-0049,9,El Tornillo Hardware
06/08/2026,ORD-101477,SKU-CLE-0061,4,El Tornillo Hardware
06/08/2026,ORD-101478,SKU-DAI-0169,3,Delta Construction
06-Aug-26,ORD-101478,SKU-DAI-0070,2,Wong North Supermarkets
06/08/2026,ORD-101479,SKU-PET-0031,6,El Tornillo Hardware
06/08/2026,ORD-101480,SKU-HOM-0316,6,Wong North Supermarkets
2026-08-06,ORD-101480,SKU-BEA-0274,4,Inkafarma Comas Pharmacy
2026-08-06,ORD-101481,SKU-BEA-0215,3,Andean Group Offices
06/08/2026,ORD-101481,SKU-DAI-0070,2,Inkafarma Comas Pharmacy
06-Aug-26,ORD-101482,SKU-OFF-0259,14,La Lucha Restaurant
06/08/2026,ORD-101482,SKU-BEV-0192,1,Happy Pet Store
2026-08-06,ORD-101482,SKU-HAR-0285,19,Happy Pet Store
06-Aug-26,ORD-101483,SKU-FRO-0179,6,Delta Construction
06/08/2026,ORD-101484,SKU-OFF-0259,22,Wong North Supermarkets
06-Aug-26,ORD-101484,SKU-OFF-0283,4,La Lucha Restaurant
2026-08-06,ORD-101484,SKU-TOO-0049,2,La Lucha Restaurant
06/08/2026,ORD-101485,SKU-HOM-0127,21,Andean Group Offices
06/08/2026,ORD-101485,SKU-DAI-0072,17,Inkafarma Comas Pharmacy
2026-08-06,ORD-101486,SKU-DAI-0082,5,Lince Vet Center
06-Aug-26,ORD-101486,SKU-TOO-0279,9,Delta Construction
2026-08-06,ORD-101487,SKU-BEA-0264,1,Lucero Minimarket
06-Aug-26,ORD-101488,SKU-FRO-0267,2,Lince Vet Center
06-Aug-26,ORD-101488,SKU-BEA-0177,2,Wong North Supermarkets
06/08/2026,ORD-101489,SKU-FRO-0114,2,Delta Construction
2026-08-06,ORD-101489,SKU-SNA-0315,23,Inkafarma Comas Pharmacy
06-Aug-26,ORD-101489,SKU-DAI-0082,1,Inkafarma Comas Pharmacy
06-Aug-26,ORD-101490, SKU-FRO-0109,4,Lince Vet Center
06-Aug-26,ORD-101490,SKU-BEV-0192,9,La Lucha Restaurant
06/08/2026,ORD-101491,SKU-TOO-0026,1,Andean Group Offices
2026-08-06,ORD-101491,SKU-DAI-0169,14,Inkafarma Comas Pharmacy
2026-08-06,ORD-101492,sku-dai-0169,3,Lucero Minimarket
2026-08-06,ORD-101493,SKU-FRO-0136,5,La Lucha Restaurant
2026-08-06,ORD-101493,SKU-PET-0031,2,El Tornillo Hardware
2026-08-06,ORD-101493,SKU-FRO-0132,8,San Martin Corner Store
06-Aug-26,ORD-101494,SKU-OFF-0074,10,Wong North Supermarkets
2026-08-06,ORD-101494,SKU-BEA-0096,1,Wong North Supermarkets
06-Aug-26,ORD-101495,SKU-HOM-0089,4,Delta Construction
06/08/2026,ORD-101495,SKU-GAR-0113,23,Delta Construction
06-Aug-26,ORD-101497,SKU-PET-0227,1,Lince Vet Center
06-Aug-26,ORD-101497,SKU-FRO-0014,5,Lince Vet Center
06/08/2026,ORD-101498,SKU-BEA-0177,2,San Martin Corner Store
06/08/2026,ORD-101498,SKU-TOO-0067,8,Inkafarma Comas Pharmacy
06-Aug-26,ORD-101499,SKU-DAI-0082,1,Inkafarma Comas Pharmacy
06-Aug-26,ORD-101499,SKU-FRO-0196,3,Lince Vet Center
06-Aug-26,ORD-101499,SKU OFF 0236,12,Andean Group Offices
06/08/2026,ORD-101500,SKU-BEA-0045,2,Inkafarma Comas Pharmacy
2026-08-06,ORD-101500,SKU-SNA-0315,8,Andean Group Offices
2026-08-06,ORD-101501,SKU-BEA-0310,14,Delta Construction
06/08/2026,ORD-101501,SKU-DAI-0169,6,El Tornillo Hardware
06-Aug-26,ORD-101501,SKU-SNA-0223,10,El Tornillo Hardware
2026-08-06,ORD-101502,SKU-HOM-0262,11,Inkafarma Comas Pharmacy
06/08/2026,ORD-101502,SKU-BEV-0176,4,Happy Pet Store
06-Aug-26,ORD-101503,SKU-DAI-0164,2,Delta Construction
06-Aug-26,ORD-101503,SKU-CLE-0282,3,Lucero Minimarket
06-Aug-26,ORD-101503,SKU-HAR-0254,11,Lucero Minimarket
2026-08-06,ORD-101504,SKU-DAI-0164,5,La Lucha Restaurant
06/08/2026,ORD-101504,SKU-OFF-0257,1,Delta Construction
06-Aug-26,ORD-101505,SKU-FRO-0114,13,Lucero Minimarket
2026-08-06,ORD-101505,SKU-CLE-0231,4,Lince Vet Center
2026-08-06,ORD-101505,SKU-OFF-0225,11,Wong North Supermarkets
2026-08-06,ORD-101506,SKU-FRO-0213,8,Delta Construction
06-Aug-26,ORD-101506,SKU-FRO-0179,5,Lince Vet Center
2026-08-06,ORD-101506,SKU-TOO-0026,1,Lince Vet Center
06-Aug-26,ORD-101507,SKU-BEA-0177,3,El Tornillo Hardware
06-Aug-26,ORD-101507,SKU-CLE-0209,5,Wong North Supermarkets
06/08/2026,ORD-101508,SKU-OFF-0257,3,La Lucha Restaurant
06-Aug-26,ORD-101508,SKU-OFF-0283,8,Delta Construction
06-Aug-26,ORD-101508,SKU-BEA-0006,5,El Tornillo Hardware
06/08/2026,ORD-101509,SKU-DAI-0164,3,Lucero Minimarket
06/08/2026,ORD-101510,SKU-HOM-0065,9,Inkafarma Comas Pharmacy
06/08/2026,ORD-101510,SKU-FRO-0278,2,Lucero Minimarket
06/08/2026,ORD-101510,SKU-BEA-0291,9,El Tornillo Hardware
06/08/2026,ORD-101511,SKU-OFF-0225,12,Lince Vet Center
06-Aug-26,ORD-101511,SKU-OFF-0236,4,Delta Construction
06-Aug-26,ORD-101512,SKU-FRO-0132,8,Delta Construction
06/08/2026,ORD-101513,SKU-PET-0173,2,La Lucha Restaurant
2026-08-06,ORD-101514,SKU-OFF-0043,14,Wong North Supermarkets
06-Aug-26,ORD-101514,SKU-BEA-0045,6,Lince Vet Center
06/08/2026,ORD-101514,SKU-SNA-0292,2,Inkafarma Comas Pharmacy
2026-08-06,ORD-101515,SKU-DAI-0164,3,El Tornillo Hardware
06/08/2026,ORD-101515,SKU-PET-0227,2,San Martin Corner Store
06/08/2026,ORD-101515,SKU-OFF-0228,6,El Tornillo Hardware
2026-08-06,ORD-101516,SKU-BEA-0151,4,Lince Vet Center
06-Aug-26,ORD-101516,SKU-FRO-0288,1,San Martin Corner Store
06/08/2026,ORD-101517,SKU-FRO-0220,7,Delta Construction
06/08/2026,ORD-101517,SKU-FRO-0179,8,El Tornillo Hardware
06/08/2026,ORD-101518,SKU-SNA-0315,20,Delta Construction
06/08/2026,ORD-101518,SKU-HAR-0285,2,Andean Group Offices
2026-08-06,ORD-101519,SKU-DAI-0123,2,La Lucha Restaurant
2026-08-06,ORD-101519,SKU-BEA-0308,10,El Tornillo Hardware
2026-08-06,ORD-101520,SKU-OFF-0043,2,San Martin Corner Store
2026-08-06,ORD-101520,SKU-HOM-0020,2,Andean Group Offices
2026-08-06,ORD-101521,SKU-DAI-0313,11,El Tornillo Hardware
06/08/2026,ORD-101521,SKU-PET-0040,19,El Tornillo Hardware
06/08/2026,ORD-101522, SKU-OFF-0259,25,El Tornillo Hardware
06/08/2026,ORD-101523,SKU-BEV-0174,2,Lince Vet Center
2026-08-06,ORD-101523, SKU-CLE-0263,7,La Lucha Restaurant
2026-08-06,ORD-101524,SKU-HOM-0089,9,San Martin Corner Store
2026-08-06,ORD-101524,SKU-SNA-0292,3,La Lucha Restaurant
2026-08-06,ORD-101524,SKU-DAI-0184,7,Happy Pet Store
2026-08-06,ORD-101525,SKU-PET-0155,5,Andean Group Offices
06/08/2026,ORD-101526,SKU-SNA-0244,11,La Lucha Restaurant
06-Aug-26,ORD-101526,SKU-OFF-0257,9,Lince Vet Center
06-Aug-26,ORD-101527,SKU-HOM-0286,3,Delta Construction
2026-08-06,ORD-101527,SKU-SNA-0223,3,Andean Group Offices
06/08/2026,ORD-101528,SKU-FRO-0109,5,San Martin Corner Store
2026-08-06,ORD-101529,SKU-BEA-0291,4,Andean Group Offices
06-Aug-26,ORD-101530,SKU-OFF-0010,2,Wong North Supermarkets
2026-08-06,ORD-101530,SKU-OFF-0225,5,Inkafarma Comas Pharmacy
06-Aug-26,ORD-101530,SKU-FRO-0132,12,Delta Construction
2026-08-06,ORD-101531,SKU-FRO-0238,4,Wong North Supermarkets
2026-08-06,ORD-101531,SKU-TOO-0279,1,Wong North Supermarkets
2026-08-06,ORD-101532,SKU-FRO-0196,16,Happy Pet Store
2026-08-06,ORD-101532,SKU-BEA-0151,3,Andean Group Offices
2026-08-06,ORD-101532,SKU-HOM-0020,5,Delta Construction
2026-08-06,ORD-101533,SKU-GAR-0287,5,Inkafarma Comas Pharmacy
06/08/2026,ORD-101533,SKU-HOM-0204,7,La Lucha Restaurant
06/08/2026,ORD-101534,SKU-BEA-0310,17,Andean Group Offices
06-Aug-26,ORD-101535,SKU-DAI-0164,3,Lince Vet Center
06/08/2026,ORD-101536,SKU-HOM-0065,11,Lucero Minimarket
2026-08-06,ORD-101536,SKU-BEA-0062,5,Inkafarma Comas Pharmacy
06/08/2026,ORD-101536, SKU-BEA-0264,1,San Martin Corner Store
06/08/2026,ORD-101538,SKU-GAR-0078,4,Delta Construction
2026-08-06,ORD-101538,SKU-DAI-0303,2,Delta Construction
2026-08-06,ORD-101538,SKU-FRO-0220,8,Inkafarma Comas Pharmacy
06-Aug-26,ORD-101539,SKU-FRO-0213,15,San Martin Corner Store
06-Aug-26,ORD-101539,SKU-PET-0304,13,Delta Construction
06-Aug-26,ORD-101540,SKU-OFF-0225,2,El Tornillo Hardware
06/08/2026,ORD-101540,SKU-PET-0155,2,El Tornillo Hardware
06/08/2026,ORD-101540,SKU-CLE-0248,5,Happy Pet Store
06/08/2026,ORD-101541,SKU-BEA-0177,2,Lince Vet Center
06/08/2026,ORD-101541,SKU-DAI-0123,3,Wong North Supermarkets
2026-08-06,ORD-101542,SKU-OFF-0140,9,Delta Construction
06/08/2026,ORD-101542,SKU-TOO-0221,5,Lucero Minimarket
06-Aug-26,ORD-101542,SKU-DAI-0003,17,Lince Vet Center
06/08/2026,ORD-101543,SKU-TOO-0216,12,San Martin Corner Store
2026-08-06,ORD-101543,SKU-DAI-0003,14,Andean Group Offices
06/08/2026,ORD-101544,SKU-DAI-0184,1,Delta Construction
06-Aug-26,ORD-101544,SKU-OFF-0257,2,Wong North Supermarkets
2026-08-06,ORD-101544,SKU-BEA-0138,7,La Lucha Restaurant
06-Aug-26,ORD-101545,SKU-FRO-0203,17,Happy Pet Store
06-Aug-26,ORD-101545,SKU-BEA-0168,5,Lucero Minimarket
06/08/2026,ORD-101545,SKU-GAR-0153,6,El Tornillo Hardware
2026-08-06,ORD-101546,SKU-HOM-0065,8,El Tornillo Hardware
06/08/2026,ORD-101547,SKU-SNA-0051,4,Wong North Supermarkets
2026-08-06,ORD-101547,SKU-BEV-0202,6,La Lucha Restaurant
2026-08-06,ORD-101548,SKU-CLE-0299,19,San Martin Corner Store
06-Aug-26,ORD-101548,SKU-CLE-0061,1,Delta Construction
06/08/2026,ORD-101548,SKU-BEV-0118,6,Andean Group Offices
06/08/2026,ORD-101549,SKU-BEV-0202,3,Happy Pet Store
06-Aug-26,ORD-101549,SKU-PET-0270,9,Andean Group Offices
2026-08-06,ORD-101550,SKU-TOO-0026,2,Wong North Supermarkets
06-Aug-26,ORD-101550,SKU-BEV-0242,9,San Martin Corner Store
06-Aug-26,ORD-101551,SKU-DAI-0313,19,Wong North Supermarkets
06/08/2026,ORD-101552,SKU-OFF-0074,14,Delta Construction
06/08/2026,ORD-101552,SKU-FRO-0278,8,Inkafarma Comas Pharmacy
06-Aug-26,ORD-101552,SKU-TOO-0210,9,El Tornillo Hardware
2026-08-06,ORD-101553,SKU-FRO-0179,1,La Lucha Restaurant
06/08/2026,ORD-101554,SKU-PET-0217,11,Delta Construction
2026-08-06,ORD-101554,SKU-PET-0270,8,Inkafarma Comas Pharmacy
06/08/2026,ORD-101555,SKU-FRO-0213,1,El Tornillo Hardware
06/08/2026,ORD-101555,SKU-OFF-0074,4,Delta Construction
06/08/2026,ORD-101556,SKU-TOO-0245,9,Delta Construction
2026-08-06,ORD-101556,SKU-FRO-0196,2,Lucero Minimarket
2026-08-06,ORD-101557,SKU-DAI-0184,14,Wong North Supermarkets
2026-08-06,ORD-101557,SKU-BEV-0150,9,Andean Group Offices
06/08/2026,ORD-101557,SKU-DAI-0184,1,Inkafarma Comas Pharmacy
06/08/2026,ORD-101558,SKU-DAI-0054,1,Happy Pet Store
06/08/2026,ORD-101558,SKU-FRO-0296,16,Delta Construction
06-Aug-26,ORD-101559,SKU-BEA-0096,3,La Lucha Restaurant
06-Aug-26,ORD-101559,SKU-DAI-0082,7,Andean Group Offices
06-Aug-26,ORD-101559,SKU-CLE-0018,3,Wong North Supermarkets
2026-08-06,ORD-101560,SKU-BEA-0062,5,Wong North Supermarkets
2026-08-06,ORD-101560,sku-bev-0150,5,Wong North Supermarkets
06/08/2026,ORD-101560,SKU-BEA-0308,4,La Lucha Restaurant
06-Aug-26,ORD-101561,SKU-FRO-0238,4,Inkafarma Comas Pharmacy
2026-08-06,ORD-101561,SKU-GAR-0157,19,El Tornillo Hardware
06/08/2026,ORD-101561,SKU-FRO-0085,16,Inkafarma Comas Pharmacy
06/08/2026,ORD-101562,SKU-BEA-0073,21,La Lucha Restaurant
06/08/2026,ORD-101562,SKU-BEA-0191,6,El Tornillo Hardware
2026-08-06,ORD-101563,SKU-DAI-0184,7,Andean Group Offices
06/08/2026,ORD-101564,SKU-HOM-0253,24,Wong North Supermarkets
06/08/2026,ORD-101565,SKU-DAI-0054,6,Lucero Minimarket
2026-08-06,ORD-101566,sku-bev-0033,2,El Tornillo Hardware
2026-08-06,ORD-101566,SKU-FRO-0114,9,Andean Group Offices
2026-08-06,ORD-101566,SKU-DAI-0313,9,Wong North Supermarkets
06-Aug-26,ORD-101567,SKU-PET-0087,3,Wong North Supermarkets
06-Aug-26,ORD-101567,SKU-HOM-0127,17,Inkafarma Comas Pharmacy
07-Aug-26,ORD-101568,SKU-HAR-0237,1,El Tornillo Hardware
2026-08-07,ORD-101568,SKU-PET-0318,12,Happy Pet Store
07/08/2026,ORD-101568,SKU-DAI-0123,5,San Martin Corner Store
07/08/2026,ORD-101569,SKU-PET-0027,10,La Lucha Restaurant
2026-08-07,ORD-101570,SKU-OFF-0283,6,Andean Group Offices
07-Aug-26,ORD-101570,SKU-OFF-0228,23,El Tornillo Hardware
07/08/2026,ORD-101571,SKU-BEA-0215,7,Happy Pet Store
07-Aug-26,ORD-101572,SKU-GAR-0111,13,Inkafarma Comas Pharmacy
07-Aug-26,ORD-101572,SKU-FRO-0196,10,Delta Construction
07/08/2026,ORD-101573,SKU-FRO-0278,7,Delta Construction
07/08/2026,ORD-101573,SKU-HOM-0112,3,Delta Construction
07-Aug-26,ORD-101574,SKU-OFF-0007,1,Delta Construction
07/08/2026,ORD-101575,SKU-TOO-0080,6,El Tornillo Hardware
07-Aug-26,ORD-101575,SKU-SNA-0199,8,El Tornillo Hardware
07-Aug-26,ORD-101576,SKU-DAI-0184,12,San Martin Corner Store
2026-08-07,ORD-101577,SKU-TOO-0056,6,Happy Pet Store
07-Aug-26,ORD-101577,SKU-HOM-0112,19,La Lucha Restaurant
07-Aug-26,ORD-101580,SKU-DAI-0054,1,Happy Pet Store
2026-08-07,ORD-101581,SKU-PET-0304,18,Wong North Supermarkets
07-Aug-26,ORD-101581,SKU-DAI-0054,9,La Lucha Restaurant
07/08/2026,ORD-101582,SKU-HOM-0286,4,Wong North Supermarkets
07/08/2026,ORD-101582,SKU-FRO-0213,3,Happy Pet Store
07/08/2026,ORD-101583,SKU-TOO-0080,4,Happy Pet Store
07/08/2026,ORD-101584,SKU-DAI-0123,7,Lince Vet Center
2026-08-07,ORD-101584,SKU-FRO-0238,6,Delta Construction
07-Aug-26,ORD-101585,SKU-HAR-0285,27,Wong North Supermarkets
07/08/2026,ORD-101585,SKU-SNA-0100,20,San Martin Corner Store
07-Aug-26,ORD-101585,SKU-HAR-0285,12,Inkafarma Comas Pharmacy
07-Aug-26,ORD-101586,SKU-DAI-0082,1,San Martin Corner Store
07-Aug-26,ORD-101586,SKU-OFF-0236,8,Happy Pet Store
07/08/2026,ORD-101587,SKU-FRO-0278,5,San Martin Corner Store
07-Aug-26,ORD-101587,SKU-PET-0076,3,Lince Vet Center
2026-08-07,ORD-101587,SKU-PET-0076,1,Lucero Minimarket
07/08/2026,ORD-101588,SKU-TOO-0122,6,La Lucha Restaurant
2026-08-07,ORD-101589,SKU-OFF-0284,18,El Tornillo Hardware
07/08/2026,ORD-101589,SKU-FRO-0296,19,La Lucha Restaurant
07-Aug-26,ORD-101590,SKU-FRO-0296,11,La Lucha Restaurant
07-Aug-26,ORD-101590,SKU-DAI-0054,9,Happy Pet Store
07/08/2026,ORD-101591,SKU-BEV-0311,19,El Tornillo Hardware
07/08/2026,ORD-101591,SKU-DAI-0303,2,Delta Construction
2026-08-07,ORD-101591,SKU-FRO-0261,6,La Lucha Restaurant
07-Aug-26,ORD-101592,SKU-CLE-0248,4,La Lucha Restaurant
07/08/2026,ORD-101592,SKU-BEV-0219,12,Happy Pet Store
07/08/2026,ORD-101592,SKU-HOM-0204,12,La Lucha Restaurant
07/08/2026,ORD-101593,SKU-OFF-0249,10,Lince Vet Center
07/08/2026,ORD-101594,SKU-SNA-0057,1,Wong North Supermarkets
07-Aug-26,ORD-101594,SKU-HOM-0112,13,Wong North Supermarkets
07-Aug-26,ORD-101594,SKU-HAR-0237,15,Andean Group Offices
07/08/2026,ORD-101595,SKU-TOO-0080,2,Happy Pet Store
07/08/2026,ORD-101596,SKU-GAR-0113,7,Andean Group Offices
2026-08-07,ORD-101597,SKU-DAI-0164,1,Andean Group Offices
07-Aug-26,ORD-101597,SKU-PET-0146,12,Inkafarma Comas Pharmacy
07-Aug-26,ORD-101598,SKU-HOM-0262,5,Lince Vet Center
07/08/2026,ORD-101598,SKU-FRO-0090,23,Andean Group Offices
2026-08-07,ORD-101599,SKU-GAR-0021,6,La Lucha Restaurant
07/08/2026,ORD-101599, SKU-HOM-0015,17,El Tornillo Hardware
07-Aug-26,ORD-101599,SKU-GAR-0195,1,El Tornillo Hardware
2026-08-07,ORD-101600,SKU-DAI-0169,13,El Tornillo Hardware
07-Aug-26,ORD-101600,SKU-BEA-0045,17,Wong North Supermarkets
2026-08-07,ORD-101600,SKU-PET-0106,5,Inkafarma Comas Pharmacy
2026-08-07,ORD-101601,SKU-DAI-0184,7,San Martin Corner Store
2026-08-07,ORD-101601,SKU-CLE-0282,5,La Lucha Restaurant
07/08/2026,ORD-101602,SKU-PET-0106,12,Happy Pet Store
07/08/2026,ORD-101602,SKU-BEA-0045,11,Lince Vet Center
07-Aug-26,ORD-101603,SKU-PET-0087,5,Happy Pet Store
07-Aug-26,ORD-101603,SKU-DAI-0054,3,Delta Construction
2026-08-07,ORD-101603,SKU-HOM-0015,17,La Lucha Restaurant
2026-08-07,ORD-101604,SKU-FRO-0238,11,Inkafarma Comas Pharmacy
2026-08-07,ORD-101604,SKU-OFF-0225,17,Delta Construction
07/08/2026,ORD-101605,SKU-TOO-0125,1,Lince Vet Center
2026-08-07,ORD-101605,SKU-CLE-0240,16,Delta Construction
07/08/2026,ORD-101605,SKU-SNA-0057,6,Happy Pet Store
2026-08-07,ORD-101606,SKU-OFF-0140,3,Inkafarma Comas Pharmacy
07/08/2026,ORD-101607,SKU-PET-0102,9,El Tornillo Hardware
07-Aug-26,ORD-101607,SKU-FRO-0272,18,Delta Construction
07-Aug-26,ORD-101608,SKU-HOM-0092,9,Inkafarma Comas Pharmacy
2026-08-07,ORD-101608,SKU-BEA-0126,6,Lucero Minimarket
2026-08-07,ORD-101609,SKU-DAI-0070,12,El Tornillo Hardware
07/08/2026,ORD-101609,SKU HOM 0112,8,Happy Pet Store
2026-08-07,ORD-101609,SKU-CLE-0108,4,Inkafarma Comas Pharmacy
2026-08-07,ORD-101610,SKU-CLE-0299,12,Delta Construction
2026-08-07,ORD-101610,SKU-FRO-0246,2,Wong North Supermarkets
07/08/2026,ORD-101610,SKU-HOM-0013,1,Happy Pet Store
07-Aug-26,ORD-101611,SKU-PET-0318,15,Lucero Minimarket
07/08/2026,ORD-101611,SKU-CLE-0041,14,Lince Vet Center
07-Aug-26,ORD-101613,SKU-GAR-0287,2,La Lucha Restaurant
2026-08-07,ORD-101614,SKU-FRO-0132,4,Wong North Supermarkets
07-Aug-26,ORD-101615,SKU-DAI-0082,2,Wong North Supermarkets
07-Aug-26,ORD-101616,SKU-SNA-0223,15,Delta Construction
2026-08-07,ORD-101618,SKU-TOO-0279,10,San Martin Corner Store
07-Aug-26,ORD-101618,SKU-FRO-0278,10,La Lucha Restaurant
07-Aug-26,ORD-101618,SKU-GAR-0078,1,San Martin Corner Store
07-Aug-26,ORD-101619,SKU-PET-0318,2,La Lucha Restaurant
07-Aug-26,ORD-101619,SKU-FRO-0085,10,Lucero Minimarket
07/08/2026,ORD-101620,SKU-FRO-0196,11,La Lucha Restaurant
07/08/2026,ORD-101621,SKU-BEV-0273,1,Lucero Minimarket
2026-08-07,ORD-101621,SKU-FRO-0090,2,Lucero Minimarket
2026-08-07,ORD-101621,SKU-BEA-0096,11,Andean Group Offices
07/08/2026,ORD-101623,SKU-FRO-0196,16,El Tornillo Hardware
07-Aug-26,ORD-101623,SKU-BEA-0264,3,Lucero Minimarket
2026-08-07,ORD-101623,SKU-HOM-0112,2,Andean Group Offices
2026-08-07,ORD-101624,SKU-DAI-0313,19,Delta Construction
07-Aug-26,ORD-101624,SKU-SNA-0057,11,Lucero Minimarket
07/08/2026,ORD-101625,SKU-BEA-0148,2,Delta Construction
07/08/2026,ORD-101626,SKU-BEA-0310,11,Inkafarma Comas Pharmacy
2026-08-07,ORD-101626,SKU-GAR-0078,8,Lucero Minimarket
07/08/2026,ORD-101627,SKU-DAI-0070,12,Delta Construction
07-Aug-26,ORD-101628,SKU-FRO-0132,25,El Tornillo Hardware
07/08/2026,ORD-101628,SKU-DAI-0169,12,Lucero Minimarket
07/08/2026,ORD-101628,SKU-DAI-0003,19,San Martin Corner Store
07-Aug-26,ORD-101629,SKU-PET-0102,2,La Lucha Restaurant
07/08/2026,ORD-101629,SKU-BEA-0264,2,Inkafarma Comas Pharmacy
07-Aug-26,ORD-101629,SKU-BEA-0148,3,San Martin Corner Store
07-Aug-26,ORD-101630,SKU-BEA-0142,2,San Martin Corner Store
2026-08-07,ORD-101630,SKU-FRO-0179,4,San Martin Corner Store
2026-08-07,ORD-101631,SKU-FRO-0196,1,Delta Construction
07-Aug-26,ORD-101632,SKU-OFF-0283,6,Wong North Supermarkets
2026-08-07,ORD-101632,SKU-BEA-0148,2,Lucero Minimarket
2026-08-07,ORD-101632,SKU-PET-0017,3,La Lucha Restaurant
07/08/2026,ORD-101633,SKU-OFF-0257,6,Inkafarma Comas Pharmacy
07/08/2026,ORD-101634,SKU-DAI-0082,3,Inkafarma Comas Pharmacy
2026-08-07,ORD-101634,sku-bea-0019,9,Wong North Supermarkets
07/08/2026,ORD-101635,SKU-CLE-0028,15,San Martin Corner Store
07/08/2026,ORD-101635,SKU-BEV-0242,26,Lucero Minimarket
07-Aug-26,ORD-101636,SKU-HOM-0289,2,San Martin Corner Store
07/08/2026,ORD-101636,SKU-HOM-0204,13,San Martin Corner Store
07-Aug-26,ORD-101637,sku-pet-0087,6,Andean Group Offices
2026-08-07,ORD-101638,SKU-PET-0087,5,El Tornillo Hardware
2026-08-07,ORD-101639,SKU-BEA-0264,5,Inkafarma Comas Pharmacy
07-Aug-26,ORD-101639,SKU-FRO-0114,16,Lince Vet Center
2026-08-07,ORD-101639,SKU-FRO-0267,12,Inkafarma Comas Pharmacy
2026-08-07,ORD-101640,SKU-FRO-0114,15,La Lucha Restaurant
2026-08-07,ORD-101640,SKU-BEA-0185,5,Happy Pet Store
07/08/2026,ORD-101641,SKU-CLE-0209,16,Wong North Supermarkets
07/08/2026,ORD-101641,SKU-BEA-0168,12,Andean Group Offices
07-Aug-26,ORD-101642,SKU-BEA-0185,15,Delta Construction
07/08/2026,ORD-101643,SKU-DAI-0070,8,Delta Construction
2026-08-07,ORD-101643,SKU-BEV-0176,4,El Tornillo Hardware
07/08/2026,ORD-101644,SKU-PET-0027,2,Happy Pet Store
2026-08-07,ORD-101644,SKU-BEA-0215,2,Lucero Minimarket
07/08/2026,ORD-101645,SKU-PET-0087,6,Wong North Supermarkets
07-Aug-26,ORD-101645,SKU-GAR-0120,4,San Martin Corner Store
07-Aug-26,ORD-101646,SKU-DAI-0313,2,La Lucha Restaurant
2026-08-07,ORD-101646,SKU-FRO-0196,13,Andean Group Offices
07-Aug-26,ORD-101647,SKU-HOM-0251,19,La Lucha Restaurant
07/08/2026,ORD-101647,SKU-DAI-0070,3,El Tornillo Hardware
07/08/2026,ORD-101648,SKU-HOM-0015,16,Lucero Minimarket
07-Aug-26,ORD-101648,SKU-HOM-0020,6,Wong North Supermarkets
07/08/2026,ORD-101649,SKU-HOM-0089,4,Lucero Minimarket
07/08/2026,ORD-101649,SKU-SNA-0188,17,Wong North Supermarkets
07-Aug-26,ORD-101649,SKU-HOM-0208,1,Lince Vet Center
07/08/2026,ORD-101650,SKU-FRO-0014,6,Andean Group Offices
07/08/2026,ORD-101651,SKU-CLE-0061,25,Lucero Minimarket
07-Aug-26,ORD-101651,SKU-GAR-0113,12,El Tornillo Hardware
2026-08-07,ORD-101651,SKU-FRO-0238,3,Andean Group Offices
07/08/2026,ORD-101652, SKU-FRO-0132,4,San Martin Corner Store
07-Aug-26,ORD-101652,SKU-FRO-0278,5,Happy Pet Store
07/08/2026,ORD-101653,SKU-BEV-0084,17,Lucero Minimarket
2026-08-07,ORD-101653,SKU-TOO-0080,6,Andean Group Offices
07-Aug-26,ORD-101654,SKU-DAI-0070,2,Wong North Supermarkets
07/08/2026,ORD-101654,SKU-BEV-0242,27,Inkafarma Comas Pharmacy
07-Aug-26,ORD-101655,SKU-FRO-0136,5,Lucero Minimarket
2026-08-07,ORD-101655,SKU-HOM-0112,18,Delta Construction
07-Aug-26,ORD-101656,SKU-FRO-0132,20,Lince Vet Center
07/08/2026,ORD-101656,SKU-SNA-0223,14,Lucero Minimarket
07-Aug-26,ORD-101656,SKU-BEV-0037,3,Delta Construction
07-Aug-26,ORD-101657,SKU-HOM-0065,5,Lucero Minimarket
2026-08-07,ORD-101657,SKU DAI 0164,6,Andean Group Offices
07-Aug-26,ORD-101658,SKU-DAI-0072,15,Andean Group Offices
2026-08-07,ORD-101658,SKU-FRO-0179,9,Lucero Minimarket
07/08/2026,ORD-101658,SKU-BEA-0177,2,Wong North Supermarkets
2026-08-07,ORD-101659,SKU-HOM-0204,11,Delta Construction
2026-08-07,ORD-101659, SKU-DAI-0072,5,Inkafarma Comas Pharmacy
07-Aug-26,ORD-101660,SKU-SNA-0315,7,Andean Group Offices
07-Aug-26,ORD-101660,SKU-HOM-0316,4,Lucero Minimarket
2026-08-07,ORD-101662,SKU-DAI-0123,5,Andean Group Offices
07-Aug-26,ORD-101662,SKU-TOO-0200,19,Happy Pet Store
07/08/2026,ORD-101663,SKU-FRO-0203,11,San Martin Corner Store
2026-08-07,ORD-101663,SKU-TOO-0080,3,Lucero Minimarket
2026-08-07,ORD-101663,SKU-DAI-0164,2,Andean Group Offices
07-Aug-26,ORD-101664,SKU-HAR-0309,12,Delta Construction
07/08/2026,ORD-101665,SKU-PET-0318,4,San Martin Corner Store
2026-08-07,ORD-101665,SKU-FRO-0296,7,Delta Construction
07/08/2026,ORD-101666,SKU-BEA-0006,1,Wong North Supermarkets
07/08/2026,ORD-101666,SKU-BEA-0308,5,Happy Pet Store
2026-08-07,ORD-101666,SKU-HOM-0020,2,La Lucha Restaurant
07/08/2026,ORD-101667,SKU-DAI-0313,14,Delta Construction
07-Aug-26,ORD-101668,SKU-SNA-0292,2,Lucero Minimarket
2026-08-07,ORD-101668,SKU-DAI-0169,14,Delta Construction
2026-08-07,ORD-101668,SKU-GAR-0195,5,San Martin Corner Store
07-Aug-26,ORD-101669,SKU-BEA-0096,7,Inkafarma Comas Pharmacy
2026-08-07,ORD-101670,SKU-DAI-0054,7,Happy Pet Store
07-Aug-26,ORD-101671,SKU-FRO-0267,8,Lucero Minimarket
07-Aug-26,ORD-101672,SKU-BEA-0264,2,Andean Group Offices
2026-08-07,ORD-101672,SKU-FRO-0246,2,Delta Construction
07-Aug-26,ORD-101673,SKU-HOM-0262,7,Inkafarma Comas Pharmacy
07-Aug-26,ORD-101674,SKU-BEA-0034,16,Lince Vet Center
2026-08-07,ORD-101674,SKU-FRO-0213,14,Andean Group Offices
2026-08-07,ORD-101674,SKU-PET-0304,4,La Lucha Restaurant
07/08/2026,ORD-101675,SKU-BEA-0264,7,El Tornillo Hardware
07-Aug-26,ORD-101676,SKU-BEA-0034,1,Inkafarma Comas Pharmacy
07/08/2026,ORD-101676,SKU-GAR-0195,5,Lince Vet Center
2026-08-07,ORD-101677,SKU-GAR-0195,7,Delta Construction
2026-08-07,ORD-101678,SKU-FRO-0196,14,San Martin Corner Store
07/08/2026,ORD-101678,SKU-GAR-0195,11,Delta Construction
07/08/2026,ORD-101679,SKU-DAI-0123,1,San Martin Corner Store
2026-08-07,ORD-101679,SKU-DAI-0184,1,Lucero Minimarket
2026-08-07,ORD-101679,SKU-FRO-0136,3,La Lucha Restaurant
07/08/2026,ORD-101680,SKU-OFF-0140,16,Delta Construction
07-Aug-26,ORD-101681,SKU-CLE-0248,3,San Martin Corner Store
2026-08-07,ORD-101681,SKU-SNA-0057,18,Lucero Minimarket
2026-08-07,ORD-101682,SKU-PET-0227,1,Lince Vet Center
07-Aug-26,ORD-101682,SKU-FRO-0090,3,El Tornillo Hardware
07-Aug-26,ORD-101683, SKU-OFF-0257,3,Inkafarma Comas Pharmacy
07/08/2026,ORD-101684,SKU-HOM-0127,16,Happy Pet Store
07/08/2026,ORD-101685,SKU-TOO-0125,2,El Tornillo Hardware
2026-08-07,ORD-101685,SKU-FRO-0220,3,La Lucha Restaurant
07/08/2026,ORD-101685,SKU-BEV-0180,4,Lince Vet Center
07-Aug-26,ORD-101686,SKU-BEA-0045,4,Lince Vet Center
07/08/2026,ORD-101688,SKU-FRO-0090,28,Inkafarma Comas Pharmacy
07/08/2026,ORD-101688,SKU-SNA-0030,15,El Tornillo Hardware
07/08/2026,ORD-101688,SKU-TOO-0026,9,Happy Pet Store
07/08/2026,ORD-101689,SKU-DAI-0070,13,Lucero Minimarket
2026-08-07,ORD-101689,SKU-GAR-0116,30,Andean Group Offices
07-Aug-26,ORD-101689,SKU-TOO-0080,3,Happy Pet Store
2026-08-07,ORD-101690,SKU-FRO-0246,3,Andean Group Offices
2026-08-07,ORD-101691,SKU-BEA-0310,14,Andean Group Offices
07-Aug-26,ORD-101691,SKU-SNA-0315,13,Wong North Supermarkets
07/08/2026,ORD-101692,SKU-FRO-0288,1,El Tornillo Hardware
2026-08-07,ORD-101692,SKU-TOO-0080,5,Andean Group Offices
07/08/2026,ORD-101693,SKU-FRO-0196,7,Inkafarma Comas Pharmacy
07-Aug-26,ORD-101694,SKU-OFF-0284,3,El Tornillo Hardware
07-Aug-26,ORD-101694,SKU DAI 0184,2,La Lucha Restaurant
2026-08-07,ORD-101695,SKU TOO 0080,4,Happy Pet Store
2026-08-07,ORD-101695,SKU-DAI-0164,2,Wong North Supermarkets
07-Aug-26,ORD-101695,SKU-OFF-0074,12,Andean Group Offices
2026-08-07,ORD-101696,SKU-DAI-0072,15,Delta Construction
07-Aug-26,ORD-101697,SKU-TOO-0122,10,Andean Group Offices
07-Aug-26,ORD-101697,SKU-BEA-0264,3,San Martin Corner Store
07/08/2026,ORD-101698,SKU-DAI-0169,4,Lucero Minimarket
07-Aug-26,ORD-101698,SKU-DAI-0003,12,Happy Pet Store
07/08/2026,ORD-101699,SKU-SNA-0051,2,Delta Construction
07-Aug-26,ORD-101699, SKU-PET-0227,5,Happy Pet Store
07/08/2026,ORD-101699,SKU-OFF-0140,12,Delta Construction
07-Aug-26,ORD-101700,SKU-DAI-0164,4,Andean Group Offices
2026-08-07,ORD-101700,SKU-GAR-0113,24,La Lucha Restaurant
07/08/2026,ORD-101701,SKU-BEA-0034,24,San Martin Corner Store
07-Aug-26,ORD-101702,SKU-HAR-0237,6,El Tornillo Hardware
07-Aug-26,ORD-101703,SKU-TOO-0216,1,El Tornillo Hardware
07-Aug-26,ORD-101703,SKU-DAI-0003,18,Wong North Supermarkets
07/08/2026,ORD-101704,SKU-TOO-0069,3,San Martin Corner Store
07-Aug-26,ORD-101704,SKU-DAI-0082,2,La Lucha Restaurant
2026-08-07,ORD-101705,SKU-OFF-0236,7,Andean Group Offices
07/08/2026,ORD-101707,SKU-BEA-0045,13,Happy Pet Store
07/08/2026,ORD-101707,SKU-GAR-0120,5,Inkafarma Comas Pharmacy
07-Aug-26,ORD-101708,SKU-CLE-0263,9,Inkafarma Comas Pharmacy
07/08/2026,ORD-101709,SKU-OFF-0074,15,La Lucha Restaurant
2026-08-07,ORD-101709,SKU-BEA-0310,11,Lince Vet Center
07/08/2026,ORD-101709,SKU-PET-0087,1,San Martin Corner Store
07-Aug-26,ORD-101710,SKU-FRO-0272,8,Lince Vet Center
2026-08-07,ORD-101710,SKU-BEV-0005,3,Inkafarma Comas Pharmacy
07-Aug-26,ORD-101710,SKU-BEV-0033,2,Wong North Supermarkets
07-Aug-26,ORD-101711,SKU-GAR-0111,12,Delta Construction
07/08/2026,ORD-101711,sku-pet-0217,8,La Lucha Restaurant
07-Aug-26,ORD-101712,SKU-CLE-0248,8,La Lucha Restaurant
07/08/2026,ORD-101713,SKU-GAR-0153,17,Lince Vet Center
07-Aug-26,ORD-101714,SKU-FRO-0179,2,Lucero Minimarket
07-Aug-26,ORD-101714,SKU-OFF-0257,3,Inkafarma Comas Pharmacy
2026-08-07,ORD-101714,SKU-OFF-0010,8,El Tornillo Hardware
2026-08-07,ORD-101716, SKU-BEV-0084,19,Delta Construction
07-Aug-26,ORD-101716,SKU-DAI-0003,3,San Martin Corner Store
07/08/2026,ORD-101717,SKU-HOM-0020,1,Andean Group Offices
2026-08-07,ORD-101717,SKU-HOM-0020,6,Lince Vet Center
2026-08-07,ORD-101718,SKU-HOM-0289,11,Wong North Supermarkets
07/08/2026,ORD-101718,SKU-PET-0217,14,Andean Group Offices
2026-08-07,ORD-101718,SKU-CLE-0139,8,Delta Construction
07-Aug-26,ORD-101719,SKU-OFF-0007,1,Inkafarma Comas Pharmacy
07-Aug-26,ORD-101719, SKU-GAR-0021,3,Wong North Supermarkets
2026-08-07,ORD-101720,SKU-BEV-0084,4,El Tornillo Hardware
07-Aug-26,ORD-101720,SKU-OFF-0228,23,Delta Construction
2026-08-07,ORD-101720,SKU-BEV-0242,28,Lince Vet Center
2026-08-07,ORD-101722,SKU-HAR-0309,2,Delta Construction
07-Aug-26,ORD-101723,SKU-GAR-0111,2,Wong North Supermarkets
2026-08-07,ORD-101723,SKU-PET-0217,13,Lince Vet Center
07-Aug-26,ORD-101723,SKU-SNA-0100,10,Wong North Supermarkets
07-Aug-26,ORD-101724,SKU-OFF-0259,15,Wong North Supermarkets
07-Aug-26,ORD-101724,SKU-HOM-0166,18,Andean Group Offices
07-Aug-26,ORD-101725,SKU-FRO-0090,27,Lucero Minimarket
07/08/2026,ORD-101726,SKU-FRO-0085,17,Happy Pet Store
07/08/2026,ORD-101726,SKU-CLE-0061,18,Happy Pet Store
07/08/2026,ORD-101727,SKU-TOO-0026,5,El Tornillo Hardware
07/08/2026,ORD-101727,SKU-BEA-0215,12,San Martin Corner Store
07-Aug-26,ORD-101727,SKU-GAR-0287,1,Inkafarma Comas Pharmacy
2026-08-07,ORD-101728,SKU-GAR-0120,7,San Martin Corner Store
07/08/2026,ORD-101728,SKU-OFF-0257,4,San Martin Corner Store
2026-08-07,ORD-101728,SKU-FRO-0136,6,Happy Pet Store
07-Aug-26,ORD-101729,SKU-BEA-0126,6,Wong North Supermarkets
2026-08-07,ORD-101730,SKU-DAI-0072,10,Lince Vet Center
07-Aug-26,ORD-101730,SKU-PET-0270,6,San Martin Corner Store
2026-08-07,ORD-101730,SKU-DAI-0054,7,Lince Vet Center
07-Aug-26,ORD-101731,SKU-PET-0106,16,Delta Construction
07-Aug-26,ORD-101732,SKU-FRO-0288,2,Wong North Supermarkets
07/08/2026,ORD-101732,SKU CLE 0041,7,Lucero Minimarket
07/08/2026,ORD-101733,SKU-PET-0027,14,Delta Construction
07-Aug-26,ORD-101733,SKU-BEA-0291,3,Inkafarma Comas Pharmacy
07/08/2026,ORD-101734,SKU-DAI-0169,11,Lince Vet Center
07/08/2026,ORD-101734,SKU-FRO-0296,18,La Lucha Restaurant
07-Aug-26,ORD-101735,SKU-PET-0106,8,Lince Vet Center
07/08/2026,ORD-101735,SKU-BEV-0084,12,La Lucha Restaurant
07-Aug-26,ORD-101737,SKU-TOO-0216,7,Wong North Supermarkets
2026-08-07,ORD-101737,SKU-TOO-0080,6,El Tornillo Hardware
2026-08-07,ORD-101737,SKU-CLE-0018,26,El Tornillo Hardware
07-Aug-26,ORD-101738,SKU PET 0217,10,El Tornillo Hardware
07-Aug-26,ORD-101738,SKU-DAI-0313,23,La Lucha Restaurant
07/08/2026,ORD-101738,SKU-DAI-0003,14,Happy Pet Store
07-Aug-26,ORD-101739,SKU-GAR-0250,4,Lucero Minimarket
07/08/2026,ORD-101739,SKU-OFF-0259,23,Delta Construction
07/08/2026,ORD-101741,SKU-TOO-0245,20,Wong North Supermarkets
07-Aug-26,ORD-101741,SKU-SNA-0292,9,El Tornillo Hardware
2026-08-07,ORD-101742,SKU-HAR-0266,2,Andean Group Offices
2026-08-07,ORD-101742,SKU-TOO-0080,4,Andean Group Offices
07/08/2026,ORD-101743,SKU-PET-0076,4,Inkafarma Comas Pharmacy
07/08/2026,ORD-101743,SKU-TOO-0122,2,Wong North Supermarkets
07/08/2026,ORD-101744,SKU-FRO-0179,8,Inkafarma Comas Pharmacy
2026-08-07,ORD-101745,SKU-BEV-0219,10,Inkafarma Comas Pharmacy
07/08/2026,ORD-101746,SKU-PET-0040,22,La Lucha Restaurant
2026-08-07,ORD-101746,SKU-BEA-0310,5,Happy Pet Store
2026-08-07,ORD-101747,SKU-CLE-0028,5,Delta Construction
2026-08-07,ORD-101747,SKU-HOM-0089,7,Lince Vet Center
07/08/2026,ORD-101747,SKU-GAR-0195,8,La Lucha Restaurant
2026-08-07,ORD-101748,SKU-HAR-0093,8,Wong North Supermarkets
2026-08-07,ORD-101748,SKU-OFF-0043,14,Lucero Minimarket
2026-08-07,ORD-101749,SKU-DAI-0164,6,Lucero Minimarket
2026-08-07,ORD-101749,SKU-DAI-0054,3,La Lucha Restaurant
07-Aug-26,ORD-101749,SKU-GAR-0021,2,Wong North Supermarkets
2026-08-07,ORD-101750,SKU-HOM-0208,15,Andean Group Offices
07/08/2026,ORD-101750,SKU-FRO-0085,2,Happy Pet Store
07-Aug-26,ORD-101750,SKU-OFF-0284,23,Wong North Supermarkets
07-Aug-26,ORD-101751,SKU-OFF-0225,3,Happy Pet Store
07/08/2026,ORD-101751,SKU-OFF-0283,15,La Lucha Restaurant
2026-08-07,ORD-101752,SKU-GAR-0287,5,Andean Group Offices
07-Aug-26,ORD-101752,SKU-OFF-0284,9,La Lucha Restaurant
07-Aug-26,ORD-101753,SKU-FRO-0109,10,San Martin Corner Store
07-Aug-26,ORD-101753,SKU-OFF-0259,3,Lucero Minimarket
2026-08-07,ORD-101754,SKU-PET-0318,1,La Lucha Restaurant
07/08/2026,ORD-101754,SKU-DAI-0070,5,Lince Vet Center
2026-08-07,ORD-101755,SKU PET 0270,3,Delta Construction
2026-08-07,ORD-101755,SKU-HOM-0286,4,Lince Vet Center
07-Aug-26,ORD-101756,SKU-BEA-0019,2,Lucero Minimarket
07/08/2026,ORD-101756,SKU-SNA-0292,7,Inkafarma Comas Pharmacy
2026-08-07,ORD-101757,SKU-OFF-0074,6,Happy Pet Store
07-Aug-26,ORD-101758,SKU-BEA-0291,5,El Tornillo Hardware
07/08/2026,ORD-101758,SKU-BEV-0058,2,Lucero Minimarket
07-Aug-26,ORD-101758,SKU-HOM-0065,6,Delta Construction
2026-08-07,ORD-101759,SKU-DAI-0082,1,Andean Group Offices
07-Aug-26,ORD-101759,SKU-CLE-0108,11,Lince Vet Center
2026-08-07,ORD-101759,SKU-BEA-0148,3,San Martin Corner Store
07/08/2026,ORD-101761,SKU-OFF-0140,5,Inkafarma Comas Pharmacy
07-Aug-26,ORD-101761,SKU-HOM-0092,5,Andean Group Offices
07-Aug-26,ORD-101761,SKU-GAR-0153,9,La Lucha Restaurant
2026-08-07,ORD-101762,SKU-BEA-0264,4,Andean Group Offices
07-Aug-26,ORD-101762,SKU-OFF-0249,6,Andean Group Offices
07-Aug-26,ORD-101762,SKU-FRO-0238,10,Andean Group Offices
2026-08-07,ORD-101763,SKU-BEA-0144,10,La Lucha Restaurant
07-Aug-26,ORD-101763,SKU-HOM-0112,19,La Lucha Restaurant
2026-08-07,ORD-101764,sku-off-0284,20,El Tornillo Hardware
07-Aug-26,ORD-101764,SKU OFF 0249,8,Inkafarma Comas Pharmacy
07/08/2026,ORD-101764,SKU-SNA-0223,14,Lince Vet Center
07-Aug-26,ORD-101765,SKU-BEA-0062,7,Wong North Supermarkets
07-Aug-26,ORD-101765,SKU-FRO-0085,18,Happy Pet Store
07-Aug-26,ORD-101765,SKU-HOM-0127,21,El Tornillo Hardware
07/08/2026,ORD-101766,SKU-PET-0270,7,Andean Group Offices
2026-08-07,ORD-101766,SKU-HOM-0065,7,Inkafarma Comas Pharmacy
07/08/2026,ORD-101767,SKU-DAI-0164,2,Wong North Supermarkets
2026-08-07,ORD-101767,SKU-SNA-0233,3,La Lucha Restaurant
07/08/2026,ORD-101768,SKU-TOO-0245,2,Happy Pet Store
07/08/2026,ORD-101768,sku-fro-0132,1,Delta Construction
07-Aug-26,ORD-101768,SKU-OFF-0249,3,Lucero Minimarket
07/08/2026,ORD-101769,SKU-FRO-0296,8,La Lucha Restaurant
07-Aug-26,ORD-101769,SKU-FRO-0136,6,Andean Group Offices
2026-08-07,ORD-101770,SKU-FRO-0267,11,San Martin Corner Store
2026-08-07,ORD-101770,SKU-FRO-0196,15,Wong North Supermarkets
2026-08-07,ORD-101770,SKU-FRO-0278,4,San Martin Corner Store
07/08/2026,ORD-101771,SKU-TOO-0216,10,Happy Pet Store
07-Aug-26,ORD-101772,SKU-DAI-0184,3,Delta Construction
07-Aug-26,ORD-101773,SKU-SNA-0244,16,Happy Pet Store
07-Aug-26,ORD-101773,SKU-BEA-0142,7,Lince Vet Center
2026-08-07,ORD-101773,SKU-BEA-0034,15,El Tornillo Hardware
07-Aug-26,ORD-101774,SKU-BEV-0192,2,Wong North Supermarkets
2026-08-07,ORD-101776,SKU-BEV-0058,9,El Tornillo Hardware
2026-08-07,ORD-101776,SKU-HOM-0015,9,Lucero Minimarket
2026-08-07,ORD-101777,SKU BEV 0301,7,Happy Pet Store
2026-08-07,ORD-101779,SKU-TOO-0131,8,El Tornillo Hardware
07/08/2026,ORD-101779,SKU-GAR-0153,2,San Martin Corner Store
07/08/2026,ORD-101779,SKU-GAR-0078,10,Andean Group Offices
07-Aug-26,ORD-101780,SKU-SNA-0244,2,Wong North Supermarkets
2026-08-07,ORD-101780,SKU-GAR-0039,5,Andean Group Offices
07/08/2026,ORD-101781,SKU-PET-0217,11,San Martin Corner Store
07/08/2026,ORD-101781,SKU-FRO-0179,7,Lucero Minimarket
2026-08-07,ORD-101781,SKU-HOM-0112,12,Lucero Minimarket
07-Aug-26,ORD-101783,SKU-HOM-0065,7,Lucero Minimarket
07-Aug-26,ORD-101785,sku-bea-0310,11,Inkafarma Comas Pharmacy
07-Aug-26,ORD-101786,SKU-BEA-0144,10,Lucero Minimarket
07-Aug-26,ORD-101786,SKU-HOM-0015,2,La Lucha Restaurant
07/08/2026,ORD-101786,SKU-BEA-0073,3,San Martin Corner Store
07/08/2026,ORD-101787,SKU-GAR-0111,10,Andean Group Offices
07/08/2026,ORD-101787,SKU-OFF-0228,11,San Martin Corner Store
2026-08-07,ORD-101788,SKU TOO 0069,5,Inkafarma Comas Pharmacy
2026-08-07,ORD-101789,SKU-HAR-0254,5,Wong North Supermarkets
2026-08-07,ORD-101789, SKU-DAI-0070,2,San Martin Corner Store
2026-08-07,ORD-101790,SKU-FRO-0220,3,Inkafarma Comas Pharmacy
07-Aug-26,ORD-101790,SKU-GAR-0111,16,Andean Group Offices
07-Aug-26,ORD-101791,SKU-GAR-0153,9,Lince Vet Center
07/08/2026,ORD-101791,SKU-FRO-0132,26,San Martin Corner Store
07-Aug-26,ORD-101791,SKU-DAI-0082,10,La Lucha Restaurant
07/08/2026,ORD-101792,SKU-FRO-0085,10,La Lucha Restaurant
07/08/2026,ORD-101792,SKU-FRO-0278,7,Wong North Supermarkets
2026-08-07,ORD-101793,SKU-HOM-0262,3,Wong North Supermarkets
07/08/2026,ORD-101793,SKU-BEA-0045,3,Wong North Supermarkets
07/08/2026,ORD-101794,SKU-DAI-0164,5,Lucero Minimarket
2026-08-07,ORD-101795,SKU-DAI-0070,13,Delta Construction
07/08/2026,ORD-101795,SKU-BEV-0084,9,Delta Construction
07-Aug-26,ORD-101795,SKU-OFF-0257,2,Inkafarma Comas Pharmacy
2026-08-07,ORD-101796,SKU-HOM-0316,7,Andean Group Offices
07/08/2026,ORD-101797,SKU-SNA-0100,13,Lucero Minimarket
2026-08-07,ORD-101797,SKU-DAI-0169,10,Andean Group Offices
07/08/2026,ORD-101798,SKU-BEA-0310,17,Wong North Supermarkets
2026-08-07,ORD-101799,SKU-PET-0146,9,San Martin Corner Store
07/08/2026,ORD-101800,SKU-PET-0087,6,San Martin Corner Store
07-Aug-26,ORD-101800,SKU-FRO-0085,2,Andean Group Offices
07/08/2026,ORD-101800,SKU-TOO-0125,9,El Tornillo Hardware
08/08/2026,ORD-101802,SKU-OFF-0140,8,Lince Vet Center
08-Aug-26,ORD-101802,SKU-OFF-0283,16,El Tornillo Hardware
2026-08-08,ORD-101803,SKU-CLE-0276,5,El Tornillo Hardware
08/08/2026,ORD-101803,SKU-PET-0040,3,Lince Vet Center
08-Aug-26,ORD-101804,SKU-HAR-0309,17,Andean Group Offices
2026-08-08,ORD-101804,SKU-BEA-0045,7,Andean Group Offices
08/08/2026,ORD-101804,SKU-BEV-0301,6,Wong North Supermarkets
2026-08-08,ORD-101805,SKU-PET-0217,11,San Martin Corner Store
08-Aug-26,ORD-101805,SKU-PET-0024,16,El Tornillo Hardware
08/08/2026,ORD-101805,SKU-TOO-0131,13,Wong North Supermarkets
2026-08-08,ORD-101807,SKU-HOM-0166,17,Lince Vet Center
08-Aug-26,ORD-101807,SKU-DAI-0169,1,Delta Construction
08/08/2026,ORD-101808,SKU-FRO-0136,8,San Martin Corner Store
08-Aug-26,ORD-101808,SKU-DAI-0072,13,San Martin Corner Store
08/08/2026,ORD-101809,SKU-FRO-0014,5,Lucero Minimarket
08-Aug-26,ORD-101809,SKU-SNA-0100,5,Delta Construction
08-Aug-26,ORD-101809,SKU-DAI-0072,8,Happy Pet Store
08-Aug-26,ORD-101810,SKU-BEV-0162,10,Happy Pet Store
08/08/2026,ORD-101810,SKU-OFF-0228,10,Lince Vet Center
08-Aug-26,ORD-101811,SKU-FRO-0136,5,Lucero Minimarket
08/08/2026,ORD-101811,SKU-TOO-0131,16,Happy Pet Store
08/08/2026,ORD-101811,SKU-OFF-0228,12,Wong North Supermarkets
2026-08-08,ORD-101812,SKU-SNA-0223,5,San Martin Corner Store
2026-08-08,ORD-101812,SKU-CLE-0263,1,Lince Vet Center
2026-08-08,ORD-101813,SKU-HOM-0112,18,Inkafarma Comas Pharmacy
08-Aug-26,ORD-101813,SKU-OFF-0284,13,Lince Vet Center
2026-08-08,ORD-101814,SKU-CLE-0108,11,Happy Pet Store
08-Aug-26,ORD-101815,SKU-FRO-0179,1,Lince Vet Center
2026-08-08,ORD-101815,SKU-DAI-0123,3,Lince Vet Center
08/08/2026,ORD-101816,SKU SNA 0171,9,El Tornillo Hardware
08/08/2026,ORD-101817,SKU-GAR-0195,10,La Lucha Restaurant
08/08/2026,ORD-101818,SKU-TOO-0049,21,San Martin Corner Store
08/08/2026,ORD-101818,SKU-CLE-0139,1,Inkafarma Comas Pharmacy
2026-08-08,ORD-101819,SKU-GAR-0157,19,El Tornillo Hardware
08-Aug-26,ORD-101819,SKU-SNA-0244,19,Inkafarma Comas Pharmacy
2026-08-08,ORD-101820,SKU-OFF-0259,23,Andean Group Offices
08-Aug-26,ORD-101821,SKU-OFF-0060,19,Lince Vet Center
08-Aug-26,ORD-101821,SKU-DAI-0303,1,Wong North Supermarkets
08/08/2026,ORD-101822,SKU-FRO-0109,10,Inkafarma Comas Pharmacy
08-Aug-26,ORD-101822,SKU-FRO-0288,3,Delta Construction
2026-08-08,ORD-101822,SKU-BEV-0202,4,Lince Vet Center
08-Aug-26,ORD-101823,SKU-DAI-0072,14,Happy Pet Store
08/08/2026,ORD-101824,SKU-HOM-0204,9,Wong North Supermarkets
08-Aug-26,ORD-101824,SKU-PET-0017,6,Lucero Minimarket
08/08/2026,ORD-101825,SKU-FRO-0085,4,Inkafarma Comas Pharmacy
08/08/2026,ORD-101825,SKU-DAI-0072,12,Andean Group Offices
2026-08-08,ORD-101825,SKU-OFF-0225,7,Wong North Supermarkets
2026-08-08,ORD-101826,SKU-FRO-0136,6,Andean Group Offices
2026-08-08,ORD-101826,SKU-DAI-0082,9,El Tornillo Hardware
08/08/2026,ORD-101826,SKU-DAI-0313,2,Wong North Supermarkets
08/08/2026,ORD-101827,SKU-PET-0270,8,Wong North Supermarkets
08/08/2026,ORD-101828,SKU-BEV-0033,3,San Martin Corner Store
2026-08-08,ORD-101828,SKU-OFF-0007,6,Delta Construction
2026-08-08,ORD-101829,SKU-BEA-0094,8,La Lucha Restaurant
08/08/2026,ORD-101829,SKU-PET-0217,14,Lince Vet Center
08-Aug-26,ORD-101830,SKU-PET-0106,1,El Tornillo Hardware
08/08/2026,ORD-101831,SKU-TOO-0210,7,Inkafarma Comas Pharmacy
08/08/2026,ORD-101831,SKU-OFF-0283,6,Wong North Supermarkets
08-Aug-26,ORD-101831,SKU-FRO-0272,14,San Martin Corner Store
08-Aug-26,ORD-101832,SKU-CLE-0041,11,La Lucha Restaurant
08-Aug-26,ORD-101832,SKU-FRO-0238,14,El Tornillo Hardware
08/08/2026,ORD-101832,SKU-BEA-0151,10,Inkafarma Comas Pharmacy
08-Aug-26,ORD-101833,SKU-TOO-0122,10,Inkafarma Comas Pharmacy
08-Aug-26,ORD-101833,SKU-TOO-0067,4,San Martin Corner Store
08/08/2026,ORD-101834,SKU-BEA-0177,6,Lucero Minimarket
08/08/2026,ORD-101834,SKU-SNA-0223,2,Andean Group Offices
08/08/2026,ORD-101834,SKU-CLE-0061,4,La Lucha Restaurant
2026-08-08,ORD-101835,SKU-OFF-0225,1,Delta Construction
08-Aug-26,ORD-101835,SKU-PET-0318,2,El Tornillo Hardware
08-Aug-26,ORD-101836,SKU-PET-0040,6,Happy Pet Store
08-Aug-26,ORD-101837,SKU-FRO-0196,3,El Tornillo Hardware
08-Aug-26,ORD-101837,SKU-BEV-0301,3,Delta Construction
08-Aug-26,ORD-101837,SKU-OFF-0284,4,Delta Construction
2026-08-08,ORD-101838,SKU-PET-0155,11,Delta Construction
08/08/2026,ORD-101838, SKU-BEA-0264,5,Inkafarma Comas Pharmacy
08-Aug-26,ORD-101839,SKU-OFF-0043,4,Lince Vet Center
08-Aug-26,ORD-101839,SKU-FRO-0114,6,El Tornillo Hardware
08-Aug-26,ORD-101839,SKU-CLE-0282,13,La Lucha Restaurant
2026-08-08,ORD-101841,SKU-CLE-0248,7,Andean Group Offices
08/08/2026,ORD-101842,SKU-TOO-0295,15,Andean Group Offices
08-Aug-26,ORD-101842,SKU-FRO-0296,10,San Martin Corner Store
08-Aug-26,ORD-101842,SKU-BEA-0006,2,La Lucha Restaurant
2026-08-08,ORD-101843,SKU-OFF-0284,3,Delta Construction
2026-08-08,ORD-101844,SKU-FRO-0090,7,Inkafarma Comas Pharmacy
08/08/2026,ORD-101844,SKU-FRO-0296,3,El Tornillo Hardware
2026-08-08,ORD-101845,SKU-OFF-0257,1,Wong North Supermarkets
08-Aug-26,ORD-101846,SKU-CLE-0108,4,Wong North Supermarkets
08-Aug-26,ORD-101847,SKU-OFF-0259,25,La Lucha Restaurant
08/08/2026,ORD-101848,SKU-OFF-0283,21,Happy Pet Store
08/08/2026,ORD-101848,SKU-SNA-0319,3,Delta Construction
08-Aug-26,ORD-101848,SKU-DAI-0169,14,Wong North Supermarkets
08-Aug-26,ORD-101849,SKU-FRO-0014,8,Delta Construction
08-Aug-26,ORD-101850,SKU-BEV-0162,6,El Tornillo Hardware
08/08/2026,ORD-101850,SKU-DAI-0072,9,Lucero Minimarket
08/08/2026,ORD-101851,SKU-TOO-0221,1,Lince Vet Center
08-Aug-26,ORD-101851,SKU-FRO-0179,7,Wong North Supermarkets
2026-08-08,ORD-101851,SKU-FRO-0278,10,San Martin Corner Store
08/08/2026,ORD-101852,SKU-BEA-0045,12,Happy Pet Store
08-Aug-26,ORD-101852,SKU-DAI-0313,24,San Martin Corner Store
2026-08-08,ORD-101852,SKU-DAI-0082,2,Wong North Supermarkets
08-Aug-26,ORD-101853,SKU-GAR-0111,18,Happy Pet Store
08/08/2026,ORD-101855,SKU-DAI-0303,2,Lucero Minimarket
08/08/2026,ORD-101856,SKU-FRO-0261,4,Inkafarma Comas Pharmacy
08/08/2026,ORD-101857,SKU-FRO-0296,2,Wong North Supermarkets
2026-08-08,ORD-101857,SKU-DAI-0313,15,Andean Group Offices
2026-08-08,ORD-101858,SKU-HOM-0065,12,San Martin Corner Store
08-Aug-26,ORD-101858,SKU-BEA-0312,2,La Lucha Restaurant
08/08/2026,ORD-101859,SKU-HOM-0289,11,La Lucha Restaurant
08/08/2026,ORD-101860,SKU-FRO-0136,7,La Lucha Restaurant
08-Aug-26,ORD-101860,SKU-DAI-0184,2,Inkafarma Comas Pharmacy
08-Aug-26,ORD-101861,SKU-FRO-0109,3,Lince Vet Center
08/08/2026,ORD-101861,SKU-BEA-0062,7,Delta Construction
2026-08-08,ORD-101862,SKU-DAI-0184,15,Happy Pet Store
08-Aug-26,ORD-101862,SKU-FRO-0238,3,El Tornillo Hardware
08/08/2026,ORD-101862,SKU-SNA-0244,14,Andean Group Offices
2026-08-08,ORD-101863,SKU-CLE-0263,3,San Martin Corner Store
2026-08-08,ORD-101863,SKU-DAI-0184,16,Inkafarma Comas Pharmacy
08-Aug-26,ORD-101864,SKU-FRO-0085,15,La Lucha Restaurant
08-Aug-26,ORD-101864,SKU-FRO-0278,11,Lucero Minimarket
08/08/2026,ORD-101864,SKU-SNA-0199,3,Inkafarma Comas Pharmacy
08-Aug-26,ORD-101865,SKU-DAI-0072,8,Andean Group Offices
08/08/2026,ORD-101865,SKU-SNA-0233,5,Inkafarma Comas Pharmacy
2026-08-08,ORD-101866,SKU-GAR-0039,13,Delta Construction
2026-08-08,ORD-101866,SKU-OFF-0074,14,Andean Group Offices
08/08/2026,ORD-101866,SKU-PET-0318,7,San Martin Corner Store
08/08/2026,ORD-101867,SKU-FRO-0238,12,Delta Construction
08-Aug-26,ORD-101867,SKU-GAR-0111,11,La Lucha Restaurant
08/08/2026,ORD-101868,SKU-FRO-0109,9,Andean Group Offices
2026-08-08,ORD-101868,SKU-FRO-0196,12,Lucero Minimarket
2026-08-08,ORD-101869,SKU-TOO-0125,8,Wong North Supermarkets
08/08/2026,ORD-101869,SKU-DAI-0169,9,Inkafarma Comas Pharmacy
08-Aug-26,ORD-101869,SKU-TOO-0279,10,Delta Construction
2026-08-08,ORD-101870,SKU-FRO-0213,14,San Martin Corner Store
08-Aug-26,ORD-101870,SKU-PET-0106,14,Lucero Minimarket
08/08/2026,ORD-101870,SKU-FRO-0090,21,Happy Pet Store
08/08/2026,ORD-101871,SKU-OFF-0140,5,Wong North Supermarkets
08/08/2026,ORD-101871,SKU-BEA-0185,3,El Tornillo Hardware
08/08/2026,ORD-101872,SKU-HOM-0112,17,El Tornillo Hardware
08/08/2026,ORD-101873,SKU-GAR-0120,4,La Lucha Restaurant
08/08/2026,ORD-101873,SKU-FRO-0203,11,San Martin Corner Store
08/08/2026,ORD-101873,SKU-OFF-0236,8,San Martin Corner Store
2026-08-08,ORD-101874,SKU-CLE-0231,4,El Tornillo Hardware
2026-08-08,ORD-101875,SKU-PET-0155,26,San Martin Corner Store
08-Aug-26,ORD-101875,SKU-TOO-0279,8,La Lucha Restaurant
2026-08-08,ORD-101876,SKU-DAI-0082,9,Lince Vet Center
08-Aug-26,ORD-101876,SKU-BEA-0310,11,Lucero Minimarket
08/08/2026,ORD-101876,SKU OFF 0259,9,Lince Vet Center
08-Aug-26,ORD-101877,SKU-OFF-0007,3,Lince Vet Center
08-Aug-26,ORD-101877,SKU-FRO-0090,17,La Lucha Restaurant
08-Aug-26,ORD-101878,SKU-BEA-0312,1,Lucero Minimarket
2026-08-08,ORD-101879,SKU-GAR-0157,9,San Martin Corner Store
2026-08-08,ORD-101880,SKU-TOO-0221,6,La Lucha Restaurant
08-Aug-26,ORD-101880,SKU-PET-0040,10,Happy Pet Store
2026-08-08,ORD-101881,SKU-HOM-0286,5,Happy Pet Store
08/08/2026,ORD-101881,SKU-FRO-0179,8,Lucero Minimarket
08/08/2026,ORD-101882,SKU-HOM-0065,4,El Tornillo Hardware
2026-08-08,ORD-101882,SKU-GAR-0078,2,Delta Construction
08/08/2026,ORD-101882,SKU-HOM-0112,6,Lince Vet Center
08-Aug-26,ORD-101883,SKU-BEV-0037,11,San Martin Corner Store
08-Aug-26,ORD-101884,SKU-OFF-0259,24,Inkafarma Comas Pharmacy
08-Aug-26,ORD-101884,SKU-HOM-0127,15,El Tornillo Hardware
2026-08-08,ORD-101886,SKU-FRO-0136,6,San Martin Corner Store
2026-08-08,ORD-101886,SKU-SNA-0100,16,El Tornillo Hardware
08-Aug-26,ORD-101886,SKU-HOM-0065,9,Inkafarma Comas Pharmacy
08-Aug-26,ORD-101887,SKU-FRO-0136,5,Happy Pet Store
08/08/2026,ORD-101887,SKU-DAI-0003,1,Andean Group Offices
08-Aug-26,ORD-101888,SKU-OFF-0259,20,La Lucha Restaurant
08-Aug-26,ORD-101888,SKU-DAI-0184,13,Andean Group Offices
2026-08-08,ORD-101889,SKU-PET-0106,5,Happy Pet Store
08-Aug-26,ORD-101890,SKU-OFF-0225,13,Andean Group Offices
08-Aug-26,ORD-101891,SKU-BEV-0058,6,Andean Group Offices
2026-08-08,ORD-101891,SKU-TOO-0080,5,Inkafarma Comas Pharmacy
08/08/2026,ORD-101892,SKU-TOO-0069,10,Lince Vet Center
08/08/2026,ORD-101892,SKU-BEA-0119,4,Wong North Supermarkets
2026-08-08,ORD-101892,SKU-GAR-0153,1,San Martin Corner Store
08-Aug-26,ORD-101893,SKU-HOM-0112,13,Lucero Minimarket
2026-08-08,ORD-101893,SKU-BEA-0126,10,Lince Vet Center
08/08/2026,ORD-101893,SKU-HOM-0127,11,Inkafarma Comas Pharmacy
08/08/2026,ORD-101894,SKU-OFF-0074,17,Andean Group Offices
08-Aug-26,ORD-101894,SKU-OFF-0074,15,Wong North Supermarkets
08-Aug-26,ORD-101894,SKU-BEA-0177,4,Delta Construction
08/08/2026,ORD-101895,SKU-DAI-0072,6,Andean Group Offices
08/08/2026,ORD-101896,SKU-SNA-0030,19,Lucero Minimarket
2026-08-08,ORD-101897,SKU-DAI-0184,3,Inkafarma Comas Pharmacy
2026-08-08,ORD-101898,SKU-BEA-0006,17,Wong North Supermarkets
08-Aug-26,ORD-101898, SKU-HAR-0309,13,El Tornillo Hardware
2026-08-08,ORD-101899,SKU-OFF-0257,10,La Lucha Restaurant
08-Aug-26,ORD-101899,SKU-CLE-0231,4,Lucero Minimarket
08-Aug-26,ORD-101899,SKU-OFF-0283,10,Delta Construction
08/08/2026,ORD-101900,SKU-OFF-0140,7,La Lucha Restaurant
08-Aug-26,ORD-101901,SKU-FRO-0136,8,Andean Group Offices
08/08/2026,ORD-101901,SKU-FRO-0132,21,Wong North Supermarkets
08-Aug-26,ORD-101901,SKU-BEA-0126,10,San Martin Corner Store
08-Aug-26,ORD-101902,SKU-HOM-0020,6,La Lucha Restaurant
08/08/2026,ORD-101902,SKU-DAI-0184,15,Lucero Minimarket
08/08/2026,ORD-101903,SKU-DAI-0303,2,Lince Vet Center
08/08/2026,ORD-101903,SKU-TOO-0069,1,San Martin Corner Store
08/08/2026,ORD-101904,SKU-SNA-0244,4,El Tornillo Hardware
08/08/2026,ORD-101905,SKU-HOM-0065,5,San Martin Corner Store
2026-08-08,ORD-101905,SKU-DAI-0123,5,Delta Construction
08-Aug-26,ORD-101906,SKU-DAI-0303,4,Lince Vet Center
2026-08-08,ORD-101906,SKU-FRO-0220,7,San Martin Corner Store
08-Aug-26,ORD-101906,SKU-SNA-0199,7,La Lucha Restaurant
08/08/2026,ORD-101907,SKU-HOM-0015,21,Happy Pet Store
08-Aug-26,ORD-101907,SKU-TOO-0080,6,La Lucha Restaurant
08-Aug-26,ORD-101908,SKU-DAI-0169,15,El Tornillo Hardware
08-Aug-26,ORD-101908,SKU-OFF-0284,5,Wong North Supermarkets
08-Aug-26,ORD-101909,SKU-DAI-0082,2,La Lucha Restaurant
08/08/2026,ORD-101910,SKU-SNA-0057,5,Inkafarma Comas Pharmacy
08-Aug-26,ORD-101910,SKU-FRO-0196,12,San Martin Corner Store
08-Aug-26,ORD-101911,SKU-CLE-0231,5,La Lucha Restaurant
08-Aug-26,ORD-101912,SKU-FRO-0296,1,Happy Pet Store
08/08/2026,ORD-101912,SKU-DAI-0184,10,El Tornillo Hardware
08/08/2026,ORD-101913,SKU-GAR-0039,2,Delta Construction
2026-08-08,ORD-101913,sku-fro-0090,18,Lince Vet Center
08-Aug-26,ORD-101914,SKU-HOM-0020,1,Lince Vet Center
2026-08-08,ORD-101914,SKU-PET-0318,3,Inkafarma Comas Pharmacy
08-Aug-26,ORD-101914,SKU-SNA-0199,21,Lucero Minimarket
2026-08-08,ORD-101915,SKU-HOM-0262,3,Happy Pet Store
2026-08-08,ORD-101916,SKU-DAI-0313,14,El Tornillo Hardware
08/08/2026,ORD-101916,SKU-HOM-0262,5,Inkafarma Comas Pharmacy
08/08/2026,ORD-101917,SKU-OFF-0249,6,San Martin Corner Store
08/08/2026,ORD-101918,SKU-CLE-0263,10,Inkafarma Comas Pharmacy
08/08/2026,ORD-101918,SKU-FRO-0296,4,Delta Construction
2026-08-08,ORD-101918,SKU-HOM-0089,8,El Tornillo Hardware
2026-08-08,ORD-101919,SKU-TOO-0069,1,La Lucha Restaurant
08/08/2026,ORD-101920,SKU-FRO-0278,11,Wong North Supermarkets
2026-08-08,ORD-101920,SKU-OFF-0249,6,La Lucha Restaurant
08-Aug-26,ORD-101921,SKU-BEV-0219,5,San Martin Corner Store
08-Aug-26,ORD-101921,SKU-BEA-0142,4,La Lucha Restaurant
2026-08-08,ORD-101921,SKU-FRO-0203,6,Delta Construction
08/08/2026,ORD-101922,SKU-FRO-0090,20,Lince Vet Center
08/08/2026,ORD-101922,SKU-OFF-0225,4,Wong North Supermarkets
2026-08-08,ORD-101923,SKU-HOM-0286,6,La Lucha Restaurant
08/08/2026,ORD-101923,SKU-FRO-0090,23,Lucero Minimarket
2026-08-08,ORD-101924,SKU-OFF-0228,12,San Martin Corner Store
08/08/2026,ORD-101924,SKU-SNA-0171,3,Wong North Supermarkets
08-Aug-26,ORD-101925,SKU-BEV-0192,14,El Tornillo Hardware
08/08/2026,ORD-101925,SKU-GAR-0111,5,El Tornillo Hardware
08/08/2026,ORD-101925,SKU-SNA-0188,26,La Lucha Restaurant
2026-08-08,ORD-101926,SKU-FRO-0196,9,La Lucha Restaurant
08/08/2026,ORD-101927,SKU-HOM-0286,6,San Martin Corner Store
08-Aug-26,ORD-101927,SKU-PET-0076,1,Lince Vet Center
2026-08-08,ORD-101928,SKU-BEA-0019,10,Andean Group Offices
2026-08-08,ORD-101928,SKU-FRO-0296,10,Lucero Minimarket
08-Aug-26,ORD-101928,SKU-HOM-0020,3,Lince Vet Center
2026-08-08,ORD-101929,SKU-DAI-0123,3,San Martin Corner Store
2026-08-08,ORD-101929,SKU-GAR-0111,13,El Tornillo Hardware
08-Aug-26,ORD-101930,SKU-TOO-0279,2,La Lucha Restaurant
08/08/2026,ORD-101930,SKU-PET-0087,3,Lince Vet Center
08-Aug-26,ORD-101930,sku-fro-0114,1,El Tornillo Hardware
08-Aug-26,ORD-101931,SKU-DAI-0184,9,San Martin Corner Store
08-Aug-26,ORD-101932,SKU-DAI-0184,7,Inkafarma Comas Pharmacy
2026-08-08,ORD-101932,SKU-SNA-0199,21,El Tornillo Hardware
08/08/2026,ORD-101932,SKU-SNA-0298,6,Lucero Minimarket
08/08/2026,ORD-101933,SKU-OFF-0043,18,Andean Group Offices
08/08/2026,ORD-101933,SKU-FRO-0278,6,Inkafarma Comas Pharmacy
08-Aug-26,ORD-101933,SKU-TOO-0295,5,Andean Group Offices
2026-08-08,ORD-101934,SKU-TOO-0131,23,La Lucha Restaurant
08/08/2026,ORD-101935,SKU-FRO-0132,2,La Lucha Restaurant
2026-08-08,ORD-101935,SKU-DAI-0303,2,Wong North Supermarkets
08-Aug-26,ORD-101936,SKU-TOO-0026,4,Lucero Minimarket
08/08/2026,ORD-101936,SKU-HOM-0208,12,Happy Pet Store
2026-08-08,ORD-101937,SKU-DAI-0164,5,La Lucha Restaurant
08/08/2026,ORD-101938,SKU-CLE-0240,24,La Lucha Restaurant
2026-08-08,ORD-101938,SKU-HOM-0112,6,Inkafarma Comas Pharmacy
2026-08-08,ORD-101939,SKU-OFF-0043,8,Happy Pet Store
08-Aug-26,ORD-101939,SKU-DAI-0123,3,Inkafarma Comas Pharmacy
08/08/2026,ORD-101940,SKU-BEA-0193,2,La Lucha Restaurant
08/08/2026,ORD-101940,SKU-DAI-0164,2,Andean Group Offices
08/08/2026,ORD-101941,SKU-BEA-0119,25,El Tornillo Hardware
08/08/2026,ORD-101941,SKU-BEA-0019,12,San Martin Corner Store
2026-08-08,ORD-101942,SKU-OFF-0249,9,Delta Construction
08-Aug-26,ORD-101942,SKU-HOM-0262,4,Lince Vet Center
08/08/2026,ORD-101944,SKU-FRO-0196,11,Wong North Supermarkets
2026-08-08,ORD-101944,SKU-BEA-0019,5,Delta Construction
08-Aug-26,ORD-101944,SKU-FRO-0090,27,Lucero Minimarket
08-Aug-26,ORD-101945,SKU-GAR-0116,16,La Lucha Restaurant
08-Aug-26,ORD-101945,SKU-PET-0173,2,San Martin Corner Store
2026-08-08,ORD-101945,SKU-DAI-0082,4,Inkafarma Comas Pharmacy
2026-08-08,ORD-101946,SKU-DAI-0070,14,San Martin Corner Store
08/08/2026,ORD-101946,SKU-BEV-0311,7,Happy Pet Store
08-Aug-26,ORD-101947,SKU-BEA-0191,1,Wong North Supermarkets
08-Aug-26,ORD-101947,SKU-OFF-0043,13,La Lucha Restaurant
2026-08-08,ORD-101948, SKU-CLE-0108,11,Lucero Minimarket
08/08/2026,ORD-101948,SKU-DAI-0303,1,Wong North Supermarkets
08-Aug-26,ORD-101948,SKU-DAI-0303,4,La Lucha Restaurant
2026-08-08,ORD-101949,SKU-HOM-0089,3,Andean Group Offices
2026-08-08,ORD-101949,SKU-GAR-0021,4,Happy Pet Store
08/08/2026,ORD-101950,SKU-FRO-0196,16,Happy Pet Store
2026-08-08,ORD-101950,SKU-BEA-0310,8,Lince Vet Center
08-Aug-26,ORD-101950,SKU-DAI-0003,3,Lucero Minimarket
2026-08-08,ORD-101951,SKU-OFF-0259,14,El Tornillo Hardware
2026-08-08,ORD-101952,SKU-TOO-0279,10,Happy Pet Store
2026-08-08,ORD-101952,SKU-SNA-0097,6,Andean Group Offices
08-Aug-26,ORD-101953,SKU-BEV-0311,16,Happy Pet Store
08/08/2026,ORD-101954,SKU GAR 0195,8,Inkafarma Comas Pharmacy
08-Aug-26,ORD-101954,SKU-HOM-0065,5,Happy Pet Store
08-Aug-26,ORD-101955,SKU-PET-0318,8,Andean Group Offices
08/08/2026,ORD-101955,SKU-BEV-0202,4,La Lucha Restaurant
08-Aug-26,ORD-101956,SKU-FRO-0220,3,Happy Pet Store
08/08/2026,ORD-101956,SKU-BEA-0168,1,Andean Group Offices
2026-08-08,ORD-101957,SKU-HOM-0013,2,Happy Pet Store
08-Aug-26,ORD-101957,SKU-HAR-0266,8,San Martin Corner Store
2026-08-08,ORD-101957,SKU-DAI-0313,6,Lucero Minimarket
2026-08-08,ORD-101958,SKU-BEV-0180,18,Inkafarma Comas Pharmacy
08-Aug-26,ORD-101958,SKU-DAI-0184,3,Wong North Supermarkets
08/08/2026,ORD-101959,SKU-BEV-0084,13,El Tornillo Hardware
08-Aug-26,ORD-101960,SKU-FRO-0213,14,Delta Construction
08/08/2026,ORD-101960,SKU-FRO-0196,1,El Tornillo Hardware
08-Aug-26,ORD-101961,SKU-OFF-0283,1,El Tornillo Hardware
08/08/2026,ORD-101961,SKU-TOO-0279,1,El Tornillo Hardware
08-Aug-26,ORD-101961,SKU-PET-0173,3,Andean Group Offices
08/08/2026,ORD-101962,SKU-DAI-0184,3,Andean Group Offices
08/08/2026,ORD-101962,SKU-TOO-0049,9,Wong North Supermarkets
08/08/2026,ORD-101962,SKU-FRO-0288,1,Wong North Supermarkets
2026-08-08,ORD-101963,SKU-DAI-0169,2,Wong North Supermarkets
2026-08-08,ORD-101963,SKU-PET-0106,4,El Tornillo Hardware
08-Aug-26,ORD-101963,SKU-DAI-0123,2,Andean Group Offices
2026-08-08,ORD-101964,SKU-BEA-0274,2,Inkafarma Comas Pharmacy
08-Aug-26,ORD-101964,SKU-DAI-0054,4,Happy Pet Store
08-Aug-26,ORD-101965,sku-gar-0039,12,Lince Vet Center
08-Aug-26,ORD-101966,SKU-SNA-0199,3,Lucero Minimarket
2026-08-08,ORD-101966,SKU-BEV-0037,11,San Martin Corner Store
08-Aug-26,ORD-101966,SKU-FRO-0296,11,La Lucha Restaurant
08-Aug-26,ORD-101967,SKU-OFF-0010,6,Lucero Minimarket
08/08/2026,ORD-101967,SKU-DAI-0184,13,Inkafarma Comas Pharmacy
08/08/2026,ORD-101968,SKU-OFF-0225,12,Happy Pet Store
08-Aug-26,ORD-101968,SKU-HOM-0015,13,San Martin Corner Store
08-Aug-26,ORD-101969,SKU-TOO-0026,10,La Lucha Restaurant
08/08/2026,ORD-101969,SKU-FRO-0246,3,Happy Pet Store
2026-08-08,ORD-101970,SKU FRO 0196,10,Lince Vet Center
2026-08-08,ORD-101971,SKU-FRO-0090,12,La Lucha Restaurant
2026-08-08,ORD-101972,sku-dai-0070,13,El Tornillo Hardware
08-Aug-26,ORD-101973,SKU-HOM-0089,10,San Martin Corner Store
2026-08-08,ORD-101973,sku-dai-0313,12,Lince Vet Center
2026-08-08,ORD-101974,SKU-FRO-0136,4,Delta Construction
2026-08-08,ORD-101974,SKU-BEA-0096,1,Lucero Minimarket
08-Aug-26,ORD-101975,SKU-BEA-0264,2,Lucero Minimarket
08-Aug-26,ORD-101976,SKU-CLE-0108,2,San Martin Corner Store
08-Aug-26,ORD-101976,SKU-PET-0217,8,Delta Construction
08/08/2026,ORD-101976,SKU-OFF-0236,9,Wong North Supermarkets
08-Aug-26,ORD-101977,SKU-DAI-0184,15,San Martin Corner Store
08/08/2026,ORD-101977,SKU-FRO-0203,22,Delta Construction
08-Aug-26,ORD-101978,SKU-FRO-0296,5,Wong North Supermarkets
08-Aug-26,ORD-101978,SKU-CLE-0108,12,Delta Construction
08-Aug-26,ORD-101979,SKU-BEA-0151,8,Delta Construction
08-Aug-26,ORD-101980,SKU-HOM-0127,16,Inkafarma Comas Pharmacy
08/08/2026,ORD-101980,SKU-DAI-0082,8,Delta Construction
08/08/2026,ORD-101980,SKU-GAR-0229,4,Inkafarma Comas Pharmacy
08/08/2026,ORD-101981,SKU-OFF-0043,4,Happy Pet Store
08-Aug-26,ORD-101982,SKU-SNA-0097,10,Lucero Minimarket
08-Aug-26,ORD-101982,sku-hom-0204,8,San Martin Corner Store
08-Aug-26,ORD-101983,SKU-DAI-0072,11,San Martin Corner Store
08-Aug-26,ORD-101983,SKU-PET-0027,16,El Tornillo Hardware
08-Aug-26,ORD-101984,SKU-DAI-0303,3,Lucero Minimarket
08/08/2026,ORD-101984,SKU-CLE-0141,2,Andean Group Offices
2026-08-08,ORD-101984,SKU-DAI-0313,20,Delta Construction
2026-08-08,ORD-101985,SKU-BEA-0034,15,El Tornillo Hardware
08/08/2026,ORD-101985,SKU-DAI-0072,4,Delta Construction
2026-08-08,ORD-101985,SKU-PET-0227,6,San Martin Corner Store
2026-08-08,ORD-101986,SKU-FRO-0238,15,La Lucha Restaurant
08-Aug-26,ORD-101986,SKU-HOM-0286,6,Andean Group Offices
2026-08-08,ORD-101986,SKU-DAI-0082,8,Happy Pet Store
08/08/2026,ORD-101987,SKU-GAR-0021,2,Lince Vet Center
2026-08-08,ORD-101987,SKU-BEA-0193,6,Happy Pet Store
08-Aug-26,ORD-101988,SKU-BEV-0033,2,Lucero Minimarket
08/08/2026,ORD-101988,SKU-TOO-0049,25,Lucero Minimarket
08-Aug-26,ORD-101989,SKU-GAR-0021,1,Andean Group Offices
08/08/2026,ORD-101989,SKU-FRO-0196,16,Happy Pet Store
2026-08-08,ORD-101990,SKU-BEA-0062,9,Inkafarma Comas Pharmacy
2026-08-08,ORD-101990,SKU-OFF-0225,15,Inkafarma Comas Pharmacy
2026-08-08,ORD-101991,SKU-CLE-0041,10,Inkafarma Comas Pharmacy
08/08/2026,ORD-101991,SKU-SNA-0199,4,La Lucha Restaurant
08-Aug-26,ORD-101992,SKU-FRO-0238,6,La Lucha Restaurant
08/08/2026,ORD-101993,SKU-OFF-0259,17,Andean Group Offices
2026-08-08,ORD-101993,SKU-DAI-0072,4,Inkafarma Comas Pharmacy
2026-08-08,ORD-101995,SKU-HOM-0204,3,Lince Vet Center
08/08/2026,ORD-101995,SKU-DAI-0184,7,Lince Vet Center
2026-08-08,ORD-101996,SKU-DAI-0303,4,Wong North Supermarkets
2026-08-08,ORD-101996,SKU-FRO-0109,10,Lucero Minimarket
08/08/2026,ORD-101996,SKU-HOM-0127,13,Inkafarma Comas Pharmacy
2026-08-08,ORD-101997,SKU-BEV-0311,1,Happy Pet Store
08-Aug-26,ORD-101997,SKU-DAI-0070,13,San Martin Corner Store
08/08/2026,ORD-101998,SKU-FRO-0014,10,Andean Group Offices
2026-08-08,ORD-101998,SKU-TOO-0125,3,Andean Group Offices
08-Aug-26,ORD-101999,SKU-PET-0173,9,Delta Construction
08-Aug-26,ORD-101999,SKU-FRO-0296,16,Lince Vet Center
08/08/2026,ORD-102000,SKU-FRO-0132,15,Wong North Supermarkets
2026-08-08,ORD-102001,SKU-OFF-0043,12,Delta Construction
08/08/2026,ORD-102002,SKU-OFF-0007,3,Happy Pet Store
08/08/2026,ORD-102003,SKU-HOM-0013,10,Lince Vet Center
08/08/2026,ORD-102003,SKU-GAR-0111,20,Lince Vet Center
2026-08-08,ORD-102003,SKU-DAI-0164,4,Delta Construction
2026-08-08,ORD-102004,SKU-FRO-0238,11,San Martin Corner Store
2026-08-08,ORD-102004,SKU-SNA-0030,5,San Martin Corner Store
08-Aug-26,ORD-102005,SKU-FRO-0296,2,Lince Vet Center
08/08/2026,ORD-102005,SKU-TOO-0154,13,El Tornillo Hardware
08-Aug-26,ORD-102006,SKU-DAI-0070,2,Andean Group Offices
08-Aug-26,ORD-102006,SKU-FRO-0220,5,San Martin Corner Store
08-Aug-26,ORD-102006,SKU-DAI-0072,15,La Lucha Restaurant
08/08/2026,ORD-102007,SKU-CLE-0263,1,Lucero Minimarket
2026-08-08,ORD-102007,SKU-PET-0155,24,Inkafarma Comas Pharmacy
08-Aug-26,ORD-102008,SKU-PET-0031,6,Andean Group Offices
08/08/2026,ORD-102008, SKU-FRO-0278,3,San Martin Corner Store
2026-08-08,ORD-102009,SKU-BEV-0176,6,Andean Group Offices
2026-08-08,ORD-102010,SKU-CLE-0061,23,Happy Pet Store
2026-08-08,ORD-102010,SKU-BEA-0148,2,Happy Pet Store
2026-08-08,ORD-102011,SKU-DAI-0070,9,San Martin Corner Store
08-Aug-26,ORD-102011,SKU-OFF-0283,5,Wong North Supermarkets
08-Aug-26,ORD-102011,SKU-BEA-0215,2,San Martin Corner Store
08/08/2026,ORD-102012,SKU-SNA-0100,3,Lince Vet Center
08-Aug-26,ORD-102012,SKU-CLE-0141,6,Inkafarma Comas Pharmacy
2026-08-08,ORD-102013,SKU-DAI-0184,18,Lince Vet Center
2026-08-08,ORD-102013,SKU-HOM-0089,1,Wong North Supermarkets
08-Aug-26,ORD-102013,SKU-HOM-0013,10,Happy Pet Store
2026-08-08,ORD-102014,SKU-DAI-0072,16,Delta Construction
2026-08-08,ORD-102014,SKU-FRO-0288,1,Andean Group Offices
08-Aug-26,ORD-102015,SKU-TOO-0245,27,Lince Vet Center
08-Aug-26,ORD-102015,SKU-HOM-0316,3,Lince Vet Center
08-Aug-26,ORD-102016,SKU-HOM-0020,4,Lucero Minimarket
08/08/2026,ORD-102017,SKU-DAI-0303,1,San Martin Corner Store
08-Aug-26,ORD-102018,SKU-DAI-0169,9,Andean Group Offices
2026-08-08,ORD-102018,SKU-FRO-0114,3,El Tornillo Hardware
08/08/2026,ORD-102019,SKU-OFF-0284,22,El Tornillo Hardware
08/08/2026,ORD-102019,SKU-BEA-0177,5,Lucero Minimarket
08/08/2026,ORD-102020,SKU-OFF-0257,9,La Lucha Restaurant
2026-08-08,ORD-102021,SKU-HOM-0112,11,Delta Construction
2026-08-09,ORD-102022,SKU-GAR-0021,5,El Tornillo Hardware
09/08/2026,ORD-102022,SKU-CLE-0276,8,Happy Pet Store
2026-08-09,ORD-102023,SKU-HOM-0204,14,El Tornillo Hardware
2026-08-09,ORD-102023,SKU-DAI-0070,5,Wong North Supermarkets
2026-08-09,ORD-102023,SKU-DAI-0313,1,San Martin Corner Store
09-Aug-26,ORD-102024,SKU-DAI-0164,4,Andean Group Offices
09-Aug-26,ORD-102024,SKU-DAI-0169,3,Wong North Supermarkets
09-Aug-26,ORD-102024, SKU-DAI-0184,13,Inkafarma Comas Pharmacy
09/08/2026,ORD-102025, SKU-PET-0076,8,Lince Vet Center
2026-08-09,ORD-102025,SKU-BEA-0264,5,Andean Group Offices
2026-08-09,ORD-102025,SKU-CLE-0061,27,Inkafarma Comas Pharmacy
09-Aug-26,ORD-102026,SKU-FRO-0014,12,Happy Pet Store
09-Aug-26,ORD-102026,SKU-BEA-0034,11,San Martin Corner Store
2026-08-09,ORD-102027,SKU-CLE-0108,6,El Tornillo Hardware
2026-08-09,ORD-102027,SKU-FRO-0014,1,Wong North Supermarkets
2026-08-09,ORD-102028,SKU-BEA-0163,1,El Tornillo Hardware
09/08/2026,ORD-102028,SKU-CLE-0018,14,Inkafarma Comas Pharmacy
2026-08-09,ORD-102029,SKU-BEV-0084,7,Delta Construction
2026-08-09,ORD-102030,SKU-PET-0270,8,Happy Pet Store
09-Aug-26,ORD-102031,SKU-BEV-0176,3,La Lucha Restaurant
09-Aug-26,ORD-102031,SKU-DAI-0123,8,Delta Construction
2026-08-09,ORD-102032,SKU-TOO-0067,2,Andean Group Offices
2026-08-09,ORD-102032,SKU-DAI-0082,5,Andean Group Offices
09/08/2026,ORD-102033,SKU-OFF-0225,9,Lucero Minimarket
2026-08-09,ORD-102033,SKU-BEA-0291,4,La Lucha Restaurant
09-Aug-26,ORD-102034,SKU-SNA-0223,12,Lince Vet Center
09/08/2026,ORD-102034,SKU-FRO-0272,9,Inkafarma Comas Pharmacy
09-Aug-26,ORD-102034,SKU-BEA-0291,2,El Tornillo Hardware
2026-08-09,ORD-102035,SKU-FRO-0085,10,La Lucha Restaurant
2026-08-09,ORD-102035,SKU-FRO-0132,12,Delta Construction
09/08/2026,ORD-102035,sku-hom-0204,14,Happy Pet Store
2026-08-09,ORD-102036,SKU-TOO-0080,1,Happy Pet Store
2026-08-09,ORD-102036,SKU-DAI-0184,11,Lucero Minimarket
09/08/2026,ORD-102037,SKU-DAI-0072,12,Wong North Supermarkets
2026-08-09,ORD-102038,SKU-FRO-0272,24,Lucero Minimarket
09/08/2026,ORD-102039,SKU-OFF-0236,11,Happy Pet Store
09/08/2026,ORD-102039,SKU-OFF-0249,6,Lucero Minimarket
09-Aug-26,ORD-102040,SKU-DAI-0169,4,San Martin Corner Store
09/08/2026,ORD-102041,SKU-GAR-0153,1,Wong North Supermarkets
09-Aug-26,ORD-102041,SKU-FRO-0109,6,Lucero Minimarket
09-Aug-26,ORD-102042,SKU-OFF-0225,12,La Lucha Restaurant
2026-08-09,ORD-102043,SKU-DAI-0123,5,Andean Group Offices
09-Aug-26,ORD-102044,SKU-DAI-0072,14,Lince Vet Center
2026-08-09,ORD-102044,SKU-FRO-0085,8,Delta Construction
09/08/2026,ORD-102045,SKU-BEV-0202,5,Lucero Minimarket
09/08/2026,ORD-102045,SKU-HOM-0020,3,Happy Pet Store
2026-08-09,ORD-102046,SKU-PET-0040,1,Wong North Supermarkets
09-Aug-26,ORD-102046,SKU-DAI-0303,4,La Lucha Restaurant
09-Aug-26,ORD-102047,SKU-FRO-0132,11,Lince Vet Center
09/08/2026,ORD-102047, SKU-TOO-0125,12,Lince Vet Center
2026-08-09,ORD-102048,SKU-DAI-0070,3,La Lucha Restaurant
09-Aug-26,ORD-102048,SKU-GAR-0039,5,Happy Pet Store
2026-08-09,ORD-102049, SKU-BEV-0192,2,Andean Group Offices
09-Aug-26,ORD-102049,SKU-PET-0017,4,San Martin Corner Store
09/08/2026,ORD-102050,SKU-GAR-0195,20,Wong North Supermarkets
09/08/2026,ORD-102050,SKU-CLE-0299,10,Wong North Supermarkets
2026-08-09,ORD-102050,sku-off-0228,20,Lucero Minimarket
09-Aug-26,ORD-102052,SKU-HOM-0289,1,Wong North Supermarkets
2026-08-09,ORD-102052,SKU-SNA-0223,6,Delta Construction
2026-08-09,ORD-102052,SKU-BEA-0177,5,Wong North Supermarkets
09-Aug-26,ORD-102053,SKU-SNA-0100,10,Happy Pet Store
09/08/2026,ORD-102053,SKU-HOM-0166,14,La Lucha Restaurant
09/08/2026,ORD-102054,SKU-FRO-0278,12,Andean Group Offices
09-Aug-26,ORD-102054,SKU-BEA-0148,3,Lince Vet Center
09/08/2026,ORD-102054,SKU-SNA-0199,20,Delta Construction
09/08/2026,ORD-102055,SKU-FRO-0090,4,Lucero Minimarket
2026-08-09,ORD-102056,SKU-FRO-0136,2,La Lucha Restaurant
09-Aug-26,ORD-102056,SKU-TOO-0279,1,Happy Pet Store
09/08/2026,ORD-102056,SKU-BEA-0191,5,Lince Vet Center
2026-08-09,ORD-102057,SKU-BEA-0310,2,El Tornillo Hardware
2026-08-09,ORD-102057,SKU-DAI-0164,1,San Martin Corner Store
09/08/2026,ORD-102058,SKU-FRO-0213,6,Delta Construction
09-Aug-26,ORD-102058,SKU-BEV-0174,3,Inkafarma Comas Pharmacy
09-Aug-26,ORD-102059,SKU-BEA-0142,10,Andean Group Offices
09/08/2026,ORD-102059,SKU-SNA-0097,8,La Lucha Restaurant
2026-08-09,ORD-102059,SKU-GAR-0287,2,Delta Construction
2026-08-09,ORD-102060,SKU-FRO-0213,8,Lince Vet Center
2026-08-09,ORD-102061,SKU-PET-0217,14,San Martin Corner Store
2026-08-09,ORD-102062,SKU-BEV-0174,5,Wong North Supermarkets
09/08/2026,ORD-102062,SKU-HOM-0020,6,El Tornillo Hardware
09/08/2026,ORD-102063,SKU-PET-0227,4,Delta Construction
09-Aug-26,ORD-102064,SKU-GAR-0229,1,Inkafarma Comas Pharmacy
09/08/2026,ORD-102064,SKU-CLE-0041,2,Andean Group Offices
09-Aug-26,ORD-102065,SKU-PET-0318,8,Andean Group Offices
09/08/2026,ORD-102065,SKU-HOM-0289,1,Lince Vet Center
2026-08-09,ORD-102066,SKU-GAR-0113,20,Happy Pet Store
2026-08-09,ORD-102066,SKU-FRO-0090,10,Delta Construction
2026-08-09,ORD-102066,SKU-SNA-0199,11,Wong North Supermarkets
09-Aug-26,ORD-102067,SKU-FRO-0085,3,Happy Pet Store
09/08/2026,ORD-102068,SKU-PET-0102,3,San Martin Corner Store
09-Aug-26,ORD-102068,SKU-PET-0270,3,Happy Pet Store
2026-08-09,ORD-102068, SKU-BEA-0291,6,Lince Vet Center
2026-08-09,ORD-102069,SKU-GAR-0157,24,Lucero Minimarket
09-Aug-26,ORD-102069,SKU-DAI-0082,9,Wong North Supermarkets
2026-08-09,ORD-102070,SKU-DAI-0054,5,El Tornillo Hardware
09/08/2026,ORD-102070,SKU-DAI-0072,7,Wong North Supermarkets
09/08/2026,ORD-102071,SKU-CLE-0061,29,Andean Group Offices
09-Aug-26,ORD-102071,SKU-GAR-0157,21,Wong North Supermarkets
09-Aug-26,ORD-102071,SKU-DAI-0184,12,Wong North Supermarkets
09-Aug-26,ORD-102072,SKU-FRO-0109,9,San Martin Corner Store
2026-08-09,ORD-102073,SKU-HOM-0204,5,El Tornillo Hardware
2026-08-09,ORD-102073,SKU-FRO-0132,21,La Lucha Restaurant
09/08/2026,ORD-102074,SKU-HAR-0254,15,La Lucha Restaurant
09-Aug-26,ORD-102074,SKU-OFF-0140,4,Lucero Minimarket
09-Aug-26,ORD-102075,SKU-BEA-0142,16,El Tornillo Hardware
09-Aug-26,ORD-102075,SKU-TOO-0080,3,Lince Vet Center
2026-08-09,ORD-102076,SKU-DAI-0164,6,Wong North Supermarkets
09-Aug-26,ORD-102076,SKU-BEA-0151,9,San Martin Corner Store
09-Aug-26,ORD-102077,SKU-BEV-0311,13,Inkafarma Comas Pharmacy
09/08/2026,ORD-102077,SKU-BEA-0096,12,Lince Vet Center
2026-08-09,ORD-102078,SKU-PET-0227,6,Andean Group Offices
2026-08-09,ORD-102078,SKU-BEA-0073,5,Andean Group Offices
09/08/2026,ORD-102079,SKU-DAI-0164,6,Lucero Minimarket
09/08/2026,ORD-102080,SKU-OFF-0259,26,San Martin Corner Store
09/08/2026,ORD-102080,SKU-FRO-0203,28,Wong North Supermarkets
2026-08-09,ORD-102081,SKU-GAR-0153,8,San Martin Corner Store
09-Aug-26,ORD-102082,SKU-TOO-0125,9,Lucero Minimarket
09-Aug-26,ORD-102083,SKU-DAI-0082,3,Inkafarma Comas Pharmacy
2026-08-09,ORD-102083,SKU-HOM-0092,4,Happy Pet Store
2026-08-09,ORD-102084,SKU-BEA-0062,11,Andean Group Offices
2026-08-09,ORD-102085,SKU-GAR-0039,11,Andean Group Offices
09/08/2026,ORD-102085,SKU-PET-0318,6,Lucero Minimarket
09/08/2026,ORD-102086,SKU-HOM-0065,12,El Tornillo Hardware
2026-08-09,ORD-102086,SKU-GAR-0078,2,Andean Group Offices
09/08/2026,ORD-102087,SKU-PET-0087,2,El Tornillo Hardware
09-Aug-26,ORD-102087,SKU-SNA-0046,8,Inkafarma Comas Pharmacy
09/08/2026,ORD-102088,SKU-BEV-0150,3,Lince Vet Center
09-Aug-26,ORD-102089,SKU-DAI-0169,16,El Tornillo Hardware
09/08/2026,ORD-102091,SKU-HAR-0266,8,Delta Construction
09-Aug-26,ORD-102092,SKU-BEV-0180,12,La Lucha Restaurant
09-Aug-26,ORD-102092,SKU-FRO-0203,16,San Martin Corner Store
09-Aug-26,ORD-102093,SKU-DAI-0169,15,La Lucha Restaurant
2026-08-09,ORD-102093,SKU-FRO-0278,12,San Martin Corner Store
09-Aug-26,ORD-102094,SKU-BEV-0150,14,La Lucha Restaurant
09-Aug-26,ORD-102094,SKU-FRO-0213,13,La Lucha Restaurant
2026-08-09,ORD-102095,SKU-SNA-0199,18,Inkafarma Comas Pharmacy
09/08/2026,ORD-102095,SKU-BEA-0045,12,San Martin Corner Store
09-Aug-26,ORD-102096,SKU-BEA-0019,4,La Lucha Restaurant
09-Aug-26,ORD-102097,SKU-OFF-0225,17,San Martin Corner Store
09/08/2026,ORD-102097,SKU-OFF-0043,18,Inkafarma Comas Pharmacy
09-Aug-26,ORD-102098,SKU-TOO-0154,8,La Lucha Restaurant
09-Aug-26,ORD-102098,SKU-FRO-0238,2,Happy Pet Store
09/08/2026,ORD-102099,SKU-TOO-0295,10,Wong North Supermarkets
09-Aug-26,ORD-102100,SKU-OFF-0043,14,San Martin Corner Store
2026-08-09,ORD-102100,SKU-TOO-0221,7,Happy Pet Store
09/08/2026,ORD-102101,SKU-BEA-0308,12,Inkafarma Comas Pharmacy
2026-08-09,ORD-102101,SKU-FRO-0246,4,Lince Vet Center
09/08/2026,ORD-102102,SKU-BEA-0264,6,San Martin Corner Store
09-Aug-26,ORD-102103,sku-too-0279,7,Delta Construction
09-Aug-26,ORD-102103,SKU-HAR-0309,19,Andean Group Offices
09/08/2026,ORD-102104,SKU-PET-0318,10,San Martin Corner Store
09/08/2026,ORD-102104,SKU-SNA-0223,5,Inkafarma Comas Pharmacy
09/08/2026,ORD-102105,SKU-TOO-0221,8,San Martin Corner Store
09/08/2026,ORD-102105,SKU-BEA-0019,8,Happy Pet Store
2026-08-09,ORD-102106,SKU-PET-0146,9,El Tornillo Hardware
09-Aug-26,ORD-102106,SKU-DAI-0003,17,Wong North Supermarkets
09/08/2026,ORD-102107,SKU-HOM-0286,1,Lucero Minimarket
09-Aug-26,ORD-102108,SKU-BEV-0033,1,Lince Vet Center
2026-08-09,ORD-102108,SKU-BEV-0058,11,Lince Vet Center
2026-08-09,ORD-102108,SKU-TOO-0026,1,Happy Pet Store
2026-08-09,ORD-102109,SKU-SNA-0171,2,Delta Construction
09-Aug-26,ORD-102110,SKU-PET-0205,10,Lucero Minimarket
09-Aug-26,ORD-102110,SKU-PET-0146,9,Lucero Minimarket
2026-08-09,ORD-102110,SKU-PET-0106,16,El Tornillo Hardware
2026-08-09,ORD-102111,SKU-OFF-0010,4,Lucero Minimarket
09-Aug-26,ORD-102111,SKU-FRO-0196,9,El Tornillo Hardware
2026-08-09,ORD-102111,SKU-DAI-0082,3,Andean Group Offices
09-Aug-26,ORD-102112,SKU-GAR-0113,16,Happy Pet Store
2026-08-09,ORD-102112,SKU-BEA-0177,2,Wong North Supermarkets
2026-08-09,ORD-102113,SKU-SNA-0223,9,Lucero Minimarket
09/08/2026,ORD-102114,SKU-TOO-0216,3,Lince Vet Center
09-Aug-26,ORD-102114,SKU-DAI-0070,10,Inkafarma Comas Pharmacy
2026-08-09,ORD-102114,SKU-FRO-0272,7,San Martin Corner Store
09/08/2026,ORD-102115,SKU-HOM-0286,6,El Tornillo Hardware
09-Aug-26,ORD-102115,SKU-BEA-0310,16,Inkafarma Comas Pharmacy
2026-08-09,ORD-102116,SKU-FRO-0085,14,Happy Pet Store
09/08/2026,ORD-102116,SKU-TOO-0295,7,Happy Pet Store
2026-08-09,ORD-102117,SKU-DAI-0303,2,Lince Vet Center
2026-08-09,ORD-102118,SKU-BEA-0177,5,Andean Group Offices
2026-08-09,ORD-102118,SKU-DAI-0072,11,Lince Vet Center
2026-08-09,ORD-102118,SKU-SNA-0223,5,El Tornillo Hardware
09-Aug-26,ORD-102119,SKU-DAI-0313,21,Lince Vet Center
09-Aug-26,ORD-102119,SKU-HOM-0316,9,Lucero Minimarket
09/08/2026,ORD-102119,SKU-FRO-0014,8,La Lucha Restaurant
09-Aug-26,ORD-102120,SKU-PET-0227,5,Lince Vet Center
09-Aug-26,ORD-102121,SKU-DAI-0072,16,San Martin Corner Store
09-Aug-26,ORD-102121,SKU-DAI-0164,5,Lince Vet Center
2026-08-09,ORD-102122,SKU-BEV-0202,1,San Martin Corner Store
2026-08-09,ORD-102123,SKU-OFF-0140,7,Andean Group Offices
09/08/2026,ORD-102123,SKU-BEV-0033,1,San Martin Corner Store
09/08/2026,ORD-102124,SKU-BEA-0062,2,Inkafarma Comas Pharmacy
09-Aug-26,ORD-102124,SKU-DAI-0184,4,Inkafarma Comas Pharmacy
2026-08-09,ORD-102124,SKU-FRO-0238,4,Delta Construction
09-Aug-26,ORD-102125,SKU-BEA-0034,6,El Tornillo Hardware
09-Aug-26,ORD-102125,SKU-SNA-0233,4,Lince Vet Center
09-Aug-26,ORD-102125,SKU-HOM-0020,2,La Lucha Restaurant
2026-08-09,ORD-102126,SKU-FRO-0085,13,Delta Construction
2026-08-09,ORD-102127,SKU-PET-0227,6,Delta Construction
2026-08-09,ORD-102127,SKU-GAR-0113,23,La Lucha Restaurant
09-Aug-26,ORD-102127,SKU-OFF-0283,11,El Tornillo Hardware
09-Aug-26,ORD-102128,SKU-BEV-0311,9,El Tornillo Hardware
09-Aug-26,ORD-102128,SKU-BEV-0219,4,Happy Pet Store
09/08/2026,ORD-102129,SKU-BEA-0062,11,Happy Pet Store
09-Aug-26,ORD-102131,SKU-SNA-0097,10,Wong North Supermarkets
09/08/2026,ORD-102132,SKU-BEA-0062,11,Inkafarma Comas Pharmacy
09-Aug-26,ORD-102132,SKU-TOO-0125,5,Inkafarma Comas Pharmacy
09-Aug-26,ORD-102132,SKU-HOM-0020,3,Lince Vet Center
09/08/2026,ORD-102133,SKU-CLE-0018,17,El Tornillo Hardware
09-Aug-26,ORD-102133,SKU-OFF-0249,5,Wong North Supermarkets
2026-08-09,ORD-102133,SKU-OFF-0225,12,Happy Pet Store
09/08/2026,ORD-102134,SKU-SNA-0315,3,Lince Vet Center
2026-08-09,ORD-102134, SKU-HOM-0015,23,Happy Pet Store
09/08/2026,ORD-102135,SKU-GAR-0113,11,Lince Vet Center
09/08/2026,ORD-102135,sku-bev-0242,5,Delta Construction
2026-08-09,ORD-102135,SKU-GAR-0078,10,Lucero Minimarket
09/08/2026,ORD-102136,SKU-OFF-0283,16,Wong North Supermarkets
09/08/2026,ORD-102136,SKU-FRO-0296,2,Wong North Supermarkets
09-Aug-26,ORD-102137,SKU-FRO-0278,3,Lucero Minimarket
2026-08-09,ORD-102137,SKU-FRO-0278,7,San Martin Corner Store
09-Aug-26,ORD-102138,SKU-FRO-0114,18,Delta Construction
2026-08-09,ORD-102138,SKU-BEV-0118,3,Wong North Supermarkets
2026-08-09,ORD-102139,SKU-HOM-0020,6,El Tornillo Hardware
09/08/2026,ORD-102140,SKU-BEA-0215,15,Andean Group Offices
2026-08-09,ORD-102140,SKU-DAI-0123,7,La Lucha Restaurant
2026-08-09,ORD-102141,SKU-FRO-0288,1,Lucero Minimarket
09/08/2026,ORD-102141,SKU-DAI-0313,18,La Lucha Restaurant
09-Aug-26,ORD-102142,SKU-DAI-0169,11,La Lucha Restaurant
09-Aug-26,ORD-102142,SKU-FRO-0238,11,Andean Group Offices
2026-08-09,ORD-102142,SKU-BEV-0084,1,Delta Construction
09-Aug-26,ORD-102143,SKU-SNA-0171,17,El Tornillo Hardware
2026-08-09,ORD-102144,SKU-HAR-0309,7,Lucero Minimarket
2026-08-09,ORD-102144,SKU-BEA-0126,1,Delta Construction
09/08/2026,ORD-102145,SKU-SNA-0199,6,La Lucha Restaurant
09-Aug-26,ORD-102145,SKU-DAI-0054,4,Wong North Supermarkets
09/08/2026,ORD-102146,SKU-BEA-0308,4,Lucero Minimarket
09-Aug-26,ORD-102147,SKU-BEV-0202,3,San Martin Corner Store
2026-08-09,ORD-102148,SKU-TOO-0295,5,Lucero Minimarket
2026-08-09,ORD-102148,SKU-DAI-0082,4,Happy Pet Store
09/08/2026,ORD-102149,SKU-BEV-0150,1,Inkafarma Comas Pharmacy
2026-08-09,ORD-102149, SKU-BEV-0058,6,San Martin Corner Store
09-Aug-26,ORD-102150,SKU-HOM-0316,2,Delta Construction
2026-08-09,ORD-102150,SKU-HAR-0309,17,Delta Construction
09-Aug-26,ORD-102151,SKU-FRO-0278,4,Inkafarma Comas Pharmacy
09/08/2026,ORD-102151,SKU-BEA-0312,2,Wong North Supermarkets
09-Aug-26,ORD-102152,SKU-BEV-0084,1,La Lucha Restaurant
2026-08-09,ORD-102153,SKU-DAI-0082,3,El Tornillo Hardware
09-Aug-26,ORD-102153,SKU-DAI-0003,10,San Martin Corner Store
2026-08-09,ORD-102153,SKU-TOO-0026,7,Delta Construction
09-Aug-26,ORD-102154,SKU-OFF-0140,1,Inkafarma Comas Pharmacy
09/08/2026,ORD-102155,SKU-PET-0318,8,Wong North Supermarkets
09-Aug-26,ORD-102156,SKU-FRO-0238,13,Inkafarma Comas Pharmacy
09-Aug-26,ORD-102156,SKU-FRO-0114,17,Happy Pet Store
09/08/2026,ORD-102157,SKU-OFF-0236,6,Happy Pet Store
2026-08-09,ORD-102157,SKU-FRO-0278,2,Lucero Minimarket
2026-08-09,ORD-102157,SKU-FRO-0179,1,Delta Construction
2026-08-09,ORD-102158,SKU-FRO-0136,5,Happy Pet Store
09-Aug-26,ORD-102158,SKU-BEV-0219,3,Delta Construction
09-Aug-26,ORD-102158,SKU-FRO-0196,1,El Tornillo Hardware
09-Aug-26,ORD-102159,SKU-BEV-0176,9,San Martin Corner Store
2026-08-09,ORD-102159,SKU-TOO-0245,14,El Tornillo Hardware
09/08/2026,ORD-102160,SKU-PET-0304,4,San Martin Corner Store
2026-08-09,ORD-102160,SKU-DAI-0070,1,San Martin Corner Store
09-Aug-26,ORD-102161,SKU-TOO-0131,16,Inkafarma Comas Pharmacy
09/08/2026,ORD-102161,sku-fro-0136,4,Inkafarma Comas Pharmacy
09/08/2026,ORD-102161,SKU-FRO-0136,2,La Lucha Restaurant
09-Aug-26,ORD-102162,SKU-TOO-0125,3,Inkafarma Comas Pharmacy
2026-08-09,ORD-102162,SKU-BEV-0037,7,San Martin Corner Store
09/08/2026,ORD-102163,SKU-BEA-0193,6,Delta Construction
09/08/2026,ORD-102163,SKU-OFF-0283,14,Happy Pet Store
09/08/2026,ORD-102164,SKU-SNA-0051,5,Lince Vet Center
2026-08-09,ORD-102165,SKU-BEV-0219,9,Lucero Minimarket
2026-08-09,ORD-102165,SKU-OFF-0140,3,La Lucha Restaurant
09-Aug-26,ORD-102165,SKU-DAI-0072,18,Lucero Minimarket
09-Aug-26,ORD-102166,SKU-DAI-0072,9,Delta Construction
09-Aug-26,ORD-102166,SKU-DAI-0082,2,Happy Pet Store
09-Aug-26,ORD-102167,SKU-DAI-0054,4,Andean Group Offices
09/08/2026,ORD-102168,SKU-TOO-0279,12,San Martin Corner Store
09/08/2026,ORD-102168,SKU-SNA-0030,11,Wong North Supermarkets
09/08/2026,ORD-102169,SKU-OFF-0236,2,Delta Construction
09-Aug-26,ORD-102169,SKU-FRO-0213,13,San Martin Corner Store
09-Aug-26,ORD-102170,SKU-HOM-0127,24,Lucero Minimarket
09-Aug-26,ORD-102170,SKU-FRO-0238,9,Lucero Minimarket
2026-08-09,ORD-102170,SKU-GAR-0078,4,Happy Pet Store
09-Aug-26,ORD-102171,SKU-TOO-0279,4,Inkafarma Comas Pharmacy
09-Aug-26,ORD-102172,SKU-DAI-0164,3,San Martin Corner Store
09-Aug-26,ORD-102172,SKU-GAR-0229,1,Delta Construction
2026-08-09,ORD-102172,SKU-HOM-0020,4,Delta Construction
2026-08-09,ORD-102173,SKU-DAI-0303,3,El Tornillo Hardware
09/08/2026,ORD-102173,SKU-HOM-0020,5,Happy Pet Store
09-Aug-26,ORD-102174,SKU-HOM-0289,12,Inkafarma Comas Pharmacy
2026-08-09,ORD-102175,SKU-BEV-0242,10,San Martin Corner Store
09-Aug-26,ORD-102175,SKU-BEA-0291,10,Happy Pet Store
2026-08-09,ORD-102176,SKU-FRO-0109,4,El Tornillo Hardware
2026-08-09,ORD-102176,SKU-FRO-0196,2,Andean Group Offices
09/08/2026,ORD-102176,SKU-FRO-0238,9,Lince Vet Center
2026-08-09,ORD-102177,SKU-FRO-0213,4,La Lucha Restaurant
09/08/2026,ORD-102177,SKU-BEV-0242,22,San Martin Corner Store
09-Aug-26,ORD-102177,SKU-OFF-0284,13,Happy Pet Store
2026-08-09,ORD-102178,SKU-HOM-0289,12,Lince Vet Center
09/08/2026,ORD-102178,SKU-CLE-0108,2,Lince Vet Center
09-Aug-26,ORD-102178,SKU-HOM-0112,9,San Martin Corner Store
09/08/2026,ORD-102179,SKU-DAI-0164,6,Lucero Minimarket
09-Aug-26,ORD-102179,SKU-DAI-0123,6,El Tornillo Hardware
09/08/2026,ORD-102179,SKU-HAR-0285,18,Lince Vet Center
2026-08-09,ORD-102180,SKU-HOM-0289,7,Happy Pet Store
09-Aug-26,ORD-102181,SKU DAI 0123,7,El Tornillo Hardware
09/08/2026,ORD-102181,SKU-PET-0106,7,San Martin Corner Store
09/08/2026,ORD-102182,SKU-HAR-0266,2,Lucero Minimarket
09/08/2026,ORD-102182,SKU-HOM-0166,12,Lince Vet Center
09-Aug-26,ORD-102183,SKU-GAR-0120,8,San Martin Corner Store
09/08/2026,ORD-102184,SKU-DAI-0169,11,Lince Vet Center
09-Aug-26,ORD-102184,SKU-BEV-0192,11,La Lucha Restaurant
09-Aug-26,ORD-102187,SKU-BEV-0084,21,El Tornillo Hardware
09/08/2026,ORD-102188,SKU-OFF-0257,1,Andean Group Offices
2026-08-09,ORD-102189,SKU-OFF-0010,2,El Tornillo Hardware
2026-08-09,ORD-102189,SKU-PET-0076,1,San Martin Corner Store
09-Aug-26,ORD-102189,SKU-BEA-0019,1,Lucero Minimarket
09-Aug-26,ORD-102190,SKU-DAI-0123,5,Lince Vet Center
2026-08-09,ORD-102190,SKU-FRO-0238,16,Lince Vet Center
2026-08-09,ORD-102192,SKU-DAI-0169,9,San Martin Corner Store
2026-08-09,ORD-102192,SKU-CLE-0028,3,Lucero Minimarket
09-Aug-26,ORD-102193,SKU-TOO-0295,12,Lucero Minimarket
2026-08-09,ORD-102194,SKU-BEV-0150,2,El Tornillo Hardware
09/08/2026,ORD-102196,SKU-BEA-0151,9,Inkafarma Comas Pharmacy
09-Aug-26,ORD-102196,SKU-DAI-0184,5,Wong North Supermarkets
09-Aug-26,ORD-102198,SKU-OFF-0284,14,Delta Construction
2026-08-09,ORD-102198,SKU-HOM-0020,3,Andean Group Offices
09/08/2026,ORD-102199,SKU-HAR-0266,3,La Lucha Restaurant
09/08/2026,ORD-102201,SKU-TOO-0091,25,Lucero Minimarket
09/08/2026,ORD-102201, SKU-GAR-0039,6,Lucero Minimarket
09/08/2026,ORD-102201,SKU-HAR-0285,6,Lucero Minimarket
09/08/2026,ORD-102203,SKU-BEV-0150,6,Lince Vet Center
09-Aug-26,ORD-102203,SKU-BEA-0142,3,San Martin Corner Store
09-Aug-26,ORD-102204,SKU-OFF-0043,18,Lucero Minimarket
09-Aug-26,ORD-102204,SKU-OFF-0259,5,Happy Pet Store
2026-08-09,ORD-102205,SKU-FRO-0238,3,La Lucha Restaurant
09/08/2026,ORD-102205,SKU-PET-0102,6,Inkafarma Comas Pharmacy
2026-08-09,ORD-102206,SKU-TOO-0131,7,La Lucha Restaurant
09/08/2026,ORD-102206,SKU-CLE-0248,1,Lince Vet Center
09/08/2026,ORD-102207,SKU-DAI-0072,11,La Lucha Restaurant
2026-08-09,ORD-102207,SKU-TOO-0080,2,San Martin Corner Store
09-Aug-26,ORD-102208,SKU-BEA-0312,17,Delta Construction
2026-08-09,ORD-102208,SKU-DAI-0082,9,Lucero Minimarket
09/08/2026,ORD-102208,SKU-OFF-0259,19,Inkafarma Comas Pharmacy
09/08/2026,ORD-102210,SKU-DAI-0313,17,El Tornillo Hardware
2026-08-09,ORD-102210,SKU-OFF-0283,14,La Lucha Restaurant
09/08/2026,ORD-102210,SKU-BEA-0151,2,Lucero Minimarket
09-Aug-26,ORD-102211,SKU-DAI-0123,1,La Lucha Restaurant
09/08/2026,ORD-102211,SKU-FRO-0196,3,La Lucha Restaurant
09-Aug-26,ORD-102213,SKU-OFF-0283,2,El Tornillo Hardware
2026-08-09,ORD-102214,SKU-TOO-0200,10,Andean Group Offices
2026-08-09,ORD-102214,SKU-HOM-0013,1,Wong North Supermarkets
09/08/2026,ORD-102215,SKU-HOM-0262,14,Andean Group Offices
2026-08-09,ORD-102215,SKU-CLE-0018,14,Lince Vet Center
09/08/2026,ORD-102215,SKU-TOO-0279,1,Lucero Minimarket
2026-08-09,ORD-102216,SKU-DAI-0169,3,Delta Construction
2026-08-09,ORD-102217,SKU-SNA-0315,17,Delta Construction
09-Aug-26,ORD-102217,SKU-FRO-0085,9,Lince Vet Center
09/08/2026,ORD-102218,SKU-GAR-0113,8,Andean Group Offices
2026-08-09,ORD-102219,SKU-BEA-0185,17,El Tornillo Hardware
09-Aug-26,ORD-102219,SKU-OFF-0225,4,Inkafarma Comas Pharmacy
2026-08-09,ORD-102219,SKU-DAI-0123,4,La Lucha Restaurant
09/08/2026,ORD-102220,SKU-FRO-0238,15,Wong North Supermarkets
09/08/2026,ORD-102220,SKU-OFF-0225,12,Lucero Minimarket
2026-08-09,ORD-102221,SKU PET 0146,12,Lince Vet Center
09-Aug-26,ORD-102221,SKU-OFF-0284,13,La Lucha Restaurant
2026-08-09,ORD-102222,SKU-FRO-0296,13,El Tornillo Hardware
09/08/2026,ORD-102222,SKU-CLE-0248,4,San Martin Corner Store
09-Aug-26,ORD-102223,SKU-OFF-0074,10,El Tornillo Hardware
09-Aug-26,ORD-102224,SKU-BEV-0219,1,Happy Pet Store
09-Aug-26,ORD-102225,SKU-FRO-0288,3,El Tornillo Hardware
09-Aug-26,ORD-102225,SKU-DAI-0313,18,Happy Pet Store
09-Aug-26,ORD-102225,SKU-FRO-0278,11,La Lucha Restaurant
2026-08-09,ORD-102226,SKU-FRO-0203,26,Lucero Minimarket
2026-08-09,ORD-102226,SKU-PET-0318,20,Lince Vet Center
2026-08-09,ORD-102227,SKU-HOM-0013,1,Wong North Supermarkets
09-Aug-26,ORD-102227,SKU-DAI-0082,10,Andean Group Offices
09/08/2026,ORD-102229,SKU-OFF-0140,10,Happy Pet Store
09/08/2026,ORD-102229,SKU-PET-0106,8,Inkafarma Comas Pharmacy
2026-08-09,ORD-102230,SKU-PET-0155,6,El Tornillo Hardware
2026-08-09,ORD-102230,SKU-OFF-0007,5,Inkafarma Comas Pharmacy
09/08/2026,ORD-102231,SKU-BEA-0177,5,San Martin Corner Store
2026-08-09,ORD-102231,SKU-SNA-0292,11,Delta Construction
09-Aug-26,ORD-102233,SKU-BEA-0264,7,Andean Group Offices
2026-08-09,ORD-102233,SKU-GAR-0153,18,Lucero Minimarket
09-Aug-26,ORD-102234,SKU-DAI-0070,13,Wong North Supermarkets
09/08/2026,ORD-102234,SKU-CLE-0240,16,Lucero Minimarket
09/08/2026,ORD-102235,SKU-CLE-0248,6,La Lucha Restaurant
09/08/2026,ORD-102235,SKU-DAI-0072,17,Andean Group Offices
2026-08-09,ORD-102236,SKU-FRO-0136,2,Inkafarma Comas Pharmacy
2026-08-09,ORD-102237,SKU HAR 0309,21,Andean Group Offices
09-Aug-26,ORD-102237,SKU-BEA-0019,3,Lince Vet Center
09-Aug-26,ORD-102237,SKU-BEV-0301,6,Wong North Supermarkets
09-Aug-26,ORD-102238,SKU-DAI-0070,14,Happy Pet Store
09/08/2026,ORD-102238,SKU-DAI-0303,4,Andean Group Offices
09/08/2026,ORD-102238,SKU-BEV-0033,4,Andean Group Offices
09/08/2026,ORD-102239,SKU-DAI-0082,3,Lince Vet Center
09-Aug-26,ORD-102240,SKU-FRO-0085,4,Wong North Supermarkets
2026-08-09,ORD-102240,SKU-GAR-0039,2,La Lucha Restaurant
09-Aug-26,ORD-102241,SKU-PET-0106,12,La Lucha Restaurant
2026-08-09,ORD-102241,SKU-OFF-0225,4,La Lucha Restaurant
2026-08-09,ORD-102242,SKU-GAR-0113,21,Delta Construction
09/08/2026,ORD-102242,SKU-FRO-0246,3,Inkafarma Comas Pharmacy
2026-08-09,ORD-102243,SKU-FRO-0272,13,Delta Construction
09-Aug-26,ORD-102244,SKU-FRO-0267,1,El Tornillo Hardware
09/08/2026,ORD-102244,SKU-PET-0040,21,La Lucha Restaurant
09-Aug-26,ORD-102245,SKU-DAI-0072,15,Wong North Supermarkets
2026-08-09,ORD-102245,SKU-BEV-0202,1,Happy Pet Store
2026-08-09,ORD-102246,SKU-FRO-0136,6,La Lucha Restaurant
09/08/2026,ORD-102246,SKU-FRO-0220,4,El Tornillo Hardware
09/08/2026,ORD-102247,SKU-TOO-0221,8,Wong North Supermarkets
2026-08-09,ORD-102248,SKU-PET-0146,3,Wong North Supermarkets
09-Aug-26,ORD-102248,SKU-PET-0017,6,El Tornillo Hardware
09-Aug-26,ORD-102249,SKU-CLE-0108,5,Wong North Supermarkets
09-Aug-26,ORD-102250,SKU-DAI-0070,6,San Martin Corner Store
09-Aug-26,ORD-102250,SKU-SNA-0223,8,Lucero Minimarket
2026-08-09,ORD-102250,SKU-CLE-0018,17,Andean Group Offices
2026-08-09,ORD-102251,SKU-BEA-0291,3,El Tornillo Hardware
10-Aug-26,ORD-102252,SKU-TOO-0067,5,Wong North Supermarkets
2026-08-10,ORD-102252,SKU-CLE-0028,5,El Tornillo Hardware
2026-08-10,ORD-102253,SKU-OFF-0257,2,Delta Construction
2026-08-10,ORD-102253,SKU-OFF-0225,8,Happy Pet Store
10/08/2026,ORD-102254,sku-sna-0057,1,Delta Construction
10-Aug-26,ORD-102255,SKU-DAI-0072,6,Lucero Minimarket
2026-08-10,ORD-102255,SKU-OFF-0074,11,Inkafarma Comas Pharmacy
2026-08-10,ORD-102255,SKU-TOO-0080,3,Delta Construction
2026-08-10,ORD-102256,SKU-BEA-0045,18,El Tornillo Hardware
10/08/2026,ORD-102256,SKU-HOM-0015,5,Lince Vet Center
10-Aug-26,ORD-102257,SKU-PET-0017,1,Inkafarma Comas Pharmacy
10-Aug-26,ORD-102258,SKU-FRO-0196,9,Happy Pet Store
10-Aug-26,ORD-102258,SKU-FRO-0267,7,Delta Construction
10/08/2026,ORD-102259,SKU-HAR-0285,13,Andean Group Offices
10-Aug-26,ORD-102260,SKU-PET-0087,5,Lince Vet Center
10-Aug-26,ORD-102260,SKU-PET-0017,5,Delta Construction
10-Aug-26,ORD-102261,SKU-BEA-0177,4,Wong North Supermarkets
2026-08-10,ORD-102261,SKU-BEV-0084,8,Andean Group Offices
2026-08-10,ORD-102262,SKU-FRO-0196,14,Lucero Minimarket
10-Aug-26,ORD-102263,SKU-GAR-0120,13,Inkafarma Comas Pharmacy
2026-08-10,ORD-102264,SKU-OFF-0236,8,Inkafarma Comas Pharmacy
2026-08-10,ORD-102264,SKU-FRO-0238,3,El Tornillo Hardware
2026-08-10,ORD-102265,SKU-PET-0146,13,Lince Vet Center
10/08/2026,ORD-102265,SKU-HAR-0266,10,Inkafarma Comas Pharmacy
2026-08-10,ORD-102265,SKU-OFF-0074,4,El Tornillo Hardware
10-Aug-26,ORD-102266,SKU-SNA-0051,5,Wong North Supermarkets
10/08/2026,ORD-102268,SKU-GAR-0021,5,Delta Construction
10-Aug-26,ORD-102268,SKU-FRO-0296,3,El Tornillo Hardware
2026-08-10,ORD-102269,SKU-DAI-0082,4,Delta Construction
10/08/2026,ORD-102270,SKU-CLE-0209,9,Lince Vet Center
10/08/2026,ORD-102271,SKU-HAR-0237,8,Lince Vet Center
10-Aug-26,ORD-102271,SKU-FRO-0238,2,Lince Vet Center
10/08/2026,ORD-102272,SKU-BEV-0311,7,San Martin Corner Store
10-Aug-26,ORD-102273,SKU-DAI-0123,1,Delta Construction
10-Aug-26,ORD-102274,SKU-HOM-0015,14,Lucero Minimarket
10/08/2026,ORD-102275,SKU-HOM-0262,11,Wong North Supermarkets
10-Aug-26,ORD-102275,SKU-DAI-0313,17,Delta Construction
2026-08-10,ORD-102276,SKU-HOM-0015,12,La Lucha Restaurant
10/08/2026,ORD-102276,SKU-FRO-0220,2,La Lucha Restaurant
10-Aug-26,ORD-102276,SKU-CLE-0299,16,Delta Construction
2026-08-10,ORD-102277,SKU-OFF-0284,14,Lucero Minimarket
10-Aug-26,ORD-102278,SKU-PET-0040,9,Delta Construction
10/08/2026,ORD-102278,SKU-FRO-0272,25,Lince Vet Center
10/08/2026,ORD-102279, SKU-PET-0017,5,El Tornillo Hardware
10/08/2026,ORD-102279,SKU-FRO-0109,6,Wong North Supermarkets
10/08/2026,ORD-102280,SKU-BEV-0058,23,El Tornillo Hardware
10-Aug-26,ORD-102280,SKU-TOO-0210,2,Delta Construction
10/08/2026,ORD-102280,SKU-OFF-0225,4,San Martin Corner Store
2026-08-10,ORD-102281,SKU-FRO-0014,12,Happy Pet Store
2026-08-10,ORD-102282,SKU-OFF-0043,7,La Lucha Restaurant
10/08/2026,ORD-102282,SKU-TOO-0026,7,San Martin Corner Store
10-Aug-26,ORD-102283,SKU-HOM-0065,6,San Martin Corner Store
10-Aug-26,ORD-102283,SKU-BEV-0174,2,Wong North Supermarkets
2026-08-10,ORD-102283, SKU-PET-0227,6,Andean Group Offices
2026-08-10,ORD-102284,SKU-BEV-0202,1,Lucero Minimarket
10-Aug-26,ORD-102284,SKU-TOO-0080,2,Lince Vet Center
10-Aug-26,ORD-102285,SKU-DAI-0072,14,Happy Pet Store
10/08/2026,ORD-102285,SKU-BEV-0202,4,Lince Vet Center
10-Aug-26,ORD-102287,SKU-DAI-0123,5,El Tornillo Hardware
10-Aug-26,ORD-102288,SKU-HOM-0289,8,Delta Construction
10-Aug-26,ORD-102288,SKU-OFF-0140,15,Delta Construction
10/08/2026,ORD-102288,SKU-PET-0102,2,San Martin Corner Store
10-Aug-26,ORD-102289,SKU-GAR-0229,4,El Tornillo Hardware
10-Aug-26,ORD-102289,SKU-SNA-0188,27,Inkafarma Comas Pharmacy
10/08/2026,ORD-102289,SKU-DAI-0313,11,Lince Vet Center
10/08/2026,ORD-102290,SKU-BEA-0168,11,Happy Pet Store
10-Aug-26,ORD-102291,SKU-DAI-0164,4,Lince Vet Center
10-Aug-26,ORD-102291,SKU-TOO-0067,2,Lucero Minimarket
10/08/2026,ORD-102292,SKU-HOM-0112,6,Lucero Minimarket
10/08/2026,ORD-102292,SKU-BEV-0192,1,Delta Construction
2026-08-10,ORD-102293,SKU-OFF-0074,6,La Lucha Restaurant
10/08/2026,ORD-102294,SKU-CLE-0240,4,Delta Construction
2026-08-10,ORD-102294,SKU-HAR-0309,21,Wong North Supermarkets
2026-08-10,ORD-102295,SKU-DAI-0164,1,Wong North Supermarkets
10/08/2026,ORD-102295,SKU-FRO-0090,13,Inkafarma Comas Pharmacy
10/08/2026,ORD-102296,SKU-FRO-0220,1,Lince Vet Center
2026-08-10,ORD-102297,SKU-GAR-0039,7,Wong North Supermarkets
10-Aug-26,ORD-102298,SKU-DAI-0072,13,Lucero Minimarket
10/08/2026,ORD-102298,SKU-PET-0146,10,El Tornillo Hardware
2026-08-10,ORD-102299,SKU-CLE-0263,13,Delta Construction
10-Aug-26,ORD-102299,SKU-FRO-0114,6,Delta Construction
10-Aug-26,ORD-102301,SKU-GAR-0021,7,Wong North Supermarkets
10/08/2026,ORD-102302,SKU-OFF-0249,8,Lince Vet Center
10-Aug-26,ORD-102302,SKU-HOM-0020,4,Lince Vet Center
10-Aug-26,ORD-102303,SKU-BEA-0034,7,Delta Construction
10/08/2026,ORD-102303,SKU-DAI-0082,9,Delta Construction
10/08/2026,ORD-102304,SKU-HAR-0237,13,Happy Pet Store
10/08/2026,ORD-102304,SKU-TOO-0026,3,Delta Construction
10/08/2026,ORD-102304,SKU-TOO-0122,12,Lince Vet Center
10/08/2026,ORD-102305,SKU-BEV-0219,7,La Lucha Restaurant
2026-08-10,ORD-102305,SKU-CLE-0061,25,Happy Pet Store
10/08/2026,ORD-102306,SKU-BEA-0062,6,Lince Vet Center
2026-08-10,ORD-102306,SKU-PET-0017,1,Delta Construction
2026-08-10,ORD-102307,SKU-BEA-0185,6,Andean Group Offices
10/08/2026,ORD-102307, SKU-FRO-0196,10,Lucero Minimarket
10/08/2026,ORD-102308,SKU-BEV-0219,3,Wong North Supermarkets
10/08/2026,ORD-102309,SKU-HOM-0065,14,Lince Vet Center
10-Aug-26,ORD-102309,SKU-TOO-0245,9,Andean Group Offices
10/08/2026,ORD-102310,SKU-TOO-0295,12,San Martin Corner Store
10/08/2026,ORD-102310,SKU-GAR-0153,2,Happy Pet Store
10/08/2026,ORD-102311,SKU-SNA-0199,12,San Martin Corner Store
10-Aug-26,ORD-102312,SKU-FRO-0272,21,Inkafarma Comas Pharmacy
2026-08-10,ORD-102313,SKU-BEV-0037,6,El Tornillo Hardware
10-Aug-26,ORD-102313,SKU-PET-0106,3,San Martin Corner Store
2026-08-10,ORD-102314,SKU-GAR-0287,2,Andean Group Offices
10-Aug-26,ORD-102314,SKU-OFF-0010,4,Inkafarma Comas Pharmacy
2026-08-10,ORD-102314,SKU-BEA-0148,3,San Martin Corner Store
10/08/2026,ORD-102315,SKU-BEV-0037,4,Delta Construction
10-Aug-26,ORD-102315,SKU-PET-0146,5,Happy Pet Store
10/08/2026,ORD-102315,SKU-HOM-0089,4,La Lucha Restaurant
2026-08-10,ORD-102316,SKU-TOO-0279,12,Lucero Minimarket
2026-08-10,ORD-102318,SKU-DAI-0303,3,La Lucha Restaurant
10-Aug-26,ORD-102319,SKU-BEA-0062,6,Lince Vet Center
2026-08-10,ORD-102319,SKU-BEV-0033,3,San Martin Corner Store
10-Aug-26,ORD-102319,SKU-BEV-0033,4,La Lucha Restaurant
10/08/2026,ORD-102320,SKU-DAI-0313,11,Delta Construction
10-Aug-26,ORD-102320,SKU-BEV-0242,4,El Tornillo Hardware
10-Aug-26,ORD-102321,SKU-DAI-0164,6,Andean Group Offices
10/08/2026,ORD-102322,SKU-FRO-0179,3,San Martin Corner Store
10/08/2026,ORD-102323,SKU-OFF-0283,18,Delta Construction
2026-08-10,ORD-102323,SKU-SNA-0292,6,Happy Pet Store
10/08/2026,ORD-102324,SKU-SNA-0244,4,Wong North Supermarkets
10-Aug-26,ORD-102324,SKU-SNA-0030,18,Happy Pet Store
2026-08-10,ORD-102325,SKU-PET-0270,3,Andean Group Offices
10/08/2026,ORD-102326,SKU-DAI-0082,8,Lucero Minimarket
10/08/2026,ORD-102326,SKU-DAI-0164,6,San Martin Corner Store
10/08/2026,ORD-102327,SKU-HOM-0020,5,Delta Construction
2026-08-10,ORD-102328,SKU-CLE-0028,2,Inkafarma Comas Pharmacy
2026-08-10,ORD-102328,SKU-TOO-0125,10,Lucero Minimarket
2026-08-10,ORD-102329,SKU-BEV-0242,28,Lince Vet Center
2026-08-10,ORD-102330,SKU-SNA-0030,16,Wong North Supermarkets
2026-08-10,ORD-102330,SKU-FRO-0213,8,Andean Group Offices
2026-08-10,ORD-102330,SKU-FRO-0296,20,La Lucha Restaurant
10-Aug-26,ORD-102331,SKU-SNA-0292,12,Andean Group Offices
10-Aug-26,ORD-102331,SKU-GAR-0113,7,Andean Group Offices
10/08/2026,ORD-102331,SKU-SNA-0244,5,Lucero Minimarket
10-Aug-26,ORD-102332,SKU-BEV-0202,6,San Martin Corner Store
2026-08-10,ORD-102332,SKU-FRO-0296,10,Inkafarma Comas Pharmacy
10-Aug-26,ORD-102333,SKU-TOO-0026,1,Happy Pet Store
10/08/2026,ORD-102333,SKU-BEV-0219,8,San Martin Corner Store
2026-08-10,ORD-102334,SKU-SNA-0097,4,La Lucha Restaurant
2026-08-10,ORD-102335,SKU-PET-0106,2,Andean Group Offices
10/08/2026,ORD-102335,SKU-SNA-0292,4,Inkafarma Comas Pharmacy
10/08/2026,ORD-102335,SKU-PET-0227,2,Happy Pet Store
10-Aug-26,ORD-102336,SKU-PET-0076,7,Lince Vet Center
10/08/2026,ORD-102337,SKU-DAI-0164,6,Delta Construction
2026-08-10,ORD-102337,SKU-DAI-0184,8,Wong North Supermarkets
10/08/2026,ORD-102337,SKU-OFF-0284,1,El Tornillo Hardware
2026-08-10,ORD-102338,SKU-FRO-0085,6,Wong North Supermarkets
10/08/2026,ORD-102338,SKU-FRO-0246,2,Lince Vet Center
10/08/2026,ORD-102338,SKU-GAR-0287,4,El Tornillo Hardware
2026-08-10,ORD-102339,SKU-FRO-0246,2,Lince Vet Center
10-Aug-26,ORD-102339,SKU-PET-0106,7,Lince Vet Center
2026-08-10,ORD-102340,SKU-SNA-0199,18,Lince Vet Center
10/08/2026,ORD-102340,SKU-DAI-0164,2,Delta Construction
2026-08-10,ORD-102340,SKU-HAR-0237,14,Delta Construction
10-Aug-26,ORD-102341,SKU-SNA-0292,12,Inkafarma Comas Pharmacy
2026-08-10,ORD-102341,SKU-HAR-0266,15,Wong North Supermarkets
10-Aug-26,ORD-102342,SKU-GAR-0157,23,San Martin Corner Store
2026-08-10,ORD-102343,SKU-SNA-0292,9,Happy Pet Store
2026-08-10,ORD-102343,SKU-DAI-0303,2,Inkafarma Comas Pharmacy
2026-08-10,ORD-102343,SKU-FRO-0278,12,El Tornillo Hardware
10-Aug-26,ORD-102344,SKU-HOM-0127,8,Happy Pet Store
10-Aug-26,ORD-102344,SKU-FRO-0238,10,Lucero Minimarket
10-Aug-26,ORD-102345,SKU-HOM-0262,8,Inkafarma Comas Pharmacy
2026-08-10,ORD-102345,SKU-FRO-0278,12,Andean Group Offices
10/08/2026,ORD-102345,SKU-BEV-0176,9,Andean Group Offices
2026-08-10,ORD-102346,SKU-PET-0106,14,Happy Pet Store
2026-08-10,ORD-102347,SKU-FRO-0272,8,Inkafarma Comas Pharmacy
10-Aug-26,ORD-102348,SKU-HOM-0286,1,La Lucha Restaurant
2026-08-10,ORD-102349,SKU-FRO-0114,17,Wong North Supermarkets
10-Aug-26,ORD-102349,SKU-TOO-0210,10,Lince Vet Center
2026-08-10,ORD-102350,SKU-FRO-0246,2,Happy Pet Store
10/08/2026,ORD-102351,SKU-BEA-0151,3,El Tornillo Hardware
2026-08-10,ORD-102353,SKU-GAR-0039,10,Lince Vet Center
2026-08-10,ORD-102353,SKU-FRO-0109,8,Inkafarma Comas Pharmacy
10-Aug-26,ORD-102353,SKU-DAI-0072,15,Lucero Minimarket
2026-08-10,ORD-102355,SKU-BEA-0045,6,Lucero Minimarket
10-Aug-26,ORD-102356,SKU-HAR-0285,12,Lucero Minimarket
2026-08-10,ORD-102356,SKU-PET-0205,4,Lucero Minimarket
10/08/2026,ORD-102357,SKU-HOM-0065,7,San Martin Corner Store
2026-08-10,ORD-102357,SKU-OFF-0283,2,Andean Group Offices
10/08/2026,ORD-102358,SKU-OFF-0010,6,Wong North Supermarkets
10-Aug-26,ORD-102358,SKU-BEA-0312,11,Lucero Minimarket
10/08/2026,ORD-102359,SKU-DAI-0123,7,Lince Vet Center
2026-08-10,ORD-102360,SKU-CLE-0240,22,Lince Vet Center
10/08/2026,ORD-102360,SKU-TOO-0154,11,Lince Vet Center
2026-08-10,ORD-102360,SKU-TOO-0221,7,San Martin Corner Store
10-Aug-26,ORD-102361,SKU-FRO-0114,1,La Lucha Restaurant
10-Aug-26,ORD-102361,SKU-HAR-0237,11,San Martin Corner Store
10-Aug-26,ORD-102362,SKU-OFF-0284,19,Delta Construction
2026-08-10,ORD-102362,SKU-GAR-0113,6,La Lucha Restaurant
10-Aug-26,ORD-102363,SKU-DAI-0070,6,San Martin Corner Store
10/08/2026,ORD-102363,SKU-DAI-0169,16,Delta Construction
2026-08-10,ORD-102363,SKU-OFF-0010,1,Delta Construction
10/08/2026,ORD-102364,SKU-BEA-0151,3,El Tornillo Hardware
2026-08-10,ORD-102364,SKU-HAR-0266,1,Inkafarma Comas Pharmacy
2026-08-10,ORD-102365,SKU-BEA-0177,5,Lucero Minimarket
10-Aug-26,ORD-102365,SKU-BEV-0058,2,Wong North Supermarkets
10/08/2026,ORD-102365,SKU-DAI-0313,14,La Lucha Restaurant
2026-08-10,ORD-102366,SKU-FRO-0114,16,Andean Group Offices
10/08/2026,ORD-102366,SKU-DAI-0313,20,Andean Group Offices
10-Aug-26,ORD-102367,SKU-GAR-0021,2,Andean Group Offices
2026-08-10,ORD-102367,SKU-FRO-0267,14,Inkafarma Comas Pharmacy
10-Aug-26,ORD-102368,SKU HOM 0262,13,San Martin Corner Store
10-Aug-26,ORD-102368,SKU-OFF-0010,8,Lucero Minimarket
10-Aug-26,ORD-102369,SKU-PET-0217,4,Inkafarma Comas Pharmacy
2026-08-10,ORD-102369,SKU-TOO-0131,15,Lince Vet Center
10-Aug-26,ORD-102370,SKU-DAI-0082,1,Happy Pet Store
10/08/2026,ORD-102371,SKU OFF 0228,1,Happy Pet Store
10/08/2026,ORD-102371,SKU-TOO-0056,5,El Tornillo Hardware
2026-08-10,ORD-102371,SKU-OFF-0225,18,Inkafarma Comas Pharmacy
10-Aug-26,ORD-102372,SKU-DAI-0303,2,Lucero Minimarket
10/08/2026,ORD-102372, SKU-PET-0106,11,Lince Vet Center
10-Aug-26,ORD-102373,SKU-PET-0304,7,Lucero Minimarket
10/08/2026,ORD-102373,SKU-GAR-0078,4,Lince Vet Center
10/08/2026,ORD-102375,SKU-CLE-0248,3,Inkafarma Comas Pharmacy
2026-08-10,ORD-102375,SKU-DAI-0054,3,Andean Group Offices
2026-08-10,ORD-102376,SKU-CLE-0018,6,Happy Pet Store
2026-08-10,ORD-102376,SKU-CLE-0139,4,Inkafarma Comas Pharmacy
10/08/2026,ORD-102376,SKU-TOO-0295,14,Wong North Supermarkets
10/08/2026,ORD-102377,SKU-OFF-0010,3,Andean Group Offices
10-Aug-26,ORD-102377,SKU-FRO-0238,16,Lucero Minimarket
10/08/2026,ORD-102378,SKU-FRO-0090,18,Lince Vet Center
10/08/2026,ORD-102378,SKU-FRO-0296,4,Lucero Minimarket
10-Aug-26,ORD-102379,SKU-PET-0040,18,Happy Pet Store
10-Aug-26,ORD-102379,SKU-CLE-0240,6,Inkafarma Comas Pharmacy
10-Aug-26,ORD-102379,SKU-BEA-0177,3,Wong North Supermarkets
2026-08-10,ORD-102380,SKU-GAR-0157,13,Lucero Minimarket
2026-08-10,ORD-102380,SKU-SNA-0233,3,San Martin Corner Store
2026-08-10,ORD-102381,SKU-HOM-0013,10,Andean Group Offices
10/08/2026,ORD-102382,SKU-FRO-0267,18,Wong North Supermarkets
10/08/2026,ORD-102382,SKU-DAI-0070,13,Andean Group Offices
10/08/2026,ORD-102383,SKU-BEV-0150,5,El Tornillo Hardware
2026-08-10,ORD-102383,SKU-SNA-0171,8,Lince Vet Center
2026-08-10,ORD-102384,SKU-BEA-0310,3,San Martin Corner Store
2026-08-10,ORD-102384,SKU-HAR-0309,12,Andean Group Offices
10-Aug-26,ORD-102385,SKU-BEA-0215,8,La Lucha Restaurant
2026-08-10,ORD-102386,SKU-BEA-0142,13,Lucero Minimarket
10/08/2026,ORD-102386, SKU-PET-0087,1,Happy Pet Store
2026-08-10,ORD-102386,SKU-FRO-0296,8,Lucero Minimarket
10/08/2026,ORD-102387,SKU-BEV-0311,24,Delta Construction
2026-08-10,ORD-102387,SKU-FRO-0203,12,Happy Pet Store
10/08/2026,ORD-102388,SKU-PET-0217,9,Happy Pet Store
10/08/2026,ORD-102388,SKU-DAI-0313,6,San Martin Corner Store
2026-08-10,ORD-102389,SKU-OFF-0074,9,Lince Vet Center
2026-08-10,ORD-102390,SKU-BEV-0037,8,Wong North Supermarkets
10-Aug-26,ORD-102390,SKU-PET-0106,5,San Martin Corner Store
10/08/2026,ORD-102390,SKU-HOM-0065,4,Inkafarma Comas Pharmacy
10/08/2026,ORD-102391,SKU-HOM-0013,6,Inkafarma Comas Pharmacy
10-Aug-26,ORD-102391,SKU-OFF-0249,9,La Lucha Restaurant
2026-08-10,ORD-102392,SKU-PET-0031,4,La Lucha Restaurant
10/08/2026,ORD-102392,SKU-FRO-0132,5,Happy Pet Store
10-Aug-26,ORD-102392,SKU-PET-0173,2,El Tornillo Hardware
2026-08-10,ORD-102393,SKU-CLE-0108,3,Lince Vet Center
10/08/2026,ORD-102394,SKU-BEA-0215,1,Lince Vet Center
2026-08-10,ORD-102394,SKU-OFF-0225,3,Delta Construction
10/08/2026,ORD-102395,SKU-SNA-0199,7,San Martin Corner Store
10/08/2026,ORD-102395,SKU-SNA-0199,14,La Lucha Restaurant
2026-08-10,ORD-102396,SKU-FRO-0090,4,Lucero Minimarket
10-Aug-26,ORD-102397,SKU-OFF-0259,20,El Tornillo Hardware
10-Aug-26,ORD-102398,SKU-BEA-0062,12,Inkafarma Comas Pharmacy
10/08/2026,ORD-102398,SKU-FRO-0132,11,Delta Construction
2026-08-10,ORD-102399,SKU-DAI-0082,3,Andean Group Offices
10-Aug-26,ORD-102399,SKU-DAI-0054,9,Delta Construction
2026-08-10,ORD-102399,SKU-FRO-0267,16,El Tornillo Hardware
2026-08-10,ORD-102400,SKU-FRO-0090,21,Delta Construction
2026-08-10,ORD-102400,SKU-FRO-0278,9,Happy Pet Store
2026-08-10,ORD-102401,SKU-OFF-0284,3,El Tornillo Hardware
2026-08-10,ORD-102401,SKU-DAI-0164,1,Delta Construction
10/08/2026,ORD-102402,SKU-PET-0318,7,Wong North Supermarkets
10-Aug-26,ORD-102402,SKU-DAI-0169,1,Delta Construction
10/08/2026,ORD-102402,SKU-BEA-0045,4,San Martin Corner Store
2026-08-10,ORD-102403,SKU-BEA-0215,15,Delta Construction
10-Aug-26,ORD-102403,SKU-GAR-0120,3,San Martin Corner Store
2026-08-10,ORD-102404,SKU-DAI-0169,11,Inkafarma Comas Pharmacy
2026-08-10,ORD-102404,SKU-OFF-0010,8,Wong North Supermarkets
10-Aug-26,ORD-102404,SKU-OFF-0043,2,El Tornillo Hardware
10-Aug-26,ORD-102405,SKU-FRO-0136,6,El Tornillo Hardware
10-Aug-26,ORD-102405,SKU-FRO-0014,11,Wong North Supermarkets
10/08/2026,ORD-102406,SKU-FRO-0196,14,El Tornillo Hardware
2026-08-10,ORD-102406,SKU-TOO-0216,10,Happy Pet Store
2026-08-10,ORD-102406,SKU-SNA-0319,9,Lince Vet Center
2026-08-10,ORD-102408,SKU-CLE-0263,11,Inkafarma Comas Pharmacy
2026-08-10,ORD-102408,SKU-TOO-0080,4,Inkafarma Comas Pharmacy
2026-08-10,ORD-102408,SKU-SNA-0315,28,El Tornillo Hardware
2026-08-10,ORD-102409,SKU-DAI-0313,24,El Tornillo Hardware
2026-08-10,ORD-102410,SKU-FRO-0272,21,Lince Vet Center
10/08/2026,ORD-102411,SKU-OFF-0228,5,Wong North Supermarkets
2026-08-10,ORD-102411,SKU-CLE-0108,4,Andean Group Offices
10-Aug-26,ORD-102412,SKU-OFF-0225,5,Andean Group Offices
10/08/2026,ORD-102415,SKU-DAI-0070,8,San Martin Corner Store
2026-08-10,ORD-102415,SKU-SNA-0292,4,La Lucha Restaurant
10-Aug-26,ORD-102416,SKU-CLE-0108,11,Inkafarma Comas Pharmacy
10-Aug-26,ORD-102416,SKU-GAR-0157,10,Happy Pet Store
10/08/2026,ORD-102416,SKU-DAI-0313,18,La Lucha Restaurant
10-Aug-26,ORD-102417,SKU-OFF-0284,9,El Tornillo Hardware
10-Aug-26,ORD-102417,SKU-CLE-0028,4,Andean Group Offices
10/08/2026,ORD-102418,sku-dai-0184,17,El Tornillo Hardware
10-Aug-26,ORD-102419,SKU-OFF-0257,5,Happy Pet Store
10/08/2026,ORD-102419,SKU-HOM-0020,1,La Lucha Restaurant
10/08/2026,ORD-102420,SKU-BEA-0073,4,San Martin Corner Store
10-Aug-26,ORD-102420,SKU-FRO-0238,3,Wong North Supermarkets
10-Aug-26,ORD-102421,SKU-BEA-0006,27,Lucero Minimarket
10-Aug-26,ORD-102421,SKU-DAI-0123,7,Wong North Supermarkets
10-Aug-26,ORD-102422,SKU-BEA-0312,16,Wong North Supermarkets
2026-08-10,ORD-102422,SKU-PET-0027,24,San Martin Corner Store
2026-08-10,ORD-102423,SKU-PET-0031,2,La Lucha Restaurant
2026-08-10,ORD-102423,SKU-SNA-0223,9,El Tornillo Hardware
2026-08-10,ORD-102424,SKU-SNA-0223,5,Andean Group Offices
2026-08-10,ORD-102425,SKU-PET-0318,18,Delta Construction
10-Aug-26,ORD-102425,SKU-FRO-0179,5,Inkafarma Comas Pharmacy
10-Aug-26,ORD-102426,SKU-BEA-0310,13,Happy Pet Store
10-Aug-26,ORD-102428,SKU-FRO-0288,2,Lucero Minimarket
10/08/2026,ORD-102428,SKU-HOM-0065,6,Happy Pet Store
10-Aug-26,ORD-102430,SKU-PET-0270,3,Inkafarma Comas Pharmacy
2026-08-10,ORD-102430,SKU-DAI-0313,1,El Tornillo Hardware
10/08/2026,ORD-102430,SKU-DAI-0169,10,Inkafarma Comas Pharmacy
2026-08-10,ORD-102431,SKU-CLE-0018,10,Wong North Supermarkets
2026-08-10,ORD-102431,SKU-FRO-0109,8,Lince Vet Center
2026-08-10,ORD-102432,SKU-SNA-0292,11,San Martin Corner Store
2026-08-10,ORD-102432,SKU-DAI-0072,2,Lince Vet Center
10/08/2026,ORD-102433,SKU-DAI-0169,14,Lince Vet Center
2026-08-10,ORD-102434,SKU-DAI-0169,6,Lince Vet Center
10-Aug-26,ORD-102434,SKU-BEV-0311,21,Happy Pet Store
10-Aug-26,ORD-102436,SKU-FRO-0272,19,Wong North Supermarkets
10-Aug-26,ORD-102436,SKU-CLE-0061,5,Lucero Minimarket
10/08/2026,ORD-102437,SKU-OFF-0259,16,Lince Vet Center
10/08/2026,ORD-102437,SKU-PET-0270,2,Lucero Minimarket
10/08/2026,ORD-102438,SKU-DAI-0123,5,Happy Pet Store
10-Aug-26,ORD-102438,SKU-BEA-0264,3,Inkafarma Comas Pharmacy
2026-08-10,ORD-102439,SKU-BEV-0005,3,Andean Group Offices
10-Aug-26,ORD-102440, SKU-DAI-0082,6,Lince Vet Center
10/08/2026,ORD-102440,SKU-TOO-0279,5,Andean Group Offices
10-Aug-26,ORD-102440,SKU-FRO-0136,6,Delta Construction
10/08/2026,ORD-102441,SKU-PET-0160,1,Inkafarma Comas Pharmacy
10-Aug-26,ORD-102442,SKU-OFF-0007,4,San Martin Corner Store
10-Aug-26,ORD-102442,SKU-DAI-0123,3,San Martin Corner Store
10/08/2026,ORD-102443,SKU-PET-0173,2,Lince Vet Center
10/08/2026,ORD-102444,SKU-OFF-0259,12,El Tornillo Hardware
10-Aug-26,ORD-102444,SKU-PET-0227,2,Delta Construction
10-Aug-26,ORD-102445,SKU-FRO-0136,8,Happy Pet Store
2026-08-10,ORD-102445,SKU-DAI-0072,9,Lince Vet Center
2026-08-10,ORD-102446,SKU-OFF-0007,8,Lince Vet Center
2026-08-10,ORD-102446,SKU-BEA-0168,6,Wong North Supermarkets
2026-08-10,ORD-102446,SKU-PET-0017,3,Lince Vet Center
10-Aug-26,ORD-102447,SKU-PET-0227,6,Wong North Supermarkets
10-Aug-26,ORD-102447,SKU-BEV-0162,8,Happy Pet Store
10/08/2026,ORD-102448,SKU-BEV-0174,1,Andean Group Offices
10/08/2026,ORD-102450,SKU-HOM-0289,2,Andean Group Offices
2026-08-10,ORD-102450,SKU-OFF-0283,20,Delta Construction
2026-08-10,ORD-102451,SKU-HAR-0266,8,San Martin Corner Store
10-Aug-26,ORD-102451,SKU-FRO-0296,10,San Martin Corner Store
2026-08-10,ORD-102452,SKU-BEA-0193,1,Andean Group Offices
10-Aug-26,ORD-102452,SKU-PET-0227,3,Lince Vet Center
10/08/2026,ORD-102452,SKU-TOO-0295,7,Lince Vet Center
10/08/2026,ORD-102453,SKU-DAI-0082,8,Lince Vet Center
2026-08-10,ORD-102454,SKU-GAR-0111,10,San Martin Corner Store
10/08/2026,ORD-102454,SKU-BEA-0291,2,San Martin Corner Store
10/08/2026,ORD-102455,SKU-CLE-0263,9,Happy Pet Store
10/08/2026,ORD-102455,SKU-FRO-0196,15,Andean Group Offices
10-Aug-26,ORD-102455,SKU-OFF-0283,19,Lucero Minimarket
10/08/2026,ORD-102456,SKU-FRO-0267,2,Lince Vet Center
2026-08-10,ORD-102456,SKU-DAI-0072,15,San Martin Corner Store
10/08/2026,ORD-102457,SKU-FRO-0014,2,Lucero Minimarket
10-Aug-26,ORD-102457,sku-sna-0199,18,Wong North Supermarkets
10-Aug-26,ORD-102457,SKU-CLE-0061,18,Wong North Supermarkets
2026-08-10,ORD-102458,SKU-FRO-0278,2,San Martin Corner Store
10-Aug-26,ORD-102458,SKU-DAI-0082,10,Lince Vet Center
10/08/2026,ORD-102460,SKU-DAI-0070,2,Lucero Minimarket
2026-08-10,ORD-102460,SKU-GAR-0157,17,Lucero Minimarket
2026-08-10,ORD-102461,SKU-FRO-0296,12,Happy Pet Store
2026-08-10,ORD-102461,SKU-FRO-0136,2,La Lucha Restaurant
10/08/2026,ORD-102462,SKU-TOO-0080,3,Delta Construction
10/08/2026,ORD-102462,SKU-PET-0040,12,Delta Construction
10/08/2026,ORD-102463,SKU-TOO-0279,1,Wong North Supermarkets
10-Aug-26,ORD-102463,SKU-BEV-0219,6,Lince Vet Center
10/08/2026,ORD-102463,SKU-GAR-0153,16,Lince Vet Center
10/08/2026,ORD-102464,SKU-BEA-0310,14,La Lucha Restaurant
10-Aug-26,ORD-102464,SKU-DAI-0169,11,San Martin Corner Store
10-Aug-26,ORD-102465,SKU-BEA-0073,10,La Lucha Restaurant
10/08/2026,ORD-102466,SKU-TOO-0216,22,Delta Construction
10-Aug-26,ORD-102466,SKU-BEA-0148,2,Inkafarma Comas Pharmacy
10-Aug-26,ORD-102467,SKU-DAI-0164,3,El Tornillo Hardware
2026-08-10,ORD-102467,SKU-CLE-0061,14,La Lucha Restaurant
11-Aug-26,ORD-102468,SKU-FRO-0238,10,El Tornillo Hardware
11/08/2026,ORD-102469,SKU-OFF-0225,3,El Tornillo Hardware
2026-08-11,ORD-102469,SKU-SNA-0199,8,Wong North Supermarkets
2026-08-11,ORD-102469,SKU-FRO-0014,5,Andean Group Offices
2026-08-11,ORD-102470,SKU-DAI-0169,5,Lince Vet Center
11-Aug-26,ORD-102470,SKU-PET-0318,14,El Tornillo Hardware
2026-08-11,ORD-102471,SKU-BEA-0215,11,San Martin Corner Store
11/08/2026,ORD-102471,SKU-SNA-0233,2,Delta Construction
2026-08-11,ORD-102472,SKU-FRO-0296,16,La Lucha Restaurant
11-Aug-26,ORD-102473,SKU-DAI-0054,9,Lucero Minimarket
11-Aug-26,ORD-102473,SKU-BEV-0176,4,Wong North Supermarkets
11/08/2026,ORD-102474,SKU-PET-0227,3,El Tornillo Hardware
11-Aug-26,ORD-102475,SKU-HOM-0089,8,Happy Pet Store
11/08/2026,ORD-102476,SKU-CLE-0282,14,Delta Construction
11/08/2026,ORD-102477,SKU-CLE-0141,20,El Tornillo Hardware
11-Aug-26,ORD-102477,SKU-TOO-0125,2,La Lucha Restaurant
2026-08-11,ORD-102478,SKU-DAI-0082,10,El Tornillo Hardware
2026-08-11,ORD-102478,SKU-BEA-0274,1,Lince Vet Center
11/08/2026,ORD-102478,SKU-BEA-0151,10,Andean Group Offices
11-Aug-26,ORD-102479,SKU-FRO-0220,2,Delta Construction
11-Aug-26,ORD-102479,SKU-HOM-0316,6,El Tornillo Hardware
11-Aug-26,ORD-102480,SKU-SNA-0315,29,La Lucha Restaurant
2026-08-11,ORD-102480,SKU-FRO-0114,2,San Martin Corner Store
11-Aug-26,ORD-102481,SKU-DAI-0169,1,Lince Vet Center
11/08/2026,ORD-102481,SKU-PET-0270,2,Andean Group Offices
11/08/2026,ORD-102481,SKU-DAI-0313,12,Delta Construction
11-Aug-26,ORD-102482,SKU-BEV-0137,13,Happy Pet Store
11/08/2026,ORD-102483,SKU-TOO-0279,8,Lince Vet Center
11-Aug-26,ORD-102484,SKU-CLE-0209,7,San Martin Corner Store
11/08/2026,ORD-102485,SKU-PET-0270,5,Happy Pet Store
11-Aug-26,ORD-102485,SKU-FRO-0090,26,La Lucha Restaurant
11-Aug-26,ORD-102486,SKU-CLE-0209,10,Wong North Supermarkets
11-Aug-26,ORD-102487,SKU-DAI-0169,9,Lince Vet Center
2026-08-11,ORD-102487,SKU-PET-0155,5,Lince Vet Center
11/08/2026,ORD-102488,SKU-BEA-0312,21,Wong North Supermarkets
2026-08-11,ORD-102488,SKU-BEA-0308,6,El Tornillo Hardware
11-Aug-26,ORD-102489,SKU-FRO-0213,11,Lince Vet Center
11-Aug-26,ORD-102491,SKU-OFF-0257,8,Inkafarma Comas Pharmacy
2026-08-11,ORD-102492,SKU-BEV-0150,10,Happy Pet Store
11-Aug-26,ORD-102492,SKU-FRO-0132,22,La Lucha Restaurant
11-Aug-26,ORD-102493,SKU-OFF-0249,6,Inkafarma Comas Pharmacy
2026-08-11,ORD-102493,SKU-DAI-0123,2,Lince Vet Center
2026-08-11,ORD-102494,SKU-HOM-0286,2,La Lucha Restaurant
2026-08-11,ORD-102494,SKU-DAI-0164,2,Happy Pet Store
11/08/2026,ORD-102495,SKU-PET-0031,6,El Tornillo Hardware
11/08/2026,ORD-102495,SKU-BEA-0193,8,Inkafarma Comas Pharmacy
2026-08-11,ORD-102496,SKU-PET-0217,12,Happy Pet Store
2026-08-11,ORD-102497,SKU-DAI-0082,6,Delta Construction
11/08/2026,ORD-102497,SKU-OFF-0259,12,Delta Construction
11-Aug-26,ORD-102498,SKU-GAR-0111,19,San Martin Corner Store
11/08/2026,ORD-102499,SKU-HOM-0020,2,La Lucha Restaurant
11-Aug-26,ORD-102500,SKU-CLE-0108,8,Wong North Supermarkets
2026-08-11,ORD-102500,SKU-SNA-0030,10,Wong North Supermarkets
11/08/2026,ORD-102500,SKU-OFF-0140,16,San Martin Corner Store
11/08/2026,ORD-102501,SKU-GAR-0111,7,Andean Group Offices
11-Aug-26,ORD-102501,SKU-CLE-0018,18,Andean Group Offices
11-Aug-26,ORD-102501,SKU-CLE-0263,13,Happy Pet Store
11-Aug-26,ORD-102502,SKU-DAI-0082,7,La Lucha Restaurant
11/08/2026,ORD-102502,SKU-OFF-0284,13,Delta Construction
2026-08-11,ORD-102503,SKU PET 0270,4,San Martin Corner Store
11/08/2026,ORD-102503,SKU-OFF-0140,2,Wong North Supermarkets
2026-08-11,ORD-102504,SKU-BEA-0045,9,El Tornillo Hardware
11/08/2026,ORD-102504,SKU-TOO-0125,9,Happy Pet Store
11-Aug-26,ORD-102504,SKU-GAR-0039,16,Happy Pet Store
11-Aug-26,ORD-102505,SKU-FRO-0179,8,Happy Pet Store
11-Aug-26,ORD-102505,SKU-BEA-0062,10,Andean Group Offices
2026-08-11,ORD-102505,SKU-BEA-0151,4,Delta Construction
2026-08-11,ORD-102506,SKU-DAI-0123,4,Delta Construction
2026-08-11,ORD-102506,SKU-OFF-0007,8,Wong North Supermarkets
11/08/2026,ORD-102507,SKU-BEV-0150,4,Lucero Minimarket
11/08/2026,ORD-102507,SKU-SNA-0292,2,Happy Pet Store
11-Aug-26,ORD-102508,SKU-BEA-0119,22,Delta Construction
2026-08-11,ORD-102508,SKU-CLE-0018,20,La Lucha Restaurant
11-Aug-26,ORD-102508,SKU-BEA-0148,1,Happy Pet Store
2026-08-11,ORD-102510,SKU-OFF-0140,8,Wong North Supermarkets
2026-08-11,ORD-102511,SKU CLE 0141,12,Inkafarma Comas Pharmacy
11/08/2026,ORD-102511,SKU-DAI-0184,13,Happy Pet Store
2026-08-11,ORD-102512,SKU-FRO-0267,14,Delta Construction
2026-08-11,ORD-102512,SKU-BEA-0312,10,Inkafarma Comas Pharmacy
11/08/2026,ORD-102512,SKU-DAI-0072,11,La Lucha Restaurant
11/08/2026,ORD-102513,SKU-BEA-0177,5,Inkafarma Comas Pharmacy
2026-08-11,ORD-102513,SKU-PET-0017,5,Delta Construction
11-Aug-26,ORD-102514,SKU-PET-0099,23,San Martin Corner Store
11/08/2026,ORD-102515,SKU-DAI-0169,7,Wong North Supermarkets
2026-08-11,ORD-102515,SKU-TOO-0221,6,Lince Vet Center
11-Aug-26,ORD-102515,SKU-PET-0155,5,Lucero Minimarket
11/08/2026,ORD-102516,SKU-FRO-0014,2,Delta Construction
11-Aug-26,ORD-102516,SKU-OFF-0283,7,Andean Group Offices
2026-08-11,ORD-102517,SKU-BEV-0150,10,Inkafarma Comas Pharmacy
11/08/2026,ORD-102517,SKU-FRO-0220,1,Inkafarma Comas Pharmacy
11-Aug-26,ORD-102517,SKU-FRO-0246,3,El Tornillo Hardware
11/08/2026,ORD-102518,SKU-CLE-0018,3,El Tornillo Hardware
11/08/2026,ORD-102518,SKU-GAR-0287,1,La Lucha Restaurant
11/08/2026,ORD-102520,SKU-DAI-0184,16,Andean Group Offices
11/08/2026,ORD-102520,SKU-FRO-0261,6,Lucero Minimarket
11/08/2026,ORD-102520,SKU-TOO-0279,5,Inkafarma Comas Pharmacy
2026-08-11,ORD-102521,SKU-HOM-0251,19,Lince Vet Center
11-Aug-26,ORD-102521,SKU-OFF-0228,4,Lince Vet Center
2026-08-11,ORD-102522,SKU-OFF-0228,15,Andean Group Offices
11/08/2026,ORD-102522,SKU-HOM-0204,14,San Martin Corner Store
2026-08-11,ORD-102522,SKU-CLE-0263,10,Lucero Minimarket
11/08/2026,ORD-102523,SKU-GAR-0021,1,Lince Vet Center
11-Aug-26,ORD-102523,SKU-DAI-0313,5,La Lucha Restaurant
11/08/2026,ORD-102524,SKU-BEV-0058,19,Happy Pet Store
11/08/2026,ORD-102524,SKU-TOO-0026,9,La Lucha Restaurant
11-Aug-26,ORD-102525,SKU-FRO-0136,2,San Martin Corner Store
11-Aug-26,ORD-102525,SKU-TOO-0172,16,La Lucha Restaurant
2026-08-11,ORD-102525,SKU-FRO-0136,3,Happy Pet Store
11/08/2026,ORD-102527,SKU-DAI-0303,2,Delta Construction
11-Aug-26,ORD-102527,SKU-BEV-0033,3,Delta Construction
11-Aug-26,ORD-102527, SKU-HOM-0166,9,Andean Group Offices
11-Aug-26,ORD-102528,SKU-FRO-0114,12,Inkafarma Comas Pharmacy
2026-08-11,ORD-102528,SKU-DAI-0123,4,Lince Vet Center
11/08/2026,ORD-102529,SKU-FRO-0090,7,Delta Construction
2026-08-11,ORD-102530,SKU-CLE-0018,9,Lucero Minimarket
2026-08-11,ORD-102531,SKU-OFF-0284,1,La Lucha Restaurant
2026-08-11,ORD-102533,SKU-DAI-0082,3,Andean Group Offices
2026-08-11,ORD-102534,SKU-PET-0155,29,Andean Group Offices
11-Aug-26,ORD-102535,SKU-DAI-0169,6,La Lucha Restaurant
11-Aug-26,ORD-102535,SKU-OFF-0228,13,Lucero Minimarket
2026-08-11,ORD-102535,SKU-DAI-0123,2,Andean Group Offices
11/08/2026,ORD-102536,SKU-DAI-0303,3,Inkafarma Comas Pharmacy
11-Aug-26,ORD-102537,SKU-HOM-0015,14,Lince Vet Center
11-Aug-26,ORD-102538,SKU-FRO-0238,4,Delta Construction
11-Aug-26,ORD-102539,SKU-HOM-0127,16,Andean Group Offices
11/08/2026,ORD-102540,SKU-BEA-0045,10,Andean Group Offices
11-Aug-26,ORD-102540,SKU DAI 0313,3,La Lucha Restaurant
2026-08-11,ORD-102541,SKU-DAI-0082,2,Inkafarma Comas Pharmacy
11-Aug-26,ORD-102541,SKU-BEV-0037,9,Lucero Minimarket
11/08/2026,ORD-102542,SKU-PET-0102,5,Inkafarma Comas Pharmacy
2026-08-11,ORD-102542,SKU-TOO-0026,5,Andean Group Offices
11/08/2026,ORD-102542,SKU-HOM-0127,6,La Lucha Restaurant
11-Aug-26,ORD-102543,SKU-OFF-0284,1,Andean Group Offices
11-Aug-26,ORD-102544,SKU-HOM-0204,12,Andean Group Offices
2026-08-11,ORD-102544,SKU-GAR-0113,12,Lucero Minimarket
11-Aug-26,ORD-102544,SKU-BEV-0311,4,Andean Group Offices
11-Aug-26,ORD-102545,SKU-GAR-0113,22,El Tornillo Hardware
2026-08-11,ORD-102545,SKU-FRO-0246,2,La Lucha Restaurant
11-Aug-26,ORD-102546,SKU-CLE-0240,16,El Tornillo Hardware
11/08/2026,ORD-102546,SKU-BEV-0242,24,Inkafarma Comas Pharmacy
11/08/2026,ORD-102547,SKU-FRO-0014,5,Happy Pet Store
2026-08-11,ORD-102547,SKU-FRO-0196,11,Lucero Minimarket
2026-08-11,ORD-102548,SKU-PET-0087,1,Wong North Supermarkets
11/08/2026,ORD-102548,SKU-DAI-0169,5,Inkafarma Comas Pharmacy
2026-08-11,ORD-102548,SKU-PET-0155,18,San Martin Corner Store
11/08/2026,ORD-102549,SKU-DAI-0054,3,El Tornillo Hardware
11/08/2026,ORD-102551,sku-dai-0003,14,El Tornillo Hardware
2026-08-11,ORD-102552,SKU-SNA-0100,12,El Tornillo Hardware
11/08/2026,ORD-102553,SKU-FRO-0014,2,Andean Group Offices
2026-08-11,ORD-102553,SKU-CLE-0248,6,La Lucha Restaurant
2026-08-11,ORD-102554,SKU-HOM-0089,6,El Tornillo Hardware
11-Aug-26,ORD-102554,SKU-FRO-0267,7,Lince Vet Center
11/08/2026,ORD-102555,SKU-FRO-0296,8,Wong North Supermarkets
11-Aug-26,ORD-102555,SKU-HOM-0127,22,Inkafarma Comas Pharmacy
2026-08-11,ORD-102555,SKU-GAR-0111,1,Lucero Minimarket
2026-08-11,ORD-102556,SKU-BEV-0174,5,Andean Group Offices
2026-08-11,ORD-102556,SKU-SNA-0315,23,Lince Vet Center
2026-08-11,ORD-102556,SKU-BEA-0193,4,San Martin Corner Store
11-Aug-26,ORD-102557,SKU-FRO-0196,14,El Tornillo Hardware
2026-08-11,ORD-102558,SKU-BEA-0193,7,Delta Construction
2026-08-11,ORD-102558,SKU-PET-0076,1,Wong North Supermarkets
11/08/2026,ORD-102560,SKU-BEA-0062,3,Happy Pet Store
11-Aug-26,ORD-102560,SKU FRO 0288,3,Wong North Supermarkets
11/08/2026,ORD-102561,SKU-TOO-0067,2,Wong North Supermarkets
2026-08-11,ORD-102561,SKU-OFF-0257,4,Inkafarma Comas Pharmacy
11-Aug-26,ORD-102562,SKU-GAR-0021,1,Happy Pet Store
11/08/2026,ORD-102563,SKU-OFF-0249,10,Delta Construction
2026-08-11,ORD-102563,SKU-OFF-0257,3,El Tornillo Hardware
11-Aug-26,ORD-102563,SKU-OFF-0236,1,Delta Construction
2026-08-11,ORD-102564,SKU-BEV-0219,10,La Lucha Restaurant
11-Aug-26,ORD-102565,SKU-OFF-0257,5,Inkafarma Comas Pharmacy
2026-08-11,ORD-102565,SKU-SNA-0244,14,Delta Construction
11/08/2026,ORD-102566,SKU-OFF-0140,4,Andean Group Offices
11-Aug-26,ORD-102566,SKU-HAR-0237,9,Lucero Minimarket
11/08/2026,ORD-102567,SKU-FRO-0203,6,Delta Construction
11/08/2026,ORD-102567,SKU-PET-0087,5,Andean Group Offices
11-Aug-26,ORD-102567,SKU-BEV-0311,11,La Lucha Restaurant
11-Aug-26,ORD-102568,SKU-BEA-0291,7,Happy Pet Store
11-Aug-26,ORD-102568,SKU-FRO-0109,10,San Martin Corner Store
11/08/2026,ORD-102568,SKU-DAI-0184,2,Happy Pet Store
11/08/2026,ORD-102569,SKU-DAI-0184,15,Andean Group Offices
11/08/2026,ORD-102569,SKU-FRO-0278,4,Wong North Supermarkets
2026-08-11,ORD-102570,SKU-FRO-0288,3,San Martin Corner Store
11/08/2026,ORD-102570,SKU-BEA-0310,8,Lucero Minimarket
11-Aug-26,ORD-102571,SKU-FRO-0132,15,Andean Group Offices
11-Aug-26,ORD-102571,SKU-GAR-0039,4,Andean Group Offices
11-Aug-26,ORD-102572,SKU-FRO-0196,2,La Lucha Restaurant
11-Aug-26,ORD-102572,SKU-BEA-0291,3,Happy Pet Store
11/08/2026,ORD-102573,SKU-DAI-0313,18,Inkafarma Comas Pharmacy
11/08/2026,ORD-102573,SKU-PET-0227,4,La Lucha Restaurant
11-Aug-26,ORD-102574,SKU-BEA-0308,7,Happy Pet Store
2026-08-11,ORD-102575,SKU-FRO-0288,4,Lince Vet Center
11/08/2026,ORD-102575,SKU-HOM-0204,16,Andean Group Offices
11/08/2026,ORD-102575,SKU-FRO-0296,14,Andean Group Offices
2026-08-11,ORD-102576,SKU-FRO-0085,18,Wong North Supermarkets
11-Aug-26,ORD-102577,SKU-FRO-0272,6,Lince Vet Center
11/08/2026,ORD-102578,SKU-PET-0017,6,Delta Construction
11-Aug-26,ORD-102578,SKU-HAR-0266,19,San Martin Corner Store
11-Aug-26,ORD-102579,SKU-HOM-0112,17,La Lucha Restaurant
11-Aug-26,ORD-102579,SKU-CLE-0018,4,Andean Group Offices
11/08/2026,ORD-102580,SKU-OFF-0284,24,Happy Pet Store
2026-08-11,ORD-102580,SKU-OFF-0259,3,San Martin Corner Store
11-Aug-26,ORD-102581,SKU-OFF-0283,1,Lince Vet Center
11-Aug-26,ORD-102581,SKU-BEA-0308,11,Lucero Minimarket
2026-08-11,ORD-102581,SKU-FRO-0114,4,El Tornillo Hardware
11-Aug-26,ORD-102582,SKU-FRO-0132,14,El Tornillo Hardware
11/08/2026,ORD-102582,SKU-SNA-0244,3,Inkafarma Comas Pharmacy
11-Aug-26,ORD-102583,SKU-PET-0087,4,Lince Vet Center
11/08/2026,ORD-102583,SKU-DAI-0169,14,La Lucha Restaurant
11-Aug-26,ORD-102583,SKU-DAI-0169,5,Andean Group Offices
2026-08-11,ORD-102584,SKU-OFF-0259,8,El Tornillo Hardware
11/08/2026,ORD-102584,SKU-HOM-0089,5,Andean Group Offices
11/08/2026,ORD-102585,SKU-CLE-0028,5,Happy Pet Store
2026-08-11,ORD-102587,SKU-BEA-0163,3,Inkafarma Comas Pharmacy
11-Aug-26,ORD-102587,SKU-OFF-0228,3,Lucero Minimarket
11/08/2026,ORD-102587,SKU-OFF-0259,23,Delta Construction
11/08/2026,ORD-102588,SKU-BEA-0310,14,San Martin Corner Store
2026-08-11,ORD-102588,SKU-FRO-0109,10,Lucero Minimarket
11-Aug-26,ORD-102589,SKU-FRO-0136,6,Inkafarma Comas Pharmacy
2026-08-11,ORD-102589,SKU-DAI-0169,4,Lince Vet Center
11-Aug-26,ORD-102590,SKU-BEA-0191,9,Andean Group Offices
11-Aug-26,ORD-102590,SKU-HOM-0289,3,Andean Group Offices
2026-08-11,ORD-102591,SKU-BEA-0264,4,La Lucha Restaurant
11-Aug-26,ORD-102591,SKU-BEA-0215,10,Delta Construction
2026-08-11,ORD-102592,SKU-SNA-0223,4,Lucero Minimarket
11/08/2026,ORD-102592,SKU-BEV-0219,12,Andean Group Offices
11/08/2026,ORD-102592,SKU-DAI-0169,9,Lince Vet Center
11/08/2026,ORD-102593,SKU-DAI-0313,14,Andean Group Offices
11/08/2026,ORD-102593,SKU-GAR-0111,1,Andean Group Offices
2026-08-11,ORD-102594,SKU-BEA-0019,5,La Lucha Restaurant
2026-08-11,ORD-102595,SKU-TOO-0216,17,Lince Vet Center
2026-08-11,ORD-102595,SKU-OFF-0140,7,Lince Vet Center
11-Aug-26,ORD-102595,SKU-HOM-0020,3,San Martin Corner Store
11-Aug-26,ORD-102596,SKU-CLE-0018,16,Lucero Minimarket
11/08/2026,ORD-102596,SKU-BEA-0142,6,San Martin Corner Store
2026-08-11,ORD-102597,SKU-FRO-0014,8,Wong North Supermarkets
11/08/2026,ORD-102597,SKU-TOO-0080,6,Lucero Minimarket
2026-08-11,ORD-102598,SKU-FRO-0090,5,Delta Construction
11-Aug-26,ORD-102599, SKU-DAI-0082,1,San Martin Corner Store
11/08/2026,ORD-102600,SKU-GAR-0157,14,Wong North Supermarkets
2026-08-11,ORD-102600,SKU-TOO-0080,5,La Lucha Restaurant
11/08/2026,ORD-102601,SKU-FRO-0179,10,Happy Pet Store
11/08/2026,ORD-102601, SKU-DAI-0070,2,La Lucha Restaurant
11-Aug-26,ORD-102601, SKU-DAI-0169,7,Wong North Supermarkets
2026-08-11,ORD-102603,SKU-BEV-0150,3,Delta Construction
11-Aug-26,ORD-102603,SKU-DAI-0123,6,San Martin Corner Store
2026-08-11,ORD-102603,SKU-OFF-0140,6,Lucero Minimarket
2026-08-11,ORD-102604,SKU-BEV-0176,1,La Lucha Restaurant
2026-08-11,ORD-102604,SKU-TOO-0080,3,Delta Construction
11-Aug-26,ORD-102604,SKU-BEA-0126,3,El Tornillo Hardware
11/08/2026,ORD-102605,SKU-SNA-0199,10,San Martin Corner Store
2026-08-11,ORD-102605,sku-bea-0045,4,Andean Group Offices
11-Aug-26,ORD-102606,SKU-OFF-0043,2,Lince Vet Center
2026-08-11,ORD-102606,SKU-GAR-0078,7,Wong North Supermarkets
11-Aug-26,ORD-102606,SKU-DAI-0184,15,Wong North Supermarkets
2026-08-11,ORD-102607,SKU-FRO-0203,29,San Martin Corner Store
2026-08-11,ORD-102607,SKU-HOM-0020,1,Happy Pet Store
11/08/2026,ORD-102608,SKU-DAI-0164,1,Andean Group Offices
2026-08-11,ORD-102608,SKU-BEA-0193,7,Andean Group Offices
11-Aug-26,ORD-102609,SKU-BEA-0151,10,Lucero Minimarket
11/08/2026,ORD-102609,SKU-HOM-0013,8,San Martin Corner Store
2026-08-11,ORD-102609,SKU-HAR-0309,1,Delta Construction
11/08/2026,ORD-102610,SKU-FRO-0278,6,La Lucha Restaurant
11/08/2026,ORD-102611,SKU-DAI-0082,2,Andean Group Offices
11/08/2026,ORD-102612,SKU-DAI-0164,6,Lince Vet Center
11-Aug-26,ORD-102612,SKU-DAI-0054,6,Delta Construction
11/08/2026,ORD-102613,SKU-FRO-0014,12,Happy Pet Store
2026-08-11,ORD-102613,SKU-BEA-0094,7,Happy Pet Store
11-Aug-26,ORD-102614,SKU-TOO-0049,18,Lince Vet Center
2026-08-11,ORD-102614,SKU-DAI-0184,13,La Lucha Restaurant
11-Aug-26,ORD-102615,SKU-BEA-0215,13,Happy Pet Store
11-Aug-26,ORD-102616,SKU-FRO-0203,5,La Lucha Restaurant
2026-08-11,ORD-102616,SKU-DAI-0164,3,Delta Construction
11/08/2026,ORD-102616,SKU-DAI-0303,1,San Martin Corner Store
11/08/2026,ORD-102617,SKU-BEA-0193,10,Delta Construction
2026-08-11,ORD-102617,SKU-FRO-0246,2,Wong North Supermarkets
11-Aug-26,ORD-102618,SKU-FRO-0179,10,Happy Pet Store
2026-08-11,ORD-102618,SKU-OFF-0140,2,Andean Group Offices
11/08/2026,ORD-102619,SKU-DAI-0123,6,Happy Pet Store
11/08/2026,ORD-102620,SKU-HOM-0289,1,Andean Group Offices
11/08/2026,ORD-102621,SKU-PET-0087,4,Wong North Supermarkets
2026-08-11,ORD-102621,SKU-BEA-0264,6,Inkafarma Comas Pharmacy
11-Aug-26,ORD-102622,SKU-FRO-0136,7,Lucero Minimarket
2026-08-11,ORD-102622,SKU-TOO-0131,13,Inkafarma Comas Pharmacy
11-Aug-26,ORD-102623,SKU-HOM-0204,12,Lucero Minimarket
2026-08-11,ORD-102623,SKU-DAI-0072,4,Inkafarma Comas Pharmacy
11-Aug-26,ORD-102624,SKU-BEA-0119,12,Inkafarma Comas Pharmacy
2026-08-11,ORD-102624,SKU-SNA-0057,16,San Martin Corner Store
11-Aug-26,ORD-102624,SKU-BEV-0033,4,Inkafarma Comas Pharmacy
2026-08-11,ORD-102625,SKU-GAR-0111,12,El Tornillo Hardware
11/08/2026,ORD-102625,SKU-HOM-0286,5,El Tornillo Hardware
2026-08-11,ORD-102626,SKU-SNA-0244,24,La Lucha Restaurant
11/08/2026,ORD-102626,SKU-CLE-0299,20,La Lucha Restaurant
11-Aug-26,ORD-102627,SKU-DAI-0169,12,La Lucha Restaurant
11/08/2026,ORD-102627,SKU-GAR-0078,1,Happy Pet Store
11-Aug-26,ORD-102627,SKU-DAI-0072,12,El Tornillo Hardware
2026-08-11,ORD-102628,SKU-BEA-0151,8,San Martin Corner Store
11/08/2026,ORD-102629,SKU-SNA-0292,10,Delta Construction
11/08/2026,ORD-102630,SKU-TOO-0221,3,Inkafarma Comas Pharmacy
11/08/2026,ORD-102632,SKU-HAR-0237,12,San Martin Corner Store
2026-08-11,ORD-102632,SKU-SNA-0097,12,El Tornillo Hardware
2026-08-11,ORD-102633,sku-dai-0164,2,Lince Vet Center
2026-08-11,ORD-102633,SKU-DAI-0054,5,Happy Pet Store
11/08/2026,ORD-102633,SKU-OFF-0010,4,Lince Vet Center
11-Aug-26,ORD-102634,SKU-BEV-0084,16,Wong North Supermarkets
11/08/2026,ORD-102634,SKU-SNA-0292,4,El Tornillo Hardware
2026-08-11,ORD-102634,SKU-CLE-0139,4,San Martin Corner Store
11-Aug-26,ORD-102635,SKU-TOO-0125,7,Happy Pet Store
11-Aug-26,ORD-102635,SKU-SNA-0171,5,El Tornillo Hardware
11/08/2026,ORD-102636,SKU-HOM-0204,15,Happy Pet Store
11-Aug-26,ORD-102637,SKU-TOO-0125,7,La Lucha Restaurant
11/08/2026,ORD-102638,SKU-OFF-0257,6,Wong North Supermarkets
11/08/2026,ORD-102639,SKU-SNA-0057,4,El Tornillo Hardware
2026-08-11,ORD-102639,SKU-HOM-0112,19,Inkafarma Comas Pharmacy
2026-08-11,ORD-102641,SKU-SNA-0315,28,La Lucha Restaurant
11/08/2026,ORD-102641,SKU-TOO-0067,3,Lince Vet Center
2026-08-11,ORD-102642,SKU-HAR-0093,6,La Lucha Restaurant
11-Aug-26,ORD-102642,SKU-BEV-0176,9,Happy Pet Store
11/08/2026,ORD-102643,SKU-BEA-0310,12,Happy Pet Store
11-Aug-26,ORD-102643,SKU-FRO-0238,5,Delta Construction
2026-08-11,ORD-102644,SKU-OFF-0236,5,Lince Vet Center
11/08/2026,ORD-102644,SKU-SNA-0057,8,Lince Vet Center
11/08/2026,ORD-102644,SKU-DAI-0082,4,Lucero Minimarket
11-Aug-26,ORD-102645,SKU-HAR-0266,13,Inkafarma Comas Pharmacy
11-Aug-26,ORD-102645,SKU-SNA-0315,3,La Lucha Restaurant
2026-08-11,ORD-102646,SKU-SNA-0223,14,San Martin Corner Store
11-Aug-26,ORD-102646,SKU-TOO-0069,2,El Tornillo Hardware
2026-08-11,ORD-102646,SKU-PET-0017,1,Andean Group Offices
11-Aug-26,ORD-102647,SKU-BEV-0084,19,Wong North Supermarkets
11/08/2026,ORD-102648,SKU-DAI-0072,1,San Martin Corner Store
11-Aug-26,ORD-102648,SKU-OFF-0228,21,La Lucha Restaurant
11/08/2026,ORD-102649,SKU-HOM-0289,12,La Lucha Restaurant
11/08/2026,ORD-102649,SKU-FRO-0246,3,San Martin Corner Store
11-Aug-26,ORD-102650,SKU-SNA-0171,6,Lince Vet Center
2026-08-11,ORD-102650,SKU-CLE-0139,5,Lucero Minimarket
2026-08-11,ORD-102651,SKU-BEA-0177,4,Andean Group Offices
2026-08-11,ORD-102651,SKU-BEV-0242,8,Delta Construction
11-Aug-26,ORD-102652,SKU-HOM-0289,10,El Tornillo Hardware
11/08/2026,ORD-102652,SKU-CLE-0240,8,Inkafarma Comas Pharmacy
11-Aug-26,ORD-102653,SKU-PET-0027,7,Andean Group Offices
2026-08-11,ORD-102653,SKU-TOO-0080,1,San Martin Corner Store
11-Aug-26,ORD-102654, SKU-TOO-0154,14,Lucero Minimarket
2026-08-11,ORD-102654,SKU-CLE-0061,30,El Tornillo Hardware
11/08/2026,ORD-102655,SKU-HOM-0112,7,Happy Pet Store
2026-08-11,ORD-102656,SKU-FRO-0278,11,Wong North Supermarkets
11/08/2026,ORD-102656,SKU-BEA-0215,12,La Lucha Restaurant
2026-08-11,ORD-102658,SKU-FRO-0136,3,Wong North Supermarkets
11-Aug-26,ORD-102658,SKU-GAR-0111,9,Happy Pet Store
11/08/2026,ORD-102658,SKU-BEV-0192,2,Delta Construction
11-Aug-26,ORD-102660,SKU-DAI-0123,5,El Tornillo Hardware
11-Aug-26,ORD-102660,sku-too-0245,25,Inkafarma Comas Pharmacy
11/08/2026,ORD-102661,SKU-BEV-0180,13,Andean Group Offices
11/08/2026,ORD-102661,SKU-FRO-0278,9,San Martin Corner Store
11-Aug-26,ORD-102662,SKU-DAI-0070,10,La Lucha Restaurant
11-Aug-26,ORD-102662,SKU-BEA-0006,9,Lucero Minimarket
11-Aug-26,ORD-102662,SKU TOO 0067,6,Inkafarma Comas Pharmacy
11/08/2026,ORD-102663,sku-bea-0312,1,Happy Pet Store
11/08/2026,ORD-102663,SKU-HOM-0127,23,Happy Pet Store
11/08/2026,ORD-102664,SKU-GAR-0021,5,Wong North Supermarkets
11-Aug-26,ORD-102665,SKU-DAI-0003,16,La Lucha Restaurant
11/08/2026,ORD-102665,SKU-DAI-0164,3,Delta Construction
2026-08-11,ORD-102666,SKU-HOM-0127,5,San Martin Corner Store
11-Aug-26,ORD-102667, SKU-FRO-0288,3,La Lucha Restaurant
11-Aug-26,ORD-102667,SKU-SNA-0171,18,Wong North Supermarkets
11/08/2026,ORD-102668,SKU-DAI-0169,10,Inkafarma Comas Pharmacy
11/08/2026,ORD-102668,SKU-TOO-0210,6,Lince Vet Center
11-Aug-26,ORD-102669,SKU-FRO-0267,4,Inkafarma Comas Pharmacy
11/08/2026,ORD-102669,SKU-DAI-0303,4,Lince Vet Center
11-Aug-26,ORD-102670,SKU-CLE-0018,8,Happy Pet Store
11/08/2026,ORD-102671,SKU-FRO-0085,2,Lucero Minimarket
11/08/2026,ORD-102671,SKU-HOM-0316,5,Lucero Minimarket
11-Aug-26,ORD-102672,SKU-FRO-0296,8,Lince Vet Center
2026-08-11,ORD-102673,SKU-DAI-0054,8,La Lucha Restaurant
11-Aug-26,ORD-102673,SKU-PET-0173,3,Inkafarma Comas Pharmacy
11/08/2026,ORD-102675,SKU-HOM-0204,8,San Martin Corner Store
11/08/2026,ORD-102676,SKU-GAR-0157,9,Andean Group Offices
11/08/2026,ORD-102676,SKU-BEA-0168,9,Wong North Supermarkets
2026-08-11,ORD-102676,sku-bea-0096,9,Andean Group Offices
11-Aug-26,ORD-102677,SKU-OFF-0225,3,Delta Construction
11-Aug-26,ORD-102677,SKU-DAI-0072,14,El Tornillo Hardware
2026-08-11,ORD-102677,SKU-PET-0017,4,Wong North Supermarkets
2026-08-11,ORD-102678,SKU-DAI-0164,1,Inkafarma Comas Pharmacy
11-Aug-26,ORD-102678,SKU-OFF-0007,1,Delta Construction
11/08/2026,ORD-102679,SKU-DAI-0313,20,El Tornillo Hardware
11-Aug-26,ORD-102679, SKU-TOO-0080,5,Inkafarma Comas Pharmacy
2026-08-11,ORD-102679,SKU-OFF-0007,3,San Martin Corner Store
11-Aug-26,ORD-102680,SKU-HOM-0089,1,La Lucha Restaurant
11-Aug-26,ORD-102680,SKU-BEA-0177,6,Delta Construction
2026-08-11,ORD-102681,SKU-FRO-0238,11,Wong North Supermarkets
11-Aug-26,ORD-102681,SKU-HOM-0015,12,La Lucha Restaurant
2026-08-12,ORD-102683,SKU-PET-0304,18,La Lucha Restaurant
2026-08-12,ORD-102683,SKU-HOM-0112,18,Happy Pet Store
12-Aug-26,ORD-102684,SKU-DAI-0054,5,Andean Group Offices
12-Aug-26,ORD-102685,SKU-TOO-0080,1,Wong North Supermarkets
12/08/2026,ORD-102686,SKU-FRO-0085,8,Delta Construction
2026-08-12,ORD-102686,SKU-FRO-0296,20,Lucero Minimarket
12/08/2026,ORD-102686,SKU-PET-0173,5,Wong North Supermarkets
12-Aug-26,ORD-102687,SKU-DAI-0123,1,Andean Group Offices
12/08/2026,ORD-102687,SKU-HOM-0316,10,Delta Construction
12-Aug-26,ORD-102687,SKU-HOM-0127,15,Wong North Supermarkets
12/08/2026,ORD-102688,SKU-BEV-0176,9,Wong North Supermarkets
12-Aug-26,ORD-102689,SKU-DAI-0082,4,Inkafarma Comas Pharmacy
2026-08-12,ORD-102689,SKU-PET-0217,14,La Lucha Restaurant
12/08/2026,ORD-102689,SKU-DAI-0123,3,Wong North Supermarkets
2026-08-12,ORD-102690,SKU-BEV-0058,7,Lince Vet Center
12/08/2026,ORD-102691,SKU-FRO-0213,7,Andean Group Offices
2026-08-12,ORD-102691,SKU-HOM-0289,12,Inkafarma Comas Pharmacy
12/08/2026,ORD-102692,SKU-HAR-0237,7,Inkafarma Comas Pharmacy
12-Aug-26,ORD-102692,SKU-GAR-0039,6,Happy Pet Store
2026-08-12,ORD-102692,SKU-DAI-0072,15,El Tornillo Hardware
12/08/2026,ORD-102693,SKU-DAI-0072,14,Andean Group Offices
12/08/2026,ORD-102693,SKU-GAR-0113,15,Wong North Supermarkets
12/08/2026,ORD-102693,SKU-PET-0106,9,Happy Pet Store
12-Aug-26,ORD-102694,SKU-DAI-0054,5,Andean Group Offices
12/08/2026,ORD-102694,SKU-DAI-0082,8,Andean Group Offices
12-Aug-26,ORD-102695,SKU-BEV-0058,18,La Lucha Restaurant
12-Aug-26,ORD-102695,SKU-OFF-0060,20,La Lucha Restaurant
12-Aug-26,ORD-102696,SKU-FRO-0213,21,Lince Vet Center
12/08/2026,ORD-102697,SKU-BEV-0311,3,Inkafarma Comas Pharmacy
12/08/2026,ORD-102697,SKU-BEA-0119,17,Delta Construction
12/08/2026,ORD-102697,SKU-TOO-0245,11,Inkafarma Comas Pharmacy
12-Aug-26,ORD-102698,SKU-CLE-0276,9,Delta Construction
2026-08-12,ORD-102698,SKU-PET-0155,4,Happy Pet Store
12/08/2026,ORD-102699,SKU-GAR-0111,10,Lucero Minimarket
12-Aug-26,ORD-102700,SKU-HOM-0316,3,Lucero Minimarket
12/08/2026,ORD-102701,SKU-PET-0227,3,Wong North Supermarkets
12/08/2026,ORD-102701,SKU-CLE-0141,12,Lince Vet Center
12/08/2026,ORD-102701,SKU-DAI-0164,3,Lince Vet Center
12/08/2026,ORD-102702,SKU-SNA-0171,13,Happy Pet Store
2026-08-12,ORD-102702,SKU-PET-0227,1,San Martin Corner Store
12/08/2026,ORD-102703,SKU-FRO-0272,9,El Tornillo Hardware
2026-08-12,ORD-102703,SKU-DAI-0070,4,Wong North Supermarkets
12-Aug-26,ORD-102704,SKU-BEA-0019,8,San Martin Corner Store
12/08/2026,ORD-102704,SKU-SNA-0315,3,Andean Group Offices
12/08/2026,ORD-102705,SKU-FRO-0261,5,Wong North Supermarkets
12/08/2026,ORD-102706,SKU-OFF-0283,13,Inkafarma Comas Pharmacy
12-Aug-26,ORD-102706,SKU-BEV-0037,1,La Lucha Restaurant
12/08/2026,ORD-102706,SKU-GAR-0078,10,Andean Group Offices
12/08/2026,ORD-102707,SKU-PET-0031,2,Andean Group Offices
2026-08-12,ORD-102707,SKU-FRO-0114,14,Delta Construction
2026-08-12,ORD-102708,SKU-BEV-0192,7,Inkafarma Comas Pharmacy
2026-08-12,ORD-102708,SKU-PET-0106,14,La Lucha Restaurant
2026-08-12,ORD-102708,SKU-HOM-0127,17,Delta Construction
12-Aug-26,ORD-102709,SKU-OFF-0225,9,Inkafarma Comas Pharmacy
12/08/2026,ORD-102709,SKU-SNA-0057,2,Wong North Supermarkets
2026-08-12,ORD-102710,SKU-HAR-0237,15,El Tornillo Hardware
12-Aug-26,ORD-102710,SKU-DAI-0070,7,Inkafarma Comas Pharmacy
12-Aug-26,ORD-102711,SKU-BEV-0180,9,La Lucha Restaurant
12-Aug-26,ORD-102711,SKU-TOO-0049,11,Andean Group Offices
12-Aug-26,ORD-102711,sku-dai-0072,9,San Martin Corner Store
12-Aug-26,ORD-102712,SKU-OFF-0259,24,Andean Group Offices
2026-08-12,ORD-102712,SKU-DAI-0123,7,Andean Group Offices
2026-08-12,ORD-102713,SKU-FRO-0179,6,La Lucha Restaurant
12/08/2026,ORD-102713,SKU-CLE-0282,12,San Martin Corner Store
12/08/2026,ORD-102714,SKU HOM 0204,4,San Martin Corner Store
12/08/2026,ORD-102714,SKU-OFF-0225,18,Lucero Minimarket
12-Aug-26,ORD-102714,SKU-CLE-0248,6,San Martin Corner Store
12-Aug-26,ORD-102715,SKU-OFF-0257,1,Wong North Supermarkets
12/08/2026,ORD-102716,SKU-FRO-0014,8,Inkafarma Comas Pharmacy
12/08/2026,ORD-102716,SKU-DAI-0164,3,La Lucha Restaurant
12-Aug-26,ORD-102717,SKU-HOM-0286,4,La Lucha Restaurant
12-Aug-26,ORD-102717,SKU-DAI-0072,1,Lucero Minimarket
2026-08-12,ORD-102718,SKU-BEA-0119,10,Lince Vet Center
2026-08-12,ORD-102718,SKU-PET-0318,16,El Tornillo Hardware
2026-08-12,ORD-102718,SKU-DAI-0003,10,Delta Construction
12-Aug-26,ORD-102719,SKU-BEA-0126,1,Wong North Supermarkets
2026-08-12,ORD-102719,SKU-GAR-0021,5,San Martin Corner Store
12-Aug-26,ORD-102720,SKU-HOM-0127,11,Delta Construction
2026-08-12,ORD-102720,SKU-DAI-0313,9,El Tornillo Hardware
2026-08-12,ORD-102721,SKU-HOM-0020,1,Wong North Supermarkets
2026-08-12,ORD-102721,SKU-TOO-0122,10,Happy Pet Store
12/08/2026,ORD-102724,SKU-BEV-0242,16,Happy Pet Store
12-Aug-26,ORD-102724,SKU-BEA-0151,6,El Tornillo Hardware
12/08/2026,ORD-102724,SKU-SNA-0315,18,Andean Group Offices
12/08/2026,ORD-102725,SKU-DAI-0164,6,San Martin Corner Store
12-Aug-26,ORD-102725,SKU-PET-0205,7,Inkafarma Comas Pharmacy
2026-08-12,ORD-102726,SKU-FRO-0238,3,Lucero Minimarket
2026-08-12,ORD-102726,SKU-BEV-0174,4,Lucero Minimarket
12-Aug-26,ORD-102727,SKU-HOM-0089,3,Wong North Supermarkets
2026-08-12,ORD-102727,SKU-FRO-0179,2,Happy Pet Store
2026-08-12,ORD-102728,SKU-OFF-0259,2,El Tornillo Hardware
2026-08-12,ORD-102728,SKU-CLE-0028,12,Lince Vet Center
2026-08-12,ORD-102729,SKU-BEV-0005,3,La Lucha Restaurant
2026-08-12,ORD-102729,SKU-BEA-0308,5,Inkafarma Comas Pharmacy
2026-08-12,ORD-102729,SKU-FRO-0014,7,Happy Pet Store
2026-08-12,ORD-102730,SKU-SNA-0199,20,Wong North Supermarkets
12-Aug-26,ORD-102731,SKU-DAI-0072,8,San Martin Corner Store
2026-08-12,ORD-102731,SKU-BEA-0144,4,Happy Pet Store
12/08/2026,ORD-102732,SKU-HOM-0316,10,Wong North Supermarkets
12/08/2026,ORD-102732,SKU-BEV-0219,6,Lince Vet Center
12-Aug-26,ORD-102732,SKU-HOM-0166,4,Andean Group Offices
12-Aug-26,ORD-102733,SKU-TOO-0049,23,El Tornillo Hardware
2026-08-12,ORD-102734,SKU-OFF-0257,1,Andean Group Offices
2026-08-12,ORD-102734,SKU-HOM-0204,13,Andean Group Offices
2026-08-12,ORD-102736,SKU-BEA-0191,3,Delta Construction
12/08/2026,ORD-102737,SKU-BEA-0310,4,Delta Construction
12/08/2026,ORD-102737,SKU-DAI-0070,10,Delta Construction
2026-08-12,ORD-102738,SKU-BEV-0311,21,La Lucha Restaurant
2026-08-12,ORD-102738,SKU-BEV-0202,5,Happy Pet Store
12/08/2026,ORD-102738,SKU-DAI-0123,1,Inkafarma Comas Pharmacy
12/08/2026,ORD-102739,SKU-DAI-0313,14,Inkafarma Comas Pharmacy
12-Aug-26,ORD-102739,SKU-HOM-0204,2,Andean Group Offices
12-Aug-26,ORD-102740,SKU-CLE-0248,6,La Lucha Restaurant
2026-08-12,ORD-102741,SKU-SNA-0188,16,San Martin Corner Store
12-Aug-26,ORD-102741,SKU-FRO-0238,6,San Martin Corner Store
12-Aug-26,ORD-102741,SKU FRO 0220,5,Lucero Minimarket
12-Aug-26,ORD-102742,SKU-BEV-0202,5,La Lucha Restaurant
2026-08-12,ORD-102742,SKU-BEA-0062,8,Lince Vet Center
12/08/2026,ORD-102743,SKU-HAR-0285,17,Andean Group Offices
2026-08-12,ORD-102743,SKU-PET-0270,2,Lucero Minimarket
2026-08-12,ORD-102744,SKU-FRO-0238,2,Happy Pet Store
12/08/2026,ORD-102745,SKU-TOO-0131,22,Wong North Supermarkets
2026-08-12,ORD-102745,SKU-FRO-0203,21,El Tornillo Hardware
12-Aug-26,ORD-102746,SKU-HOM-0089,5,Wong North Supermarkets
12/08/2026,ORD-102746,SKU-PET-0106,11,Delta Construction
12/08/2026,ORD-102747,SKU-TOO-0069,2,Lince Vet Center
2026-08-12,ORD-102747,SKU-BEV-0033,4,El Tornillo Hardware
12-Aug-26,ORD-102748,SKU-DAI-0082,3,Delta Construction
2026-08-12,ORD-102748,SKU-PET-0304,5,Andean Group Offices
12/08/2026,ORD-102748,SKU-BEA-0312,7,El Tornillo Hardware
12-Aug-26,ORD-102751,SKU-BEV-0311,27,Happy Pet Store
12-Aug-26,ORD-102752,SKU-OFF-0007,6,Wong North Supermarkets
12-Aug-26,ORD-102752,SKU-HAR-0237,8,Lince Vet Center
12-Aug-26,ORD-102752,SKU-BEV-0176,5,Inkafarma Comas Pharmacy
12/08/2026,ORD-102755,SKU-SNA-0233,2,Happy Pet Store
12-Aug-26,ORD-102755,SKU-BEA-0291,6,Andean Group Offices
2026-08-12,ORD-102756,SKU-GAR-0021,5,San Martin Corner Store
2026-08-12,ORD-102756,SKU-DAI-0054,3,San Martin Corner Store
12-Aug-26,ORD-102756,SKU-TOO-0026,1,Inkafarma Comas Pharmacy
2026-08-12,ORD-102757,SKU-HAR-0266,6,Delta Construction
12-Aug-26,ORD-102757,SKU DAI 0082,4,Happy Pet Store
12-Aug-26,ORD-102758,SKU-DAI-0164,3,El Tornillo Hardware
2026-08-12,ORD-102758,SKU-CLE-0248,3,Delta Construction
12/08/2026,ORD-102759,SKU-BEA-0177,5,Andean Group Offices
12/08/2026,ORD-102759,SKU-BEA-0291,7,La Lucha Restaurant
2026-08-12,ORD-102759,SKU-FRO-0238,7,Wong North Supermarkets
2026-08-12,ORD-102760,SKU-BEA-0126,6,Delta Construction
2026-08-12,ORD-102760,SKU-PET-0217,1,El Tornillo Hardware
12/08/2026,ORD-102761,SKU-BEA-0312,19,Lince Vet Center
2026-08-12,ORD-102761,SKU-FRO-0288,4,El Tornillo Hardware
12-Aug-26,ORD-102761,SKU-CLE-0276,2,Andean Group Offices
12/08/2026,ORD-102762,SKU-SNA-0030,12,San Martin Corner Store
12-Aug-26,ORD-102762,SKU-GAR-0039,11,Andean Group Offices
12-Aug-26,ORD-102763,SKU-PET-0318,17,Wong North Supermarkets
2026-08-12,ORD-102763,SKU-HOM-0013,9,Delta Construction
12/08/2026,ORD-102763,SKU-OFF-0257,8,El Tornillo Hardware
12/08/2026,ORD-102764,SKU-BEA-0291,1,La Lucha Restaurant
12-Aug-26,ORD-102765,SKU-BEV-0005,2,Lince Vet Center
12-Aug-26,ORD-102765,SKU-OFF-0228,23,Inkafarma Comas Pharmacy
12-Aug-26,ORD-102765,SKU-CLE-0240,2,Inkafarma Comas Pharmacy
12/08/2026,ORD-102766,SKU-PET-0155,26,Delta Construction
12-Aug-26,ORD-102767,SKU-BEV-0242,13,El Tornillo Hardware
12-Aug-26,ORD-102767,SKU-BEV-0150,1,Wong North Supermarkets
2026-08-12,ORD-102767,SKU-OFF-0236,1,Inkafarma Comas Pharmacy
12-Aug-26,ORD-102768,SKU-DAI-0313,20,Delta Construction
12-Aug-26,ORD-102768,SKU-HOM-0316,10,Inkafarma Comas Pharmacy
12/08/2026,ORD-102768,SKU-FRO-0132,17,Lince Vet Center
12-Aug-26,ORD-102769,SKU-FRO-0014,4,Happy Pet Store
12-Aug-26,ORD-102769,SKU-DAI-0072,7,Happy Pet Store
2026-08-12,ORD-102770, SKU-SNA-0223,6,El Tornillo Hardware
2026-08-12,ORD-102770,SKU-FRO-0196,9,Lince Vet Center
12-Aug-26,ORD-102771,SKU-BEA-0308,5,Wong North Supermarkets
12/08/2026,ORD-102771,SKU-HOM-0112,14,La Lucha Restaurant
12-Aug-26,ORD-102772,SKU-DAI-0070,12,Lucero Minimarket
2026-08-12,ORD-102772,SKU-BEA-0019,8,La Lucha Restaurant
12/08/2026,ORD-102773,SKU-DAI-0072,3,San Martin Corner Store
12-Aug-26,ORD-102773,SKU-FRO-0267,9,Andean Group Offices
12-Aug-26,ORD-102773,SKU-CLE-0028,12,Andean Group Offices
2026-08-12,ORD-102774,SKU-PET-0318,5,El Tornillo Hardware
2026-08-12,ORD-102774,SKU-FRO-0288,1,El Tornillo Hardware
12/08/2026,ORD-102775,SKU BEV 0058,8,Happy Pet Store
2026-08-12,ORD-102775,SKU-BEA-0096,5,Inkafarma Comas Pharmacy
12-Aug-26,ORD-102775,SKU-GAR-0153,20,Delta Construction
2026-08-12,ORD-102776,SKU-FRO-0278,7,El Tornillo Hardware
12-Aug-26,ORD-102776,SKU-DAI-0184,17,Andean Group Offices
12/08/2026,ORD-102777,SKU-SNA-0171,2,El Tornillo Hardware
12-Aug-26,ORD-102777,SKU-FRO-0278,3,Lince Vet Center
12-Aug-26,ORD-102778,SKU DAI 0184,11,Inkafarma Comas Pharmacy
12/08/2026,ORD-102778,SKU-GAR-0195,17,Lince Vet Center
2026-08-12,ORD-102779,SKU-DAI-0054,7,San Martin Corner Store
2026-08-12,ORD-102780,SKU-DAI-0082,7,San Martin Corner Store
2026-08-12,ORD-102781,sku-dai-0169,11,Happy Pet Store
2026-08-12,ORD-102781,SKU-FRO-0238,15,Lince Vet Center
12-Aug-26,ORD-102782,SKU-BEA-0168,10,Happy Pet Store
12/08/2026,ORD-102782,SKU-BEA-0264,1,La Lucha Restaurant
2026-08-12,ORD-102782,SKU-FRO-0213,14,Lucero Minimarket
2026-08-12,ORD-102783,SKU-BEV-0150,5,Andean Group Offices
12-Aug-26,ORD-102784,SKU-PET-0040,19,Delta Construction
12-Aug-26,ORD-102785,SKU-CLE-0248,1,Andean Group Offices
2026-08-12,ORD-102785,SKU-FRO-0114,17,Wong North Supermarkets
12-Aug-26,ORD-102786,SKU-FRO-0272,24,La Lucha Restaurant
2026-08-12,ORD-102786,SKU-BEV-0176,1,San Martin Corner Store
12-Aug-26,ORD-102787,sku-gar-0153,17,El Tornillo Hardware
12/08/2026,ORD-102787,SKU-DAI-0123,1,Happy Pet Store
12/08/2026,ORD-102788,SKU-HOM-0204,1,Inkafarma Comas Pharmacy
12/08/2026,ORD-102789,SKU-HOM-0020,1,Lince Vet Center
12/08/2026,ORD-102789,SKU OFF 0010,3,Lucero Minimarket
12-Aug-26,ORD-102790,SKU-FRO-0238,1,Andean Group Offices
12-Aug-26,ORD-102790,SKU-BEV-0162,9,El Tornillo Hardware
12/08/2026,ORD-102791,SKU-FRO-0288,4,Lucero Minimarket
12-Aug-26,ORD-102792,SKU-CLE-0028,8,Lucero Minimarket
12-Aug-26,ORD-102793,SKU-BEA-0215,14,Lucero Minimarket
2026-08-12,ORD-102793,SKU-DAI-0082,1,Lince Vet Center
12/08/2026,ORD-102794,SKU-BEA-0144,16,La Lucha Restaurant
12-Aug-26,ORD-102794,SKU-PET-0227,2,Delta Construction
12/08/2026,ORD-102794,SKU-SNA-0223,3,Lince Vet Center
12/08/2026,ORD-102795,SKU-TOO-0067,4,El Tornillo Hardware
2026-08-12,ORD-102797,SKU-BEV-0192,9,Inkafarma Comas Pharmacy
2026-08-12,ORD-102798,SKU-OFF-0259,27,Lince Vet Center
12-Aug-26,ORD-102798, SKU-PET-0087,5,Wong North Supermarkets
12/08/2026,ORD-102799,SKU-GAR-0021,5,Wong North Supermarkets
12-Aug-26,ORD-102799,SKU-DAI-0072,12,Happy Pet Store
12-Aug-26,ORD-102799,SKU-FRO-0114,15,Inkafarma Comas Pharmacy
2026-08-12,ORD-102800,SKU-BEV-0005,1,Delta Construction
2026-08-12,ORD-102800,SKU-PET-0017,2,Delta Construction
2026-08-12,ORD-102802,SKU-TOO-0216,25,Andean Group Offices
2026-08-12,ORD-102803,SKU-DAI-0164,5,Andean Group Offices
12/08/2026,ORD-102804,SKU-FRO-0132,28,Inkafarma Comas Pharmacy
12-Aug-26,ORD-102804,SKU-BEV-0033,4,Wong North Supermarkets
12-Aug-26,ORD-102806,SKU-DAI-0303,1,San Martin Corner Store
2026-08-12,ORD-102806,SKU-DAI-0313,3,Happy Pet Store
2026-08-12,ORD-102807,SKU-FRO-0246,3,Delta Construction
12/08/2026,ORD-102807,SKU-BEV-0202,2,El Tornillo Hardware
12/08/2026,ORD-102808,SKU-SNA-0315,28,Inkafarma Comas Pharmacy
12-Aug-26,ORD-102808,SKU-GAR-0039,7,La Lucha Restaurant
2026-08-12,ORD-102809,SKU-CLE-0018,16,La Lucha Restaurant
12/08/2026,ORD-102810,SKU-DAI-0082,6,El Tornillo Hardware
2026-08-12,ORD-102810,SKU-CLE-0248,5,Lince Vet Center
2026-08-12,ORD-102811,SKU-DAI-0054,4,Wong North Supermarkets
12-Aug-26,ORD-102811,SKU-PET-0318,12,Inkafarma Comas Pharmacy
12/08/2026,ORD-102812,SKU-HOM-0289,9,Inkafarma Comas Pharmacy
2026-08-12,ORD-102813,SKU-CLE-0018,20,Inkafarma Comas Pharmacy
2026-08-12,ORD-102814,SKU-HOM-0166,9,Wong North Supermarkets
12-Aug-26,ORD-102814,SKU-BEV-0150,4,Happy Pet Store
2026-08-12,ORD-102814,SKU-DAI-0184,12,La Lucha Restaurant
2026-08-12,ORD-102815,SKU-CLE-0240,6,El Tornillo Hardware
2026-08-12,ORD-102815,SKU-BEV-0150,4,La Lucha Restaurant
2026-08-12,ORD-102815,SKU-HOM-0262,11,Lince Vet Center
12-Aug-26,ORD-102816,SKU-BEA-0045,3,La Lucha Restaurant
12/08/2026,ORD-102817,SKU-BEA-0308,7,El Tornillo Hardware
2026-08-12,ORD-102817,SKU-HOM-0208,3,Lince Vet Center
12/08/2026,ORD-102817,SKU-FRO-0196,5,La Lucha Restaurant
12/08/2026,ORD-102818,SKU-DAI-0169,4,Wong North Supermarkets
12/08/2026,ORD-102820,SKU-FRO-0132,6,La Lucha Restaurant
12-Aug-26,ORD-102821,SKU-DAI-0164,5,Wong North Supermarkets
12-Aug-26,ORD-102821,SKU-GAR-0287,1,Delta Construction
12/08/2026,ORD-102821,SKU-FRO-0272,9,Wong North Supermarkets
12/08/2026,ORD-102822,SKU-TOO-0049,8,Wong North Supermarkets
12-Aug-26,ORD-102822,SKU-PET-0155,18,Lucero Minimarket
2026-08-12,ORD-102823,SKU-BEA-0148,4,Happy Pet Store
12/08/2026,ORD-102824,SKU-DAI-0169,4,El Tornillo Hardware
12-Aug-26,ORD-102824,SKU-OFF-0043,13,San Martin Corner Store
2026-08-12,ORD-102825,SKU-BEA-0144,13,El Tornillo Hardware
12-Aug-26,ORD-102825,SKU-DAI-0082,2,Happy Pet Store
12-Aug-26,ORD-102825,SKU-DAI-0184,8,La Lucha Restaurant
12/08/2026,ORD-102826,SKU-OFF-0259,6,Delta Construction
12-Aug-26,ORD-102826,SKU-HOM-0020,6,El Tornillo Hardware
12-Aug-26,ORD-102826,SKU-GAR-0157,7,Delta Construction
2026-08-12,ORD-102827,SKU-DAI-0164,2,Lince Vet Center
2026-08-12,ORD-102827,SKU-OFF-0010,4,Andean Group Offices
12/08/2026,ORD-102828,SKU-CLE-0061,30,Andean Group Offices
12/08/2026,ORD-102828,SKU-BEA-0045,12,Happy Pet Store
12-Aug-26,ORD-102829,SKU-TOO-0049,20,Delta Construction
12/08/2026,ORD-102829,SKU-FRO-0278,1,Happy Pet Store
12/08/2026,ORD-102829, SKU-PET-0102,2,Lince Vet Center
2026-08-12,ORD-102831,SKU-PET-0040,10,Andean Group Offices
12-Aug-26,ORD-102831,SKU-DAI-0303,2,Delta Construction
2026-08-12,ORD-102832,SKU BEA 0168,10,Andean Group Offices
12/08/2026,ORD-102833,SKU-DAI-0164,1,Lucero Minimarket
12/08/2026,ORD-102833,SKU-DAI-0082,8,Lince Vet Center
12-Aug-26,ORD-102834,SKU-BEV-0033,4,Happy Pet Store
12/08/2026,ORD-102834,SKU-DAI-0184,7,El Tornillo Hardware
2026-08-12,ORD-102835,SKU-BEA-0142,10,Lince Vet Center
12-Aug-26,ORD-102835,SKU-OFF-0074,5,El Tornillo Hardware
12-Aug-26,ORD-102836,SKU-FRO-0179,3,San Martin Corner Store
12-Aug-26,ORD-102836,SKU-BEA-0312,19,La Lucha Restaurant
2026-08-12,ORD-102837,SKU-OFF-0043,3,Happy Pet Store
2026-08-12,ORD-102838,SKU-DAI-0054,2,Lucero Minimarket
2026-08-12,ORD-102838,SKU-CLE-0028,9,Inkafarma Comas Pharmacy
12/08/2026,ORD-102839,SKU-BEV-0202,2,Wong North Supermarkets
12-Aug-26,ORD-102839,SKU-CLE-0061,30,Wong North Supermarkets
12/08/2026,ORD-102839,SKU-DAI-0072,6,Wong North Supermarkets
12-Aug-26,ORD-102840,SKU-FRO-0220,7,Wong North Supermarkets
2026-08-12,ORD-102840,SKU-OFF-0249,4,El Tornillo Hardware
12/08/2026,ORD-102840,SKU-DAI-0082,4,Inkafarma Comas Pharmacy
2026-08-12,ORD-102841,SKU-HOM-0089,3,Inkafarma Comas Pharmacy
12-Aug-26,ORD-102842,sku-dai-0184,3,Happy Pet Store
2026-08-12,ORD-102844,SKU-BEA-0310,15,La Lucha Restaurant
2026-08-12,ORD-102844,SKU-BEA-0312,12,Happy Pet Store
2026-08-12,ORD-102844,SKU-HOM-0112,6,Happy Pet Store
2026-08-12,ORD-102845,SKU-DAI-0123,5,Wong North Supermarkets
12-Aug-26,ORD-102845,SKU-SNA-0199,11,La Lucha Restaurant
12-Aug-26,ORD-102845,SKU-FRO-0267,16,Delta Construction
12-Aug-26,ORD-102846, SKU-HOM-0013,3,Delta Construction
12-Aug-26,ORD-102846,SKU-BEV-0058,18,Lucero Minimarket
12-Aug-26,ORD-102847,SKU-HOM-0289,6,Delta Construction
12/08/2026,ORD-102847,SKU-BEA-0142,10,Lince Vet Center
12/08/2026,ORD-102848,sku-cle-0263,6,San Martin Corner Store
12-Aug-26,ORD-102850,SKU-OFF-0283,15,Happy Pet Store
12-Aug-26,ORD-102850,SKU-BEA-0045,12,Andean Group Offices
12/08/2026,ORD-102851,SKU-FRO-0238,13,Delta Construction
2026-08-12,ORD-102851,SKU-PET-0227,6,Inkafarma Comas Pharmacy
12/08/2026,ORD-102851,SKU-TOO-0125,3,Inkafarma Comas Pharmacy
2026-08-12,ORD-102852,SKU-TOO-0067,2,Lince Vet Center
12/08/2026,ORD-102852,SKU-DAI-0184,5,La Lucha Restaurant
2026-08-12,ORD-102853,SKU-PET-0099,7,Lucero Minimarket
12-Aug-26,ORD-102854,SKU-CLE-0263,3,San Martin Corner Store
2026-08-12,ORD-102854,SKU-DAI-0169,4,Lince Vet Center
2026-08-12,ORD-102855,SKU-TOO-0131,13,El Tornillo Hardware
12-Aug-26,ORD-102856,SKU-FRO-0267,15,El Tornillo Hardware
2026-08-12,ORD-102856,SKU-BEV-0219,11,Lince Vet Center
2026-08-12,ORD-102856,SKU-GAR-0287,8,San Martin Corner Store
12/08/2026,ORD-102857,SKU-GAR-0229,3,Inkafarma Comas Pharmacy
12-Aug-26,ORD-102858,SKU-DAI-0164,5,Happy Pet Store
2026-08-12,ORD-102858,SKU-DAI-0054,5,Lince Vet Center
12/08/2026,ORD-102859,SKU-FRO-0296,12,Inkafarma Comas Pharmacy
12-Aug-26,ORD-102860,SKU-FRO-0272,21,Inkafarma Comas Pharmacy
12-Aug-26,ORD-102860,SKU-HOM-0127,9,La Lucha Restaurant
12-Aug-26,ORD-102861,SKU-FRO-0136,7,Lince Vet Center
2026-08-12,ORD-102861,SKU-BEA-0308,10,Inkafarma Comas Pharmacy
2026-08-12,ORD-102861,SKU-GAR-0113,8,Lince Vet Center
12-Aug-26,ORD-102862,SKU-PET-0106,10,Wong North Supermarkets
12/08/2026,ORD-102862,SKU-OFF-0140,14,Lince Vet Center
12-Aug-26,ORD-102862,SKU-PET-0031,1,Delta Construction
12/08/2026,ORD-102863,SKU-GAR-0153,12,Inkafarma Comas Pharmacy
2026-08-12,ORD-102863,SKU-BEV-0174,5,San Martin Corner Store
12-Aug-26,ORD-102864,sku-off-0225,4,El Tornillo Hardware
2026-08-12,ORD-102864,SKU-BEV-0176,3,Delta Construction
12-Aug-26,ORD-102865,SKU-PET-0270,2,Lucero Minimarket
12/08/2026,ORD-102865,SKU-OFF-0074,21,El Tornillo Hardware
2026-08-12,ORD-102866,SKU-BEA-0310,15,La Lucha Restaurant
2026-08-12,ORD-102866,sku-bev-0174,1,San Martin Corner Store
12/08/2026,ORD-102867,SKU-BEA-0312,23,Lince Vet Center
12-Aug-26,ORD-102868,SKU-DAI-0184,1,Delta Construction
12/08/2026,ORD-102869,SKU-DAI-0313,4,Inkafarma Comas Pharmacy
2026-08-12,ORD-102869,SKU-FRO-0179,5,Happy Pet Store
12/08/2026,ORD-102869,SKU-TOO-0221,3,Wong North Supermarkets
2026-08-12,ORD-102870,SKU-GAR-0153,6,Happy Pet Store
12-Aug-26,ORD-102871,SKU-BEA-0308,3,Wong North Supermarkets
12-Aug-26,ORD-102871,SKU-BEV-0301,7,Lince Vet Center
12-Aug-26,ORD-102872,SKU-TOO-0069,12,El Tornillo Hardware
12/08/2026,ORD-102872,SKU-OFF-0140,2,San Martin Corner Store
2026-08-12,ORD-102872,SKU-DAI-0164,2,Happy Pet Store
12/08/2026,ORD-102873,SKU-DAI-0123,2,La Lucha Restaurant
2026-08-12,ORD-102874,SKU-HAR-0285,13,Happy Pet Store
12/08/2026,ORD-102874,SKU-PET-0173,10,Wong North Supermarkets
12/08/2026,ORD-102875,SKU-OFF-0228,18,Lucero Minimarket
2026-08-12,ORD-102875,SKU-HOM-0015,4,Inkafarma Comas Pharmacy
2026-08-12,ORD-102876,SKU-BEV-0037,5,Lince Vet Center
12/08/2026,ORD-102876,SKU-GAR-0157,10,Happy Pet Store
12-Aug-26,ORD-102877,SKU-PET-0087,6,San Martin Corner Store
12/08/2026,ORD-102878,SKU-BEV-0192,13,Lucero Minimarket
2026-08-12,ORD-102878,SKU-HOM-0065,10,Lince Vet Center
12-Aug-26,ORD-102878,SKU-GAR-0111,20,Inkafarma Comas Pharmacy
12-Aug-26,ORD-102879,SKU-OFF-0010,2,Wong North Supermarkets
12-Aug-26,ORD-102879,SKU-PET-0270,2,Delta Construction
12/08/2026,ORD-102880,SKU-OFF-0060,21,Delta Construction
12-Aug-26,ORD-102880,SKU-BEA-0151,7,Delta Construction
12/08/2026,ORD-102881,SKU-BEA-0151,8,La Lucha Restaurant
2026-08-12,ORD-102881,SKU-HOM-0289,12,La Lucha Restaurant
12/08/2026,ORD-102882,SKU-GAR-0039,15,Andean Group Offices
12/08/2026,ORD-102882,SKU-BEA-0312,12,Delta Construction
12-Aug-26,ORD-102883,SKU-BEA-0151,3,Delta Construction
12/08/2026,ORD-102883,SKU-HOM-0289,5,La Lucha Restaurant
12/08/2026,ORD-102884,SKU-GAR-0120,4,Happy Pet Store
2026-08-12,ORD-102884,SKU-DAI-0070,8,Happy Pet Store
12-Aug-26,ORD-102885,SKU-FRO-0272,28,Andean Group Offices
12-Aug-26,ORD-102886,SKU-GAR-0039,16,Andean Group Offices
2026-08-12,ORD-102886,SKU-TOO-0221,4,Inkafarma Comas Pharmacy
12/08/2026,ORD-102886,SKU-DAI-0123,8,Delta Construction
12-Aug-26,ORD-102887,SKU-BEV-0242,22,El Tornillo Hardware
12/08/2026,ORD-102887,SKU-DAI-0070,4,Delta Construction
12-Aug-26,ORD-102887,SKU-BEA-0191,8,Wong North Supermarkets
12/08/2026,ORD-102888,SKU-CLE-0276,10,Wong North Supermarkets
12/08/2026,ORD-102888,SKU-FRO-0296,13,Happy Pet Store
12/08/2026,ORD-102888,SKU-DAI-0164,6,La Lucha Restaurant
12/08/2026,ORD-102889,SKU-PET-0040,24,El Tornillo Hardware
12/08/2026,ORD-102889,SKU-BEV-0219,11,Happy Pet Store
12/08/2026,ORD-102890,SKU-DAI-0164,5,San Martin Corner Store
12/08/2026,ORD-102891,SKU-DAI-0184,11,Andean Group Offices
2026-08-12,ORD-102891,SKU-SNA-0223,3,La Lucha Restaurant
12/08/2026,ORD-102891,SKU-TOO-0026,3,Wong North Supermarkets
12/08/2026,ORD-102892,SKU-CLE-0108,11,San Martin Corner Store
2026-08-12,ORD-102892,SKU-TOO-0049,27,La Lucha Restaurant
2026-08-12,ORD-102892,SKU-DAI-0303,2,Lince Vet Center
2026-08-12,ORD-102893,SKU-DAI-0072,15,Lucero Minimarket
2026-08-12,ORD-102893,SKU-FRO-0203,28,Lince Vet Center
2026-08-12,ORD-102894,SKU-BEV-0311,16,Wong North Supermarkets
12-Aug-26,ORD-102894,SKU-TOO-0216,18,Inkafarma Comas Pharmacy
12-Aug-26,ORD-102895,SKU-DAI-0169,11,Lince Vet Center
12-Aug-26,ORD-102896,SKU-DAI-0164,3,Wong North Supermarkets
2026-08-12,ORD-102896,sku-too-0080,2,Happy Pet Store
12-Aug-26,ORD-102896,SKU-FRO-0196,12,El Tornillo Hardware
2026-08-12,ORD-102897,SKU-CLE-0282,4,La Lucha Restaurant
2026-08-12,ORD-102897,SKU-BEV-0202,6,Andean Group Offices
12-Aug-26,ORD-102898,SKU-FRO-0109,6,El Tornillo Hardware
12-Aug-26,ORD-102898,SKU-PET-0040,12,Andean Group Offices
12/08/2026,ORD-102899,SKU-BEA-0177,3,Inkafarma Comas Pharmacy
12-Aug-26,ORD-102899,SKU-DAI-0070,7,Lucero Minimarket
2026-08-12,ORD-102900,SKU-TOO-0049,1,Wong North Supermarkets
2026-08-12,ORD-102900,SKU-BEA-0062,2,Inkafarma Comas Pharmacy
2026-08-12,ORD-102901,SKU-BEA-0308,13,Delta Construction
13/08/2026,ORD-102901,SKU-DAI-0303,3,Inkafarma Comas Pharmacy
13/08/2026,ORD-102904,SKU-PET-0173,3,Lince Vet Center
2026-08-13,ORD-102905,SKU-PET-0040,4,Lucero Minimarket
2026-08-13,ORD-102905,SKU-FRO-0090,14,Lince Vet Center
13/08/2026,ORD-102905,SKU-PET-0227,6,Wong North Supermarkets
13/08/2026,ORD-102906,SKU-HOM-0204,16,Andean Group Offices
2026-08-13,ORD-102906,SKU-DAI-0123,8,Happy Pet Store
2026-08-13,ORD-102906,SKU-PET-0040,12,Delta Construction
2026-08-13,ORD-102907,SKU-CLE-0299,29,Andean Group Offices
2026-08-13,ORD-102907,SKU-OFF-0236,8,El Tornillo Hardware
2026-08-13,ORD-102907,SKU-FRO-0278,9,Lince Vet Center
13/08/2026,ORD-102908,SKU-HOM-0262,8,Lince Vet Center
13-Aug-26,ORD-102908,SKU-FRO-0238,11,Delta Construction
2026-08-13,ORD-102909,SKU-GAR-0229,2,El Tornillo Hardware
13-Aug-26,ORD-102909,SKU-OFF-0010,4,La Lucha Restaurant
13/08/2026,ORD-102910,SKU-CLE-0108,4,Happy Pet Store
13-Aug-26,ORD-102910,SKU-FRO-0109,7,La Lucha Restaurant
13/08/2026,ORD-102911,SKU-BEA-0264,2,Happy Pet Store
2026-08-13,ORD-102911,SKU-HOM-0089,2,Happy Pet Store
2026-08-13,ORD-102911,SKU-BEA-0151,2,Lucero Minimarket
13/08/2026,ORD-102912,SKU-OFF-0074,22,Delta Construction
13-Aug-26,ORD-102912,SKU-OFF-0074,22,Andean Group Offices
13-Aug-26,ORD-102912,SKU-FRO-0296,11,Andean Group Offices
2026-08-13,ORD-102913,SKU-OFF-0259,24,Lucero Minimarket
13/08/2026,ORD-102913,SKU-GAR-0195,9,Andean Group Offices
13/08/2026,ORD-102914,SKU-FRO-0272,20,Wong North Supermarkets
13-Aug-26,ORD-102915,SKU-HOM-0166,11,Happy Pet Store
13/08/2026,ORD-102915,SKU-SNA-0315,26,La Lucha Restaurant
13/08/2026,ORD-102915,SKU-FRO-0246,2,Wong North Supermarkets
13/08/2026,ORD-102916,SKU-OFF-0140,8,Inkafarma Comas Pharmacy
2026-08-13,ORD-102918,SKU-CLE-0282,5,Andean Group Offices
13/08/2026,ORD-102918,SKU-TOO-0080,4,Happy Pet Store
13/08/2026,ORD-102919,SKU-BEV-0192,6,Andean Group Offices
13/08/2026,ORD-102919,SKU-FRO-0278,12,Delta Construction
13-Aug-26,ORD-102920,SKU-DAI-0313,22,San Martin Corner Store
13-Aug-26,ORD-102920,SKU-OFF-0060,3,Andean Group Offices
13/08/2026,ORD-102920,SKU-GAR-0287,2,Lucero Minimarket
2026-08-13,ORD-102921,SKU-HOM-0112,17,Wong North Supermarkets
2026-08-13,ORD-102922,SKU-GAR-0113,11,San Martin Corner Store
13/08/2026,ORD-102923,SKU-DAI-0003,3,La Lucha Restaurant
13-Aug-26,ORD-102924,SKU-HOM-0289,8,San Martin Corner Store
13-Aug-26,ORD-102924,SKU-SNA-0244,10,Lince Vet Center
13/08/2026,ORD-102924,SKU-HOM-0289,6,Lince Vet Center
13/08/2026,ORD-102925,SKU-BEV-0301,6,Lucero Minimarket
13-Aug-26,ORD-102925,SKU-FRO-0090,20,El Tornillo Hardware
2026-08-13,ORD-102926,SKU-FRO-0296,8,Lince Vet Center
2026-08-13,ORD-102926,SKU-PET-0040,4,Happy Pet Store
13-Aug-26,ORD-102927,SKU-FRO-0238,16,La Lucha Restaurant
13/08/2026,ORD-102927,SKU-DAI-0070,7,Inkafarma Comas Pharmacy
2026-08-13,ORD-102927,SKU-HOM-0089,9,Lucero Minimarket
2026-08-13,ORD-102928,SKU-DAI-0123,2,Lince Vet Center
13-Aug-26,ORD-102929,SKU-PET-0318,14,San Martin Corner Store
2026-08-13,ORD-102929,sku-too-0245,26,Wong North Supermarkets
13/08/2026,ORD-102930,SKU-TOO-0295,15,Delta Construction
13-Aug-26,ORD-102931,SKU-TOO-0125,12,Inkafarma Comas Pharmacy
13/08/2026,ORD-102931,SKU-OFF-0259,13,San Martin Corner Store
13-Aug-26,ORD-102931,SKU-BEV-0058,20,Inkafarma Comas Pharmacy
2026-08-13,ORD-102932,SKU-SNA-0223,11,San Martin Corner Store
13/08/2026,ORD-102932,SKU-BEA-0062,8,La Lucha Restaurant
2026-08-13,ORD-102933,SKU-OFF-0043,11,Inkafarma Comas Pharmacy
2026-08-13,ORD-102933,SKU-FRO-0196,11,Andean Group Offices
2026-08-13,ORD-102933,SKU-OFF-0257,4,Lucero Minimarket
2026-08-13,ORD-102934,SKU-CLE-0209,17,Delta Construction
13-Aug-26,ORD-102935,SKU-TOO-0125,4,Andean Group Offices
13/08/2026,ORD-102936,SKU-BEA-0094,4,Lucero Minimarket
2026-08-13,ORD-102937,SKU-PET-0155,30,El Tornillo Hardware
2026-08-13,ORD-102937,SKU-PET-0040,3,Delta Construction
13/08/2026,ORD-102937,SKU-OFF-0074,6,San Martin Corner Store
2026-08-13,ORD-102938,SKU-PET-0270,4,Inkafarma Comas Pharmacy
2026-08-13,ORD-102939,SKU-PET-0173,2,Inkafarma Comas Pharmacy
13/08/2026,ORD-102939,SKU-BEA-0126,7,Lucero Minimarket
13/08/2026,ORD-102940, SKU-BEV-0180,16,Delta Construction
13/08/2026,ORD-102940,SKU-FRO-0238,3,Delta Construction
2026-08-13,ORD-102941,SKU-HAR-0093,2,El Tornillo Hardware
13-Aug-26,ORD-102941,SKU-BEA-0144,16,Delta Construction
13-Aug-26,ORD-102942,SKU-GAR-0287,1,Lucero Minimarket
13/08/2026,ORD-102942,SKU-FRO-0213,8,Inkafarma Comas Pharmacy
13/08/2026,ORD-102943,SKU-CLE-0263,6,Inkafarma Comas Pharmacy
13/08/2026,ORD-102943,SKU-FRO-0296,17,Happy Pet Store
13-Aug-26,ORD-102943,SKU-HOM-0015,2,El Tornillo Hardware
13/08/2026,ORD-102944,SKU-HOM-0316,10,Inkafarma Comas Pharmacy
13-Aug-26,ORD-102944,SKU-PET-0227,5,Lince Vet Center
2026-08-13,ORD-102945,SKU-FRO-0272,21,El Tornillo Hardware
2026-08-13,ORD-102945,sku-pet-0227,1,Lince Vet Center
2026-08-13,ORD-102945,SKU-PET-0106,14,San Martin Corner Store
13-Aug-26,ORD-102946,SKU-FRO-0220,4,Delta Construction
13/08/2026,ORD-102946,SKU-BEV-0137,11,Wong North Supermarkets
13/08/2026,ORD-102946,SKU-DAI-0072,13,La Lucha Restaurant
2026-08-13,ORD-102947,SKU-OFF-0140,3,El Tornillo Hardware
13/08/2026,ORD-102947,SKU-BEV-0033,3,La Lucha Restaurant
13/08/2026,ORD-102947,SKU-BEV-0242,17,San Martin Corner Store
13/08/2026,ORD-102948,SKU-HOM-0289,3,Inkafarma Comas Pharmacy
13/08/2026,ORD-102949,SKU-OFF-0283,3,Lucero Minimarket
2026-08-13,ORD-102949,SKU-BEA-0308,11,Lucero Minimarket
2026-08-13,ORD-102950,SKU-OFF-0249,7,Lince Vet Center
13/08/2026,ORD-102951,SKU-BEA-0291,5,Lince Vet Center
13-Aug-26,ORD-102951,SKU-GAR-0113,17,Lucero Minimarket
13-Aug-26,ORD-102952,SKU-BEV-0005,2,Wong North Supermarkets
13/08/2026,ORD-102952,SKU-PET-0173,2,Delta Construction
2026-08-13,ORD-102953,SKU-DAI-0169,13,Delta Construction
2026-08-13,ORD-102954,SKU-CLE-0141,13,Happy Pet Store
13/08/2026,ORD-102954,SKU-BEA-0191,6,La Lucha Restaurant
13/08/2026,ORD-102955,SKU-PET-0087,3,Wong North Supermarkets
13-Aug-26,ORD-102956,SKU-DAI-0184,17,Happy Pet Store
13/08/2026,ORD-102956,SKU-FRO-0278,8,Lince Vet Center
2026-08-13,ORD-102957,SKU-PET-0031,3,El Tornillo Hardware
13-Aug-26,ORD-102958,SKU-FRO-0272,27,Andean Group Offices
13-Aug-26,ORD-102958,SKU-DAI-0070,6,Lucero Minimarket
13-Aug-26,ORD-102959,SKU-OFF-0140,10,Lucero Minimarket
13-Aug-26,ORD-102960,SKU-DAI-0123,8,San Martin Corner Store
13-Aug-26,ORD-102960,SKU-SNA-0188,24,Andean Group Offices
13/08/2026,ORD-102960,SKU-OFF-0043,13,Andean Group Offices
2026-08-13,ORD-102961,SKU-BEV-0202,5,El Tornillo Hardware
13-Aug-26,ORD-102961,SKU-HOM-0289,3,Andean Group Offices
13-Aug-26,ORD-102961,SKU-FRO-0238,2,Wong North Supermarkets
13/08/2026,ORD-102962,SKU-PET-0227,1,Andean Group Offices
13/08/2026,ORD-102963,SKU-FRO-0014,5,Inkafarma Comas Pharmacy
13/08/2026,ORD-102963,SKU-OFF-0259,7,El Tornillo Hardware
2026-08-13,ORD-102964,SKU-OFF-0225,12,El Tornillo Hardware
13/08/2026,ORD-102964,SKU OFF 0140,16,Lucero Minimarket
13/08/2026,ORD-102965,SKU-CLE-0299,7,Andean Group Offices
13/08/2026,ORD-102966,SKU-BEA-0177,1,San Martin Corner Store
2026-08-13,ORD-102966,SKU-FRO-0278,6,Wong North Supermarkets
13-Aug-26,ORD-102966,SKU-PET-0106,5,Happy Pet Store
13-Aug-26,ORD-102967,SKU-TOO-0216,22,Wong North Supermarkets
13-Aug-26,ORD-102968,SKU-BEA-0019,11,Delta Construction
13/08/2026,ORD-102968,SKU-OFF-0259,1,San Martin Corner Store
2026-08-13,ORD-102968,SKU-FRO-0179,9,La Lucha Restaurant
2026-08-13,ORD-102969,SKU-DAI-0003,10,Delta Construction
13-Aug-26,ORD-102970,SKU-TOO-0080,2,Happy Pet Store
2026-08-13,ORD-102970,SKU-HOM-0089,9,Andean Group Offices
2026-08-13,ORD-102971,SKU-SNA-0315,23,Andean Group Offices
13-Aug-26,ORD-102972,SKU-DAI-0003,17,El Tornillo Hardware
13/08/2026,ORD-102972,SKU-TOO-0067,7,San Martin Corner Store
13/08/2026,ORD-102973,SKU-HOM-0089,8,Happy Pet Store
13-Aug-26,ORD-102973,SKU-BEV-0150,7,Delta Construction
2026-08-13,ORD-102974,SKU-BEA-0191,9,Inkafarma Comas Pharmacy
2026-08-13,ORD-102974,SKU-SNA-0244,13,Delta Construction
2026-08-13,ORD-102974,SKU-FRO-0109,1,Inkafarma Comas Pharmacy
13/08/2026,ORD-102975,SKU-PET-0318,18,Happy Pet Store
13/08/2026,ORD-102975,SKU-OFF-0140,7,Andean Group Offices
2026-08-13,ORD-102975,SKU BEA 0119,30,Delta Construction
13/08/2026,ORD-102976,SKU-BEA-0144,11,San Martin Corner Store
2026-08-13,ORD-102977,SKU-DAI-0082,9,Wong North Supermarkets
2026-08-13,ORD-102978,SKU-GAR-0021,6,Delta Construction
13/08/2026,ORD-102979,SKU-OFF-0225,11,El Tornillo Hardware
2026-08-13,ORD-102979,SKU-DAI-0313,21,El Tornillo Hardware
13/08/2026,ORD-102979,SKU-BEA-0019,1,Delta Construction
13-Aug-26,ORD-102981,SKU GAR 0113,5,La Lucha Restaurant
2026-08-13,ORD-102982,SKU-HOM-0289,5,Andean Group Offices
2026-08-13,ORD-102982,SKU-TOO-0080,2,San Martin Corner Store
2026-08-13,ORD-102982,SKU-OFF-0284,23,Lucero Minimarket
13-Aug-26,ORD-102983,SKU-BEA-0126,1,La Lucha Restaurant
2026-08-13,ORD-102984,SKU-BEA-0274,2,Wong North Supermarkets
2026-08-13,ORD-102985,SKU-GAR-0287,4,El Tornillo Hardware
13-Aug-26,ORD-102985,SKU-OFF-0284,4,Lince Vet Center
13/08/2026,ORD-102986,SKU-FRO-0136,1,Happy Pet Store
13-Aug-26,ORD-102986,SKU-CLE-0231,6,Happy Pet Store
13-Aug-26,ORD-102987,SKU-GAR-0021,1,Lince Vet Center
13/08/2026,ORD-102987,SKU-BEA-0291,3,Delta Construction
2026-08-13,ORD-102988,SKU-GAR-0157,26,Andean Group Offices
2026-08-13,ORD-102988,SKU-BEA-0168,9,Lince Vet Center
13/08/2026,ORD-102989,SKU-OFF-0283,16,La Lucha Restaurant
13-Aug-26,ORD-102989,SKU-PET-0146,1,San Martin Corner Store
2026-08-13,ORD-102989,SKU-TOO-0125,7,La Lucha Restaurant
2026-08-13,ORD-102990,sku-fro-0296,5,La Lucha Restaurant
13/08/2026,ORD-102991,SKU-DAI-0082,1,El Tornillo Hardware
2026-08-13,ORD-102991,SKU-FRO-0296,19,Lince Vet Center
13-Aug-26,ORD-102992,SKU-HAR-0266,13,Wong North Supermarkets
13/08/2026,ORD-102992,SKU-FRO-0085,6,La Lucha Restaurant
2026-08-13,ORD-102992,SKU-OFF-0043,2,Lince Vet Center
2026-08-13,ORD-102993,SKU-FRO-0267,11,Lucero Minimarket
2026-08-13,ORD-102993,SKU-CLE-0248,1,Andean Group Offices
13/08/2026,ORD-102993,SKU-BEA-0144,1,Andean Group Offices
2026-08-13,ORD-102994,SKU-FRO-0261,4,El Tornillo Hardware
13-Aug-26,ORD-102994,SKU-BEA-0062,3,Happy Pet Store
13/08/2026,ORD-102994,sku-bev-0058,12,San Martin Corner Store
13-Aug-26,ORD-102995,SKU-OFF-0257,4,Lince Vet Center
13/08/2026,ORD-102996,SKU-FRO-0278,8,Lucero Minimarket
13/08/2026,ORD-102996,SKU-DAI-0303,1,San Martin Corner Store
2026-08-13,ORD-102997,SKU-PET-0270,6,El Tornillo Hardware
13-Aug-26,ORD-102998,SKU-HOM-0112,2,La Lucha Restaurant
13/08/2026,ORD-102999,SKU-BEA-0045,14,El Tornillo Hardware
13-Aug-26,ORD-102999,SKU-TOO-0125,7,Lucero Minimarket
2026-08-13,ORD-102999,SKU-OFF-0007,2,El Tornillo Hardware
2026-08-13,ORD-103000,SKU-BEA-0019,11,La Lucha Restaurant
13-Aug-26,ORD-103001,SKU-DAI-0123,6,San Martin Corner Store
13/08/2026,ORD-103001,SKU-FRO-0213,15,Delta Construction
13/08/2026,ORD-103001,SKU-FRO-0288,2,Lucero Minimarket
13/08/2026,ORD-103002,SKU-PET-0155,25,Happy Pet Store
13/08/2026,ORD-103002, SKU-BEV-0192,13,Lucero Minimarket
2026-08-13,ORD-103002,SKU-CLE-0061,30,San Martin Corner Store
13-Aug-26,ORD-103003,SKU-BEA-0045,8,Lucero Minimarket
13-Aug-26,ORD-103003,SKU-DAI-0123,7,Lince Vet Center
13-Aug-26,ORD-103004,SKU-PET-0099,15,Lucero Minimarket
2026-08-13,ORD-103004,SKU-DAI-0164,4,Wong North Supermarkets
13/08/2026,ORD-103004,SKU-TOO-0069,5,Happy Pet Store
13/08/2026,ORD-103005,SKU-DAI-0313,12,La Lucha Restaurant
13-Aug-26,ORD-103006,SKU-PET-0087,5,San Martin Corner Store
13-Aug-26,ORD-103006,SKU-FRO-0090,26,Delta Construction
13/08/2026,ORD-103007,SKU-OFF-0225,2,Andean Group Offices
13/08/2026,ORD-103007,SKU-HOM-0204,12,El Tornillo Hardware
13-Aug-26,ORD-103008,SKU-BEA-0310,18,El Tornillo Hardware
13-Aug-26,ORD-103009,SKU-OFF-0284,18,Wong North Supermarkets
13-Aug-26,ORD-103009,SKU-HAR-0237,11,El Tornillo Hardware
2026-08-13,ORD-103010,SKU-GAR-0021,1,Lince Vet Center
13-Aug-26,ORD-103010,SKU-BEV-0202,4,Lince Vet Center
13-Aug-26,ORD-103010,SKU-TOO-0279,3,San Martin Corner Store
13/08/2026,ORD-103011,SKU-OFF-0257,4,Andean Group Offices
13/08/2026,ORD-103012,SKU-TOO-0210,1,La Lucha Restaurant
13/08/2026,ORD-103012,SKU-GAR-0039,16,Wong North Supermarkets
13-Aug-26,ORD-103013,SKU-SNA-0244,12,Happy Pet Store
2026-08-13,ORD-103014,SKU-GAR-0157,2,El Tornillo Hardware
13/08/2026,ORD-103014,SKU-PET-0106,2,La Lucha Restaurant
13/08/2026,ORD-103015,SKU-FRO-0220,3,Lince Vet Center
2026-08-13,ORD-103016,SKU-TOO-0067,8,Lucero Minimarket
13/08/2026,ORD-103016,SKU-SNA-0315,25,Andean Group Offices
2026-08-13,ORD-103017,SKU-BEV-0174,2,Happy Pet Store
13/08/2026,ORD-103019,SKU-DAI-0054,2,Wong North Supermarkets
13-Aug-26,ORD-103019,sku-fro-0288,1,San Martin Corner Store
13-Aug-26,ORD-103020,SKU-FRO-0014,11,Happy Pet Store
13-Aug-26,ORD-103020,SKU-BEV-0180,15,Inkafarma Comas Pharmacy
13-Aug-26,ORD-103021,SKU-OFF-0074,3,Delta Construction
13-Aug-26,ORD-103022,SKU-PET-0155,19,La Lucha Restaurant
13-Aug-26,ORD-103023,SKU-OFF-0257,6,Lucero Minimarket
2026-08-13,ORD-103023,SKU-GAR-0157,23,Lince Vet Center
13-Aug-26,ORD-103024,SKU-FRO-0203,30,Andean Group Offices
13-Aug-26,ORD-103024,SKU-FRO-0132,9,La Lucha Restaurant
13-Aug-26,ORD-103024,SKU-FRO-0132,3,San Martin Corner Store
13-Aug-26,ORD-103025,SKU-DAI-0303,2,La Lucha Restaurant
2026-08-13,ORD-103025,SKU-DAI-0184,12,Andean Group Offices
13-Aug-26,ORD-103026,SKU-FRO-0272,17,La Lucha Restaurant
13/08/2026,ORD-103026,SKU-PET-0031,3,Wong North Supermarkets
2026-08-13,ORD-103027,SKU-OFF-0140,1,Inkafarma Comas Pharmacy
2026-08-13,ORD-103027,SKU-DAI-0184,5,El Tornillo Hardware
13-Aug-26,ORD-103028,SKU-SNA-0100,15,El Tornillo Hardware
13-Aug-26,ORD-103029,SKU-BEA-0312,16,San Martin Corner Store
13/08/2026,ORD-103031,SKU-BEV-0180,12,Inkafarma Comas Pharmacy
13-Aug-26,ORD-103031,SKU-HOM-0253,1,Happy Pet Store
13-Aug-26,ORD-103032,SKU-DAI-0303,3,Lucero Minimarket
13/08/2026,ORD-103032,SKU-DAI-0303,2,Delta Construction
13-Aug-26,ORD-103033,SKU-BEV-0174,5,Lince Vet Center
13/08/2026,ORD-103033,SKU-HOM-0253,4,Lince Vet Center
2026-08-13,ORD-103033,SKU-FRO-0090,11,Lucero Minimarket
13-Aug-26,ORD-103034,SKU-GAR-0021,5,La Lucha Restaurant
2026-08-13,ORD-103034,SKU-HOM-0127,16,Lucero Minimarket
2026-08-13,ORD-103035,SKU-DAI-0082,3,Lucero Minimarket
2026-08-13,ORD-103036,SKU-OFF-0257,2,San Martin Corner Store
13-Aug-26,ORD-103038,SKU-HOM-0112,20,Delta Construction
2026-08-13,ORD-103038,SKU-FRO-0261,2,La Lucha Restaurant
2026-08-13,ORD-103039,SKU-DAI-0184,11,El Tornillo Hardware
13/08/2026,ORD-103039,SKU-TOO-0125,11,Delta Construction
13/08/2026,ORD-103039,SKU-GAR-0195,16,La Lucha Restaurant
13-Aug-26,ORD-103040,SKU-BEV-0202,6,Happy Pet Store
2026-08-13,ORD-103040,SKU-PET-0146,14,Andean Group Offices
13/08/2026,ORD-103041,SKU-DAI-0070,7,Andean Group Offices
13/08/2026,ORD-103041,SKU-FRO-0132,24,Lince Vet Center
13-Aug-26,ORD-103042,SKU-CLE-0248,7,San Martin Corner Store
13-Aug-26,ORD-103042,SKU-PET-0173,8,Andean Group Offices
13/08/2026,ORD-103043,SKU-DAI-0313,12,Lince Vet Center
13-Aug-26,ORD-103043,SKU-FRO-0213,8,Lucero Minimarket
13/08/2026,ORD-103044,SKU-DAI-0303,3,Wong North Supermarkets
13/08/2026,ORD-103044,SKU OFF 0249,2,Delta Construction
2026-08-13,ORD-103045,SKU-BEA-0308,5,Wong North Supermarkets
13-Aug-26,ORD-103045,SKU-PET-0227,4,Lince Vet Center
13/08/2026,ORD-103046,SKU-BEA-0191,10,La Lucha Restaurant
2026-08-13,ORD-103046,SKU-PET-0017,6,Wong North Supermarkets
2026-08-13,ORD-103047,SKU-HOM-0015,10,La Lucha Restaurant
13-Aug-26,ORD-103048,SKU-DAI-0072,3,San Martin Corner Store
13-Aug-26,ORD-103049,SKU-OFF-0010,2,Lince Vet Center
13/08/2026,ORD-103050,SKU-BEA-0006,23,Delta Construction
2026-08-13,ORD-103050,SKU-PET-0102,3,Wong North Supermarkets
13/08/2026,ORD-103051,SKU-FRO-0114,11,La Lucha Restaurant
13/08/2026,ORD-103052,SKU-DAI-0169,8,Inkafarma Comas Pharmacy
13/08/2026,ORD-103053,SKU-OFF-0010,3,Inkafarma Comas Pharmacy
13-Aug-26,ORD-103053,SKU-DAI-0070,6,San Martin Corner Store
2026-08-13,ORD-103054,SKU-HOM-0015,12,Andean Group Offices
13-Aug-26,ORD-103055,SKU-FRO-0288,4,Happy Pet Store
2026-08-13,ORD-103055,SKU-FRO-0196,9,Wong North Supermarkets
13/08/2026,ORD-103055,SKU-BEA-0045,13,Andean Group Offices
13/08/2026,ORD-103056,SKU-BEA-0312,18,Wong North Supermarkets
13-Aug-26,ORD-103056,SKU-DAI-0303,4,Lucero Minimarket
13/08/2026,ORD-103057,SKU-OFF-0074,18,La Lucha Restaurant
13-Aug-26,ORD-103057,SKU-DAI-0072,3,Delta Construction
2026-08-13,ORD-103058,SKU-CLE-0061,3,El Tornillo Hardware
13/08/2026,ORD-103058,SKU-PET-0087,5,Delta Construction
13-Aug-26,ORD-103058,SKU-HOM-0112,12,El Tornillo Hardware
2026-08-13,ORD-103059,SKU-BEA-0264,7,Lucero Minimarket
2026-08-13,ORD-103059,SKU TOO 0122,4,El Tornillo Hardware
13-Aug-26,ORD-103059,SKU-DAI-0082,1,Lince Vet Center
2026-08-13,ORD-103060,SKU-DAI-0164,4,La Lucha Restaurant
13/08/2026,ORD-103060,SKU-DAI-0082,2,Wong North Supermarkets
13/08/2026,ORD-103061,SKU-DAI-0184,10,Inkafarma Comas Pharmacy
13/08/2026,ORD-103061,SKU-BEA-0006,11,Andean Group Offices
2026-08-13,ORD-103061,SKU-FRO-0220,3,Lucero Minimarket
13-Aug-26,ORD-103062,SKU-FRO-0272,6,Lince Vet Center
13-Aug-26,ORD-103062,SKU-DAI-0072,9,El Tornillo Hardware
13-Aug-26,ORD-103064,SKU-OFF-0249,5,Lucero Minimarket
13/08/2026,ORD-103064,SKU-GAR-0157,9,San Martin Corner Store
13-Aug-26,ORD-103065,SKU-DAI-0003,15,Andean Group Offices
13/08/2026,ORD-103065,SKU-SNA-0057,5,Andean Group Offices
13-Aug-26,ORD-103065,SKU-FRO-0267,8,El Tornillo Hardware
2026-08-13,ORD-103066,SKU-PET-0173,3,El Tornillo Hardware
13/08/2026,ORD-103066,SKU-HOM-0065,8,El Tornillo Hardware
13-Aug-26,ORD-103066,SKU-SNA-0315,7,Wong North Supermarkets
13/08/2026,ORD-103067,SKU-PET-0017,2,Wong North Supermarkets
13-Aug-26,ORD-103067,SKU-DAI-0184,9,Wong North Supermarkets
13-Aug-26,ORD-103068,SKU-HOM-0286,6,La Lucha Restaurant
2026-08-13,ORD-103068,SKU-DAI-0070,1,Andean Group Offices
13-Aug-26,ORD-103068,SKU-OFF-0283,21,Inkafarma Comas Pharmacy
2026-08-13,ORD-103070,SKU SNA 0292,10,San Martin Corner Store
13-Aug-26,ORD-103070,SKU-SNA-0315,28,Inkafarma Comas Pharmacy
13/08/2026,ORD-103071,SKU-DAI-0164,3,Inkafarma Comas Pharmacy
13/08/2026,ORD-103072,SKU-OFF-0284,2,Andean Group Offices
13-Aug-26,ORD-103072,SKU-HOM-0112,13,Happy Pet Store
13/08/2026,ORD-103072,SKU-BEA-0215,16,La Lucha Restaurant
13-Aug-26,ORD-103073,SKU-PET-0227,1,Lucero Minimarket
2026-08-13,ORD-103073,SKU-BEV-0005,3,Lucero Minimarket
2026-08-13,ORD-103073,SKU-HOM-0289,12,Delta Construction
13-Aug-26,ORD-103074,SKU-SNA-0233,2,San Martin Corner Store
13/08/2026,ORD-103075,SKU-PET-0106,12,Andean Group Offices
13/08/2026,ORD-103075,SKU-PET-0318,6,Lucero Minimarket
13-Aug-26,ORD-103075,SKU-TOO-0056,1,San Martin Corner Store
2026-08-13,ORD-103076,SKU-BEV-0118,5,La Lucha Restaurant
13/08/2026,ORD-103076,SKU-DAI-0082,7,Lucero Minimarket
13-Aug-26,ORD-103076,SKU-DAI-0164,1,El Tornillo Hardware
13-Aug-26,ORD-103077,SKU-DAI-0169,4,La Lucha Restaurant
13-Aug-26,ORD-103078,SKU-FRO-0272,2,La Lucha Restaurant
13/08/2026,ORD-103079,SKU-BEA-0215,4,El Tornillo Hardware
13/08/2026,ORD-103079,SKU-BEV-0311,7,Wong North Supermarkets
13/08/2026,ORD-103080,SKU-HOM-0015,11,Wong North Supermarkets
13/08/2026,ORD-103083,SKU-BEA-0177,6,Wong North Supermarkets
13-Aug-26,ORD-103083,sku-fro-0272,11,Delta Construction
2026-08-13,ORD-103083,SKU-BEA-0193,8,La Lucha Restaurant
13-Aug-26,ORD-103084, SKU-OFF-0225,1,San Martin Corner Store
2026-08-13,ORD-103084,SKU-SNA-0199,15,Lucero Minimarket
2026-08-13,ORD-103084,SKU-FRO-0196,10,San Martin Corner Store
13-Aug-26,ORD-103085,SKU-FRO-0278,6,Andean Group Offices
13-Aug-26,ORD-103085,SKU-BEV-0174,1,El Tornillo Hardware
13/08/2026,ORD-103085,SKU-BEV-0301,8,Lucero Minimarket
2026-08-13,ORD-103086,SKU-BEA-0151,1,Lucero Minimarket
13-Aug-26,ORD-103087,SKU-FRO-0238,5,Lucero Minimarket
2026-08-13,ORD-103087,SKU-FRO-0288,3,Inkafarma Comas Pharmacy
13-Aug-26,ORD-103088,SKU-GAR-0157,23,El Tornillo Hardware
13/08/2026,ORD-103088,SKU-PET-0017,6,Lince Vet Center
13-Aug-26,ORD-103090,SKU-DAI-0072,8,Inkafarma Comas Pharmacy
13-Aug-26,ORD-103090,SKU-DAI-0184,14,Lucero Minimarket
13/08/2026,ORD-103091,SKU-BEA-0034,15,Happy Pet Store
2026-08-13,ORD-103091,SKU-BEA-0191,2,Delta Construction
13/08/2026,ORD-103092,SKU-DAI-0072,15,Delta Construction
13-Aug-26,ORD-103092,SKU-SNA-0223,8,El Tornillo Hardware
13/08/2026,ORD-103093,SKU-SNA-0171,22,Lince Vet Center
13/08/2026,ORD-103093,SKU-SNA-0315,7,Lucero Minimarket
13-Aug-26,ORD-103094,SKU-DAI-0184,4,Lince Vet Center
2026-08-13,ORD-103094,SKU-PET-0087,3,Lince Vet Center
2026-08-13,ORD-103094,SKU-BEV-0174,5,San Martin Corner Store
13/08/2026,ORD-103095,SKU-SNA-0233,1,Lucero Minimarket
13/08/2026,ORD-103096,SKU-SNA-0171,19,Delta Construction
13-Aug-26,ORD-103096,SKU-TOO-0216,14,San Martin Corner Store
13-Aug-26,ORD-103097,SKU-CLE-0248,3,Lucero Minimarket
2026-08-13,ORD-103097,SKU-DAI-0082,5,Delta Construction
13/08/2026,ORD-103097,SKU-HAR-0237,16,Lucero Minimarket
13-Aug-26,ORD-103098,SKU-GAR-0153,13,El Tornillo Hardware
2026-08-13,ORD-103098,SKU-OFF-0225,13,Happy Pet Store
13-Aug-26,ORD-103099,SKU-DAI-0123,5,Andean Group Offices
2026-08-13,ORD-103099,SKU-PET-0102,5,Lucero Minimarket
13-Aug-26,ORD-103099,SKU-FRO-0272,9,Delta Construction
13-Aug-26,ORD-103100,SKU-BEV-0192,4,Lucero Minimarket
13/08/2026,ORD-103100,SKU-FRO-0085,4,El Tornillo Hardware
2026-08-13,ORD-103100,SKU-DAI-0184,3,San Martin Corner Store
13/08/2026,ORD-103101,SKU-TOO-0245,12,Delta Construction
13-Aug-26,ORD-103101,SKU-GAR-0113,7,La Lucha Restaurant
13-Aug-26,ORD-103102,SKU-GAR-0120,11,Lince Vet Center
2026-08-13,ORD-103102,SKU-PET-0227,6,San Martin Corner Store
13-Aug-26,ORD-103102,SKU-FRO-0136,6,San Martin Corner Store
13-Aug-26,ORD-103103,SKU-FRO-0238,5,La Lucha Restaurant
13/08/2026,ORD-103103,SKU-BEV-0137,3,San Martin Corner Store
13-Aug-26,ORD-103104,SKU-SNA-0030,9,Wong North Supermarkets
13/08/2026,ORD-103104,SKU-FRO-0014,10,Lince Vet Center
13/08/2026,ORD-103105,SKU-OFF-0225,9,Happy Pet Store
2026-08-13,ORD-103105,SKU-FRO-0014,9,Lucero Minimarket
13-Aug-26,ORD-103105,SKU-FRO-0196,2,La Lucha Restaurant
2026-08-13,ORD-103106,SKU-TOO-0210,8,Happy Pet Store
2026-08-13,ORD-103106,SKU-DAI-0070,12,El Tornillo Hardware
2026-08-13,ORD-103106,SKU-FRO-0114,15,Lince Vet Center
13-Aug-26,ORD-103107,SKU-BEV-0219,6,San Martin Corner Store
13/08/2026,ORD-103107,SKU-TOO-0067,1,San Martin Corner Store
13/08/2026,ORD-103107,SKU-BEV-0311,11,La Lucha Restaurant
13/08/2026,ORD-103108,SKU-DAI-0164,3,Happy Pet Store
2026-08-13,ORD-103108,SKU-DAI-0169,16,Inkafarma Comas Pharmacy
13/08/2026,ORD-103109,SKU-FRO-0132,18,Happy Pet Store
13-Aug-26,ORD-103109,SKU-BEV-0176,6,Inkafarma Comas Pharmacy
2026-08-13,ORD-103109,SKU-FRO-0238,4,Delta Construction
2026-08-13,ORD-103110,SKU-FRO-0238,12,Wong North Supermarkets
2026-08-13,ORD-103111,SKU-PET-0318,8,La Lucha Restaurant
13/08/2026,ORD-103112,SKU-HOM-0289,11,El Tornillo Hardware
13-Aug-26,ORD-103112, SKU-TOO-0125,10,Happy Pet Store
2026-08-13,ORD-103113,SKU-BEA-0142,4,Wong North Supermarkets
13-Aug-26,ORD-103113,SKU-FRO-0090,27,Delta Construction
13-Aug-26,ORD-103113,SKU-CLE-0041,5,Inkafarma Comas Pharmacy
13-Aug-26,ORD-103114,SKU-BEA-0291,10,Lince Vet Center
13-Aug-26,ORD-103114,SKU-DAI-0070,12,El Tornillo Hardware
2026-08-13,ORD-103115,SKU-FRO-0196,1,Lucero Minimarket
13-Aug-26,ORD-103115,sku-dai-0072,3,Delta Construction
13-Aug-26,ORD-103116,SKU-PET-0318,9,La Lucha Restaurant
2026-08-13,ORD-103116,SKU-SNA-0097,8,Andean Group Offices
2026-08-13,ORD-103117,SKU-OFF-0225,13,Inkafarma Comas Pharmacy
2026-08-13,ORD-103118,SKU-HAR-0254,15,Wong North Supermarkets
13-Aug-26,ORD-103119,SKU-TOO-0216,3,La Lucha Restaurant
13-Aug-26,ORD-103119,SKU-TOO-0069,2,San Martin Corner Store
13/08/2026,ORD-103120,SKU-DAI-0082,7,Lucero Minimarket
13/08/2026,ORD-103120,SKU-GAR-0153,2,San Martin Corner Store
13/08/2026,ORD-103121,SKU-CLE-0139,10,Andean Group Offices
13/08/2026,ORD-103121,SKU-HOM-0112,13,Wong North Supermarkets
13/08/2026,ORD-103121,SKU-TOO-0295,7,Inkafarma Comas Pharmacy
13/08/2026,ORD-103123,SKU-FRO-0132,5,San Martin Corner Store
2026-08-13,ORD-103123,SKU-OFF-0249,1,Wong North Supermarkets
13-Aug-26,ORD-103123,SKU-FRO-0238,14,Lince Vet Center
13/08/2026,ORD-103124,SKU-FRO-0014,2,Inkafarma Comas Pharmacy
13-Aug-26,ORD-103124,SKU-SNA-0292,6,Inkafarma Comas Pharmacy
13/08/2026,ORD-103125,SKU-GAR-0287,5,San Martin Corner Store
13/08/2026,ORD-103126,SKU-BEV-0174,6,La Lucha Restaurant
13/08/2026,ORD-103126,SKU-OFF-0140,4,El Tornillo Hardware
13-Aug-26,ORD-103127,SKU-SNA-0223,10,Andean Group Offices
13-Aug-26,ORD-103128,SKU-TOO-0056,1,Andean Group Offices
13/08/2026,ORD-103129,SKU-PET-0227,4,Lucero Minimarket
13-Aug-26,ORD-103129,SKU-DAI-0003,6,Lince Vet Center
13/08/2026,ORD-103130,SKU PET 0017,5,San Martin Corner Store
14-Aug-26,ORD-103131,SKU-PET-0031,5,El Tornillo Hardware
14-Aug-26,ORD-103132,SKU-DAI-0169,5,Andean Group Offices
14-Aug-26,ORD-103132,SKU-DAI-0169,13,Happy Pet Store
14/08/2026,ORD-103132,SKU-OFF-0228,2,La Lucha Restaurant
14/08/2026,ORD-103133,SKU-DAI-0082,1,Lince Vet Center
14-Aug-26,ORD-103133,SKU-CLE-0028,17,Andean Group Offices
2026-08-14,ORD-103134,SKU-FRO-0090,23,Lince Vet Center
2026-08-14,ORD-103134,SKU-DAI-0184,16,Inkafarma Comas Pharmacy
14-Aug-26,ORD-103135,SKU-TOO-0080,5,El Tornillo Hardware
14/08/2026,ORD-103135,SKU-BEV-0084,7,Happy Pet Store
14/08/2026,ORD-103135,SKU BEA 0034,23,Wong North Supermarkets
14-Aug-26,ORD-103136,SKU-FRO-0213,4,Lucero Minimarket
14-Aug-26,ORD-103136,SKU-DAI-0164,6,Wong North Supermarkets
2026-08-14,ORD-103138,SKU-PET-0099,20,El Tornillo Hardware
2026-08-14,ORD-103138,SKU-TOO-0154,12,Wong North Supermarkets
14/08/2026,ORD-103139,SKU-DAI-0082,2,Delta Construction
2026-08-14,ORD-103139,SKU DAI 0164,2,Delta Construction
14-Aug-26,ORD-103139,SKU-DAI-0054,8,Delta Construction
14/08/2026,ORD-103140,SKU-OFF-0257,9,Lince Vet Center
2026-08-14,ORD-103140,SKU-SNA-0199,13,Andean Group Offices
2026-08-14,ORD-103141,SKU-DAI-0070,7,La Lucha Restaurant
14/08/2026,ORD-103141,SKU-DAI-0164,1,San Martin Corner Store
2026-08-14,ORD-103142,SKU-HOM-0289,11,Happy Pet Store
14/08/2026,ORD-103142,SKU-BEA-0291,2,Delta Construction
14-Aug-26,ORD-103142,SKU-HOM-0208,12,Lince Vet Center
2026-08-14,ORD-103143,SKU-OFF-0140,6,Delta Construction
14-Aug-26,ORD-103144,SKU-DAI-0123,6,La Lucha Restaurant
2026-08-14,ORD-103144,SKU-BEV-0162,6,La Lucha Restaurant
2026-08-14,ORD-103145,SKU-DAI-0123,3,San Martin Corner Store
14/08/2026,ORD-103145,SKU-HAR-0266,3,El Tornillo Hardware
14-Aug-26,ORD-103146,SKU-HOM-0015,15,Lucero Minimarket
14/08/2026,ORD-103147,SKU SNA 0319,10,El Tornillo Hardware
14/08/2026,ORD-103148,SKU-BEA-0126,9,San Martin Corner Store
14-Aug-26,ORD-103149,SKU-BEV-0202,6,Happy Pet Store
14-Aug-26,ORD-103149,SKU-PET-0040,20,Happy Pet Store
14-Aug-26,ORD-103150,SKU-BEA-0291,5,Happy Pet Store
2026-08-14,ORD-103151,SKU-CLE-0282,9,Delta Construction
14/08/2026,ORD-103151,SKU-HOM-0112,9,La Lucha Restaurant
14-Aug-26,ORD-103152,SKU-DAI-0070,2,Lucero Minimarket
2026-08-14,ORD-103153,SKU-HAR-0254,9,Lucero Minimarket
2026-08-14,ORD-103153,SKU-BEA-0163,5,La Lucha Restaurant
14/08/2026,ORD-103154,SKU-DAI-0313,24,Andean Group Offices
14-Aug-26,ORD-103154,SKU-TOO-0216,19,Happy Pet Store
2026-08-14,ORD-103154,SKU-CLE-0061,30,Lince Vet Center
2026-08-14,ORD-103155,SKU-FRO-0296,19,El Tornillo Hardware
2026-08-14,ORD-103155,SKU-BEV-0219,4,Lince Vet Center
2026-08-14,ORD-103156,SKU-HOM-0316,9,Andean Group Offices
14/08/2026,ORD-103156,SKU-GAR-0111,13,La Lucha Restaurant
14/08/2026,ORD-103156,SKU-DAI-0123,5,Delta Construction
14/08/2026,ORD-103157,SKU-SNA-0171,17,Happy Pet Store
2026-08-14,ORD-103157,SKU-SNA-0315,25,Inkafarma Comas Pharmacy
2026-08-14,ORD-103157,SKU-DAI-0070,8,Happy Pet Store
14/08/2026,ORD-103159,SKU-DAI-0123,2,Delta Construction
14-Aug-26,ORD-103160,SKU-DAI-0303,2,Inkafarma Comas Pharmacy
2026-08-14,ORD-103161,SKU-HOM-0112,14,Inkafarma Comas Pharmacy
2026-08-14,ORD-103161,SKU-HOM-0286,2,La Lucha Restaurant
14/08/2026,ORD-103162,SKU-CLE-0108,9,Lince Vet Center
14-Aug-26,ORD-103162,SKU-BEV-0180,3,Lince Vet Center
2026-08-14,ORD-103162,SKU-FRO-0238,10,El Tornillo Hardware
14/08/2026,ORD-103163,SKU-BEA-0191,7,Andean Group Offices
2026-08-14,ORD-103163,SKU-DAI-0303,1,Wong North Supermarkets
2026-08-14,ORD-103164,SKU-BEV-0037,2,Happy Pet Store
14/08/2026,ORD-103164,SKU-TOO-0279,10,La Lucha Restaurant
14-Aug-26,ORD-103165,SKU-SNA-0292,9,Delta Construction
14/08/2026,ORD-103165,SKU-BEV-0180,1,Happy Pet Store
2026-08-14,ORD-103167,SKU-OFF-0225,3,San Martin Corner Store
14-Aug-26,ORD-103167,SKU-PET-0087,1,Happy Pet Store
14-Aug-26,ORD-103168,SKU-TOO-0221,6,San Martin Corner Store
14-Aug-26,ORD-103168,SKU-CLE-0248,3,Inkafarma Comas Pharmacy
14-Aug-26,ORD-103169,SKU-PET-0087,4,Andean Group Offices
2026-08-14,ORD-103169,SKU-BEV-0174,2,Happy Pet Store
14/08/2026,ORD-103170,SKU-DAI-0184,5,Inkafarma Comas Pharmacy
14-Aug-26,ORD-103171,SKU-DAI-0169,16,San Martin Corner Store
14/08/2026,ORD-103171,SKU-BEA-0045,5,Lucero Minimarket
14/08/2026,ORD-103171,SKU-HOM-0166,17,Andean Group Offices
14-Aug-26,ORD-103172,SKU-DAI-0082,3,Lucero Minimarket
14/08/2026,ORD-103172,SKU-HOM-0065,11,Inkafarma Comas Pharmacy
2026-08-14,ORD-103172,SKU-BEA-0215,7,Lince Vet Center
14/08/2026,ORD-103173,SKU-FRO-0114,5,Happy Pet Store
14-Aug-26,ORD-103173,SKU-CLE-0276,9,Andean Group Offices
2026-08-14,ORD-103173,SKU-DAI-0070,12,Wong North Supermarkets
14/08/2026,ORD-103174,SKU-FRO-0288,2,Inkafarma Comas Pharmacy
2026-08-14,ORD-103175,SKU-BEA-0062,9,La Lucha Restaurant
14-Aug-26,ORD-103176,sku-bev-0033,2,La Lucha Restaurant
14/08/2026,ORD-103176,SKU-DAI-0313,17,El Tornillo Hardware
14-Aug-26,ORD-103177,SKU-HOM-0166,8,El Tornillo Hardware
14-Aug-26,ORD-103178,SKU-HOM-0262,11,Delta Construction
2026-08-14,ORD-103178,SKU-FRO-0109,5,El Tornillo Hardware
14/08/2026,ORD-103179,SKU-BEV-0118,5,Delta Construction
14/08/2026,ORD-103180,SKU-SNA-0171,7,El Tornillo Hardware
14/08/2026,ORD-103180,SKU-FRO-0114,3,Inkafarma Comas Pharmacy
14/08/2026,ORD-103181,SKU-HOM-0262,12,La Lucha Restaurant
14/08/2026,ORD-103182,SKU-BEV-0005,1,Delta Construction
14/08/2026,ORD-103183,SKU-OFF-0074,20,Inkafarma Comas Pharmacy
14-Aug-26,ORD-103183,SKU-DAI-0070,5,San Martin Corner Store
14/08/2026,ORD-103183,SKU-FRO-0261,1,Inkafarma Comas Pharmacy
14-Aug-26,ORD-103184,SKU-DAI-0184,7,Andean Group Offices
14-Aug-26,ORD-103185,SKU-BEV-0202,3,La Lucha Restaurant
2026-08-14,ORD-103185,SKU-OFF-0257,3,El Tornillo Hardware
2026-08-14,ORD-103185,SKU-DAI-0303,4,La Lucha Restaurant
14-Aug-26,ORD-103186,SKU-SNA-0097,8,Inkafarma Comas Pharmacy
14/08/2026,ORD-103186,SKU-SNA-0188,17,Lince Vet Center
14/08/2026,ORD-103187,SKU-DAI-0184,6,Inkafarma Comas Pharmacy
14-Aug-26,ORD-103187,SKU-FRO-0114,6,Happy Pet Store
2026-08-14,ORD-103188,SKU-FRO-0014,9,Lince Vet Center
14/08/2026,ORD-103188,SKU-BEV-0180,11,San Martin Corner Store
14/08/2026,ORD-103188,SKU-FRO-0278,6,Andean Group Offices
14-Aug-26,ORD-103189,SKU-OFF-0228,23,Andean Group Offices
14/08/2026,ORD-103189,SKU-PET-0270,9,Lucero Minimarket
2026-08-14,ORD-103190,SKU-DAI-0082,2,Lucero Minimarket
14/08/2026,ORD-103190,SKU-DAI-0184,17,Andean Group Offices
14-Aug-26,ORD-103190,SKU-OFF-0257,4,El Tornillo Hardware
14/08/2026,ORD-103191,SKU-BEA-0062,10,Lucero Minimarket
2026-08-14,ORD-103192,SKU-FRO-0213,8,Andean Group Offices
2026-08-14,ORD-103193,SKU-HAR-0237,16,Happy Pet Store
2026-08-14,ORD-103194,SKU-BEV-0037,2,Lucero Minimarket
14-Aug-26,ORD-103195,SKU-TOO-0122,7,San Martin Corner Store
2026-08-14,ORD-103196,SKU-OFF-0236,9,San Martin Corner Store
14/08/2026,ORD-103197,SKU-BEV-0176,9,Wong North Supermarkets
2026-08-14,ORD-103197,SKU-FRO-0136,5,Wong North Supermarkets
14/08/2026,ORD-103198,SKU-PET-0155,27,Delta Construction
14/08/2026,ORD-103198,SKU-HOM-0166,1,Delta Construction
14/08/2026,ORD-103199,SKU-PET-0227,1,Andean Group Offices
14/08/2026,ORD-103199,SKU-PET-0270,7,La Lucha Restaurant
2026-08-14,ORD-103200,SKU-FRO-0267,7,Lince Vet Center
2026-08-14,ORD-103200,SKU-BEA-0142,8,Andean Group Offices
2026-08-14,ORD-103201,SKU-FRO-0114,13,San Martin Corner Store
14/08/2026,ORD-103201,SKU-DAI-0072,5,Wong North Supermarkets
14/08/2026,ORD-103202,SKU BEV 0118,4,Lucero Minimarket
14-Aug-26,ORD-103202,SKU-HOM-0127,5,Lucero Minimarket
14-Aug-26,ORD-103202,SKU-SNA-0319,9,San Martin Corner Store
2026-08-14,ORD-103203,SKU-HOM-0289,2,La Lucha Restaurant
2026-08-14,ORD-103203,SKU-DAI-0313,2,San Martin Corner Store
14-Aug-26,ORD-103203,SKU-HOM-0204,3,Inkafarma Comas Pharmacy
14-Aug-26,ORD-103204,SKU-SNA-0051,2,La Lucha Restaurant
14/08/2026,ORD-103204,SKU-HOM-0089,9,Lucero Minimarket
14-Aug-26,ORD-103204,SKU-BEA-0034,24,San Martin Corner Store
14-Aug-26,ORD-103205,SKU-SNA-0223,10,Wong North Supermarkets
14-Aug-26,ORD-103206,SKU-FRO-0196,14,Wong North Supermarkets
14-Aug-26,ORD-103206,SKU-FRO-0090,20,Inkafarma Comas Pharmacy
2026-08-14,ORD-103207,SKU-BEA-0062,5,El Tornillo Hardware
14/08/2026,ORD-103207,SKU-BEV-0202,6,Delta Construction
2026-08-14,ORD-103207,SKU-GAR-0111,2,Delta Construction
14-Aug-26,ORD-103208,SKU-BEV-0037,2,Happy Pet Store
2026-08-14,ORD-103208,SKU-PET-0304,10,San Martin Corner Store
14-Aug-26,ORD-103209,SKU-OFF-0010,2,La Lucha Restaurant
14-Aug-26,ORD-103209, SKU-FRO-0196,13,Inkafarma Comas Pharmacy
2026-08-14,ORD-103210,SKU-PET-0099,7,La Lucha Restaurant
2026-08-14,ORD-103210,SKU-DAI-0123,3,Inkafarma Comas Pharmacy
2026-08-14,ORD-103212,SKU-OFF-0225,3,Happy Pet Store
14/08/2026,ORD-103212,SKU-DAI-0123,6,Delta Construction
2026-08-14,ORD-103212,SKU-HAR-0237,11,Happy Pet Store
14-Aug-26,ORD-103213, SKU-FRO-0278,5,Lince Vet Center
2026-08-14,ORD-103213,SKU-FRO-0296,1,El Tornillo Hardware
2026-08-14,ORD-103213,SKU-CLE-0041,15,San Martin Corner Store
14/08/2026,ORD-103214,SKU-TOO-0080,1,Happy Pet Store
2026-08-14,ORD-103215,SKU-BEV-0202,6,El Tornillo Hardware
2026-08-14,ORD-103215,SKU DAI 0070,3,Lucero Minimarket
14-Aug-26,ORD-103216,SKU-BEA-0144,11,El Tornillo Hardware
2026-08-14,ORD-103217,SKU-CLE-0240,2,San Martin Corner Store
14/08/2026,ORD-103218,SKU-OFF-0228,21,El Tornillo Hardware
14-Aug-26,ORD-103219,SKU-FRO-0179,5,Inkafarma Comas Pharmacy
2026-08-14,ORD-103219,SKU-OFF-0225,6,San Martin Corner Store
2026-08-14,ORD-103219,SKU-HOM-0204,1,Lucero Minimarket
14/08/2026,ORD-103220,SKU-TOO-0067,5,Lince Vet Center
2026-08-14,ORD-103220,SKU-BEV-0301,4,Lince Vet Center
2026-08-14,ORD-103221,sku-hom-0204,3,Happy Pet Store
14-Aug-26,ORD-103221,SKU BEA 0062,4,Andean Group Offices
14/08/2026,ORD-103222,SKU-DAI-0082,6,Happy Pet Store
2026-08-14,ORD-103222,SKU-BEV-0219,7,Happy Pet Store
14/08/2026,ORD-103222,SKU-FRO-0261,3,El Tornillo Hardware
2026-08-14,ORD-103223,SKU-SNA-0315,18,Inkafarma Comas Pharmacy
2026-08-14,ORD-103223,SKU-SNA-0223,14,Inkafarma Comas Pharmacy
14-Aug-26,ORD-103224,SKU-BEA-0138,4,Andean Group Offices
2026-08-14,ORD-103224,SKU-FRO-0114,20,San Martin Corner Store
14-Aug-26,ORD-103224,SKU-DAI-0082,10,Andean Group Offices
14/08/2026,ORD-103225,SKU-DAI-0164,2,Delta Construction
2026-08-14,ORD-103225,SKU-DAI-0164,2,Inkafarma Comas Pharmacy
14/08/2026,ORD-103227,SKU-DAI-0164,1,Inkafarma Comas Pharmacy
14/08/2026,ORD-103228,SKU-FRO-0114,1,El Tornillo Hardware
14/08/2026,ORD-103229,SKU-GAR-0157,25,Inkafarma Comas Pharmacy
14-Aug-26,ORD-103229,SKU-GAR-0113,22,Delta Construction
14/08/2026,ORD-103229,SKU-FRO-0278,2,Delta Construction
2026-08-14,ORD-103230,SKU-DAI-0303,4,Inkafarma Comas Pharmacy
14-Aug-26,ORD-103231,SKU-SNA-0100,3,Delta Construction
14/08/2026,ORD-103232,SKU-PET-0017,6,Lince Vet Center
2026-08-14,ORD-103232,SKU-FRO-0109,2,Delta Construction
2026-08-14,ORD-103233,SKU-DAI-0184,7,Inkafarma Comas Pharmacy
14/08/2026,ORD-103233,SKU-FRO-0085,3,San Martin Corner Store
14/08/2026,ORD-103234,SKU-DAI-0072,2,Andean Group Offices
2026-08-14,ORD-103234,SKU-CLE-0018,17,La Lucha Restaurant
14-Aug-26,ORD-103235,SKU-GAR-0113,24,Inkafarma Comas Pharmacy
2026-08-14,ORD-103235,SKU-DAI-0313,11,Andean Group Offices
14/08/2026,ORD-103236,SKU-HOM-0020,2,Happy Pet Store
14-Aug-26,ORD-103237,SKU-CLE-0141,12,Andean Group Offices
14-Aug-26,ORD-103237,SKU-OFF-0284,18,Lince Vet Center
14-Aug-26,ORD-103238,SKU-FRO-0278,12,La Lucha Restaurant
14/08/2026,ORD-103238,SKU-BEA-0034,21,El Tornillo Hardware
2026-08-14,ORD-103239,SKU-HOM-0089,10,Andean Group Offices
2026-08-14,ORD-103239,SKU-OFF-0043,12,Andean Group Offices
14-Aug-26,ORD-103240,sku-dai-0313,2,El Tornillo Hardware
14-Aug-26,ORD-103241,SKU-FRO-0109,5,Inkafarma Comas Pharmacy
14-Aug-26,ORD-103241,SKU-CLE-0282,9,Andean Group Offices
14-Aug-26,ORD-103242,SKU-GAR-0078,7,Andean Group Offices
2026-08-14,ORD-103243,SKU-BEA-0312,10,Wong North Supermarkets
2026-08-14,ORD-103244,SKU-DAI-0070,12,Wong North Supermarkets
2026-08-14,ORD-103244,SKU-DAI-0054,9,San Martin Corner Store
14-Aug-26,ORD-103244,SKU-SNA-0298,11,Andean Group Offices
2026-08-14,ORD-103245,SKU-DAI-0070,5,El Tornillo Hardware
14-Aug-26,ORD-103245,SKU-BEA-0177,1,El Tornillo Hardware
2026-08-14,ORD-103246,SKU-HOM-0020,1,La Lucha Restaurant
14/08/2026,ORD-103246,SKU-CLE-0061,17,Delta Construction
14/08/2026,ORD-103247,SKU-GAR-0021,6,La Lucha Restaurant
14-Aug-26,ORD-103247,SKU-FRO-0136,4,Andean Group Offices
14-Aug-26,ORD-103248,SKU-BEV-0084,11,Lucero Minimarket
14-Aug-26,ORD-103248,SKU-DAI-0072,11,Happy Pet Store
14/08/2026,ORD-103248,SKU-CLE-0240,5,La Lucha Restaurant
14/08/2026,ORD-103249,SKU-BEA-0045,11,Delta Construction
14-Aug-26,ORD-103249,SKU-FRO-0090,4,Happy Pet Store
14/08/2026,ORD-103249,SKU-OFF-0284,17,El Tornillo Hardware
2026-08-14,ORD-103250,SKU-FRO-0261,1,La Lucha Restaurant
14/08/2026,ORD-103250,SKU-OFF-0284,9,Lince Vet Center
14-Aug-26,ORD-103250,SKU-FRO-0203,11,Lucero Minimarket
14-Aug-26,ORD-103251,SKU-DAI-0123,2,Lince Vet Center
14-Aug-26,ORD-103251,SKU-OFF-0236,11,Lucero Minimarket
14/08/2026,ORD-103252,SKU-DAI-0313,5,Andean Group Offices
2026-08-14,ORD-103252,SKU-DAI-0164,6,Wong North Supermarkets
2026-08-14,ORD-103253,SKU-PET-0102,1,Wong North Supermarkets
14/08/2026,ORD-103253,SKU-CLE-0282,12,El Tornillo Hardware
2026-08-14,ORD-103253,SKU-OFF-0283,19,Inkafarma Comas Pharmacy
2026-08-14,ORD-103254,SKU-BEA-0151,8,La Lucha Restaurant
14-Aug-26,ORD-103254,SKU-CLE-0248,5,La Lucha Restaurant
2026-08-14,ORD-103255,SKU-TOO-0154,3,San Martin Corner Store
14-Aug-26,ORD-103256,SKU-DAI-0164,5,Inkafarma Comas Pharmacy
14-Aug-26,ORD-103257,SKU-BEA-0274,4,Lucero Minimarket
14-Aug-26,ORD-103258,SKU-GAR-0111,2,San Martin Corner Store
14-Aug-26,ORD-103258,SKU-BEA-0144,4,Wong North Supermarkets
14-Aug-26,ORD-103259,SKU-GAR-0039,12,Inkafarma Comas Pharmacy
14-Aug-26,ORD-103259,SKU-DAI-0003,3,Lucero Minimarket
2026-08-14,ORD-103260,SKU-TOO-0295,16,El Tornillo Hardware
2026-08-14,ORD-103261,SKU-HOM-0316,1,Happy Pet Store
14-Aug-26,ORD-103261,SKU-SNA-0223,5,Wong North Supermarkets
14/08/2026,ORD-103262,SKU-OFF-0283,16,San Martin Corner Store
14/08/2026,ORD-103263,SKU-FRO-0213,16,San Martin Corner Store
14/08/2026,ORD-103264,SKU-BEA-0151,4,Inkafarma Comas Pharmacy
14/08/2026,ORD-103264,SKU-CLE-0282,1,La Lucha Restaurant
2026-08-14,ORD-103264,SKU-HOM-0015,21,Lucero Minimarket
14-Aug-26,ORD-103265,SKU-DAI-0054,3,Lince Vet Center
2026-08-14,ORD-103265,SKU-DAI-0003,9,Lucero Minimarket
2026-08-14,ORD-103266,SKU-DAI-0169,6,Delta Construction
2026-08-14,ORD-103266,SKU-FRO-0238,2,Happy Pet Store
14-Aug-26,ORD-103267,SKU-HOM-0204,3,La Lucha Restaurant
14-Aug-26,ORD-103268,SKU-BEA-0291,1,Inkafarma Comas Pharmacy
14-Aug-26,ORD-103268,SKU-HAR-0254,6,Wong North Supermarkets
2026-08-14,ORD-103269,SKU-GAR-0111,17,Andean Group Offices
14-Aug-26,ORD-103269,SKU-BEA-0126,5,Andean Group Offices
14/08/2026,ORD-103270,SKU-TOO-0080,6,Lucero Minimarket
2026-08-14,ORD-103270,SKU-TOO-0026,7,Happy Pet Store
2026-08-14,ORD-103271,SKU-GAR-0153,18,Inkafarma Comas Pharmacy
14/08/2026,ORD-103271, SKU-PET-0106,10,Inkafarma Comas Pharmacy
2026-08-14,ORD-103273,SKU-TOO-0026,9,El Tornillo Hardware
14-Aug-26,ORD-103273,SKU-DAI-0070,9,Lince Vet Center
14-Aug-26,ORD-103273,SKU-FRO-0213,15,El Tornillo Hardware
14-Aug-26,ORD-103275,SKU FRO 0014,10,Lince Vet Center
2026-08-14,ORD-103276,SKU-GAR-0047,2,Lince Vet Center
14/08/2026,ORD-103276,SKU-TOO-0279,1,Andean Group Offices
2026-08-14,ORD-103277,SKU-FRO-0136,8,Lucero Minimarket
14-Aug-26,ORD-103277,SKU-BEV-0174,3,La Lucha Restaurant
14-Aug-26,ORD-103278,SKU-DAI-0054,6,San Martin Corner Store
2026-08-14,ORD-103278,SKU-HOM-0015,11,Happy Pet Store
14-Aug-26,ORD-103279,SKU-BEA-0215,11,Happy Pet Store
14-Aug-26,ORD-103280,SKU-GAR-0021,5,El Tornillo Hardware
2026-08-14,ORD-103281,SKU-HOM-0316,9,Lucero Minimarket
14-Aug-26,ORD-103281,SKU-SNA-0223,6,Lince Vet Center
14-Aug-26,ORD-103282,SKU-DAI-0070,1,Delta Construction
14/08/2026,ORD-103284,SKU-DAI-0303,4,Lucero Minimarket
14/08/2026,ORD-103284,SKU-BEA-0312,18,San Martin Corner Store
14/08/2026,ORD-103284,SKU-BEA-0177,5,Lucero Minimarket
14-Aug-26,ORD-103285,SKU-OFF-0225,13,Inkafarma Comas Pharmacy
2026-08-14,ORD-103285,SKU DAI 0169,4,La Lucha Restaurant
2026-08-14,ORD-103285,SKU-TOO-0069,1,Wong North Supermarkets
14/08/2026,ORD-103286,SKU-PET-0160,6,Delta Construction
2026-08-14,ORD-103286,SKU-GAR-0078,7,Andean Group Offices
2026-08-14,ORD-103287,SKU-FRO-0278,4,Delta Construction
14/08/2026,ORD-103287,SKU-CLE-0248,8,La Lucha Restaurant
14/08/2026,ORD-103287,SKU-BEA-0094,7,Lucero Minimarket
14/08/2026,ORD-103288,SKU-BEA-0151,4,San Martin Corner Store
14-Aug-26,ORD-103289,SKU-PET-0318,7,La Lucha Restaurant
14/08/2026,ORD-103290,SKU-HOM-0013,9,Lince Vet Center
2026-08-14,ORD-103291,SKU-CLE-0209,13,La Lucha Restaurant
2026-08-14,ORD-103292,SKU-DAI-0054,4,Happy Pet Store
14/08/2026,ORD-103293,SKU-FRO-0179,9,Lince Vet Center
2026-08-14,ORD-103294,SKU-SNA-0097,10,El Tornillo Hardware
14-Aug-26,ORD-103294,SKU-OFF-0010,4,Lince Vet Center
14/08/2026,ORD-103295,SKU-CLE-0240,3,El Tornillo Hardware
2026-08-14,ORD-103296,SKU-TOO-0056,1,Happy Pet Store
2026-08-14,ORD-103296,SKU-BEA-0144,3,La Lucha Restaurant
14-Aug-26,ORD-103296,SKU-OFF-0249,4,Lucero Minimarket
14-Aug-26,ORD-103297,SKU-BEA-0045,17,Inkafarma Comas Pharmacy
14/08/2026,ORD-103297,SKU-PET-0102,7,El Tornillo Hardware
14/08/2026,ORD-103298,SKU-PET-0270,1,Inkafarma Comas Pharmacy
14-Aug-26,ORD-103298,SKU-OFF-0284,19,Inkafarma Comas Pharmacy
14-Aug-26,ORD-103298,SKU-FRO-0090,16,La Lucha Restaurant
14-Aug-26,ORD-103299,SKU-BEV-0301,7,El Tornillo Hardware
2026-08-14,ORD-103299,SKU BEV 0273,5,Wong North Supermarkets
2026-08-14,ORD-103299,SKU-DAI-0169,8,La Lucha Restaurant
14/08/2026,ORD-103300,SKU-DAI-0169,6,Happy Pet Store
14-Aug-26,ORD-103302,SKU-SNA-0097,11,El Tornillo Hardware
14/08/2026,ORD-103302,SKU-BEA-0119,12,Lucero Minimarket
14/08/2026,ORD-103302,SKU-PET-0318,13,Andean Group Offices
2026-08-14,ORD-103303,SKU-DAI-0313,11,La Lucha Restaurant
2026-08-14,ORD-103303,SKU-OFF-0259,8,Inkafarma Comas Pharmacy
14/08/2026,ORD-103304,SKU-OFF-0284,15,Lince Vet Center
14-Aug-26,ORD-103304,SKU-BEA-0019,8,Andean Group Offices
14-Aug-26,ORD-103304,SKU-OFF-0043,5,Wong North Supermarkets
14-Aug-26,ORD-103305, SKU-PET-0099,24,Inkafarma Comas Pharmacy
2026-08-14,ORD-103306,SKU-FRO-0132,11,La Lucha Restaurant
2026-08-14,ORD-103306,SKU-OFF-0074,20,Lucero Minimarket
14/08/2026,ORD-103307,SKU-FRO-0288,3,Inkafarma Comas Pharmacy
14/08/2026,ORD-103307,SKU-SNA-0199,18,La Lucha Restaurant
14/08/2026,ORD-103308,SKU-SNA-0315,5,El Tornillo Hardware
2026-08-14,ORD-103308,SKU-FRO-0196,7,La Lucha Restaurant
14/08/2026,ORD-103309,SKU-OFF-0257,10,El Tornillo Hardware
14-Aug-26,ORD-103309,SKU-HAR-0309,2,Lucero Minimarket
2026-08-14,ORD-103310,SKU-GAR-0113,21,Delta Construction
14/08/2026,ORD-103310,SKU-OFF-0140,12,La Lucha Restaurant
2026-08-14,ORD-103310,SKU-DAI-0003,8,Lucero Minimarket
14-Aug-26,ORD-103311,SKU-OFF-0074,20,Happy Pet Store
14/08/2026,ORD-103311,SKU-PET-0146,5,Lince Vet Center
2026-08-14,ORD-103311,SKU-BEV-0037,12,Lince Vet Center
14-Aug-26,ORD-103312,SKU OFF 0228,15,El Tornillo Hardware
2026-08-14,ORD-103312,SKU-PET-0155,17,Lucero Minimarket
14/08/2026,ORD-103312,SKU-FRO-0272,14,Andean Group Offices
2026-08-14,ORD-103313,SKU-PET-0087,4,Andean Group Offices
14/08/2026,ORD-103313,SKU-HOM-0286,4,La Lucha Restaurant
14/08/2026,ORD-103314,SKU-CLE-0061,13,Andean Group Offices
14/08/2026,ORD-103314,SKU-FRO-0085,15,El Tornillo Hardware
2026-08-14,ORD-103314,SKU-SNA-0244,27,La Lucha Restaurant
2026-08-14,ORD-103315,SKU PET 0087,2,Inkafarma Comas Pharmacy
14/08/2026,ORD-103316,SKU-DAI-0003,1,Wong North Supermarkets
2026-08-14,ORD-103317,SKU-FRO-0238,14,El Tornillo Hardware
14/08/2026,ORD-103317,SKU-DAI-0070,1,Andean Group Offices
14-Aug-26,ORD-103318,SKU-DAI-0169,11,El Tornillo Hardware
2026-08-14,ORD-103319,SKU-PET-0318,20,Delta Construction
14-Aug-26,ORD-103319,SKU-OFF-0007,5,La Lucha Restaurant
14/08/2026,ORD-103320,SKU-BEV-0219,8,San Martin Corner Store
14-Aug-26,ORD-103320,SKU-DAI-0303,3,San Martin Corner Store
14/08/2026,ORD-103321,SKU-GAR-0116,2,Andean Group Offices
14/08/2026,ORD-103322,SKU-DAI-0169,6,Delta Construction
14/08/2026,ORD-103323,SKU-FRO-0267,2,Delta Construction
2026-08-14,ORD-103324,SKU-PET-0146,1,Wong North Supermarkets
2026-08-14,ORD-103325, SKU-DAI-0184,13,Happy Pet Store
2026-08-14,ORD-103325,SKU-SNA-0057,18,Delta Construction
14/08/2026,ORD-103326,SKU-DAI-0184,11,Lucero Minimarket
14-Aug-26,ORD-103327,SKU-CLE-0108,12,El Tornillo Hardware
14/08/2026,ORD-103328,SKU-SNA-0292,4,Delta Construction
14/08/2026,ORD-103328,SKU-BEA-0019,12,Wong North Supermarkets
14-Aug-26,ORD-103329,SKU-TOO-0216,4,Happy Pet Store
14/08/2026,ORD-103330,SKU-TOO-0245,25,Wong North Supermarkets
2026-08-14,ORD-103331,SKU-DAI-0054,3,Lucero Minimarket
14-Aug-26,ORD-103331,SKU-HOM-0089,9,Wong North Supermarkets
14-Aug-26,ORD-103331,SKU-DAI-0072,3,El Tornillo Hardware
14/08/2026,ORD-103332,SKU-TOO-0210,6,Inkafarma Comas Pharmacy
14-Aug-26,ORD-103333,SKU-HOM-0089,8,San Martin Corner Store
14/08/2026,ORD-103333,SKU-DAI-0313,4,Andean Group Offices
14/08/2026,ORD-103334,SKU-DAI-0184,16,La Lucha Restaurant
14-Aug-26,ORD-103334,SKU-FRO-0220,5,El Tornillo Hardware
2026-08-14,ORD-103335,SKU-OFF-0010,6,La Lucha Restaurant
14-Aug-26,ORD-103335,SKU-DAI-0072,3,La Lucha Restaurant
14-Aug-26,ORD-103337,SKU-BEA-0177,4,Inkafarma Comas Pharmacy
14/08/2026,ORD-103337,SKU-HOM-0316,7,Inkafarma Comas Pharmacy
2026-08-14,ORD-103338,SKU-OFF-0257,5,Wong North Supermarkets
14-Aug-26,ORD-103338,SKU-PET-0304,6,Inkafarma Comas Pharmacy
14/08/2026,ORD-103339,SKU-CLE-0018,19,Andean Group Offices
14-Aug-26,ORD-103339,SKU-GAR-0078,9,Wong North Supermarkets
2026-08-14,ORD-103340,SKU-TOO-0295,9,El Tornillo Hardware
14-Aug-26,ORD-103340,SKU-BEA-0062,4,Happy Pet Store
14-Aug-26,ORD-103340,SKU-DAI-0169,2,Andean Group Offices
14/08/2026,ORD-103341,SKU-SNA-0223,8,San Martin Corner Store
2026-08-14,ORD-103341,SKU-PET-0040,6,Lince Vet Center
2026-08-14,ORD-103342,SKU-OFF-0010,1,Delta Construction
14/08/2026,ORD-103343,SKU-FRO-0109,1,Lince Vet Center
14-Aug-26,ORD-103343,SKU-DAI-0054,3,Delta Construction
2026-08-14,ORD-103343,SKU-OFF-0043,15,Lince Vet Center
14/08/2026,ORD-103344,SKU-CLE-0276,5,Inkafarma Comas Pharmacy
14/08/2026,ORD-103348,SKU-DAI-0072,11,La Lucha Restaurant
2026-08-14,ORD-103348,SKU-PET-0217,4,Wong North Supermarkets
2026-08-14,ORD-103349,SKU-DAI-0169,7,San Martin Corner Store
2026-08-14,ORD-103349,SKU-FRO-0203,6,El Tornillo Hardware
14/08/2026,ORD-103350,SKU-BEA-0138,2,Delta Construction
14-Aug-26,ORD-103350,SKU-FRO-0132,10,San Martin Corner Store
14-Aug-26,ORD-103350,SKU-HOM-0316,7,La Lucha Restaurant
2026-08-14,ORD-103351,SKU-DAI-0313,13,Lince Vet Center
14/08/2026,ORD-103352,SKU-DAI-0072,14,Happy Pet Store
14/08/2026,ORD-103352,SKU-PET-0227,4,El Tornillo Hardware
14-Aug-26,ORD-103353,SKU-DAI-0184,5,El Tornillo Hardware
2026-08-14,ORD-103353,SKU-DAI-0313,5,El Tornillo Hardware
14-Aug-26,ORD-103353,SKU-TOO-0279,6,Inkafarma Comas Pharmacy
2026-08-14,ORD-103354,SKU-DAI-0123,2,Delta Construction
15/08/2026,ORD-103355,SKU-HOM-0289,11,La Lucha Restaurant
15-Aug-26,ORD-103355,SKU-DAI-0313,21,Wong North Supermarkets
15/08/2026,ORD-103356,SKU-BEV-0037,3,Lince Vet Center
2026-08-15,ORD-103356,SKU-FRO-0203,10,La Lucha Restaurant
2026-08-15,ORD-103357,SKU-PET-0087,1,Lucero Minimarket
2026-08-15,ORD-103358,SKU-FRO-0267,5,San Martin Corner Store
2026-08-15,ORD-103358,SKU-SNA-0057,5,Inkafarma Comas Pharmacy
2026-08-15,ORD-103359,SKU-DAI-0169,5,Andean Group Offices
15-Aug-26,ORD-103359,SKU-DAI-0169,5,Lucero Minimarket
2026-08-15,ORD-103359,SKU-FRO-0203,6,Lince Vet Center
15/08/2026,ORD-103360,SKU-TOO-0080,3,La Lucha Restaurant
15/08/2026,ORD-103361,SKU-DAI-0184,13,Happy Pet Store
15-Aug-26,ORD-103362,SKU-DAI-0303,3,Andean Group Offices
2026-08-15,ORD-103362,SKU-HOM-0316,4,Inkafarma Comas Pharmacy
15-Aug-26,ORD-103363,SKU-TOO-0125,11,Inkafarma Comas Pharmacy
15-Aug-26,ORD-103363, SKU-OFF-0007,1,El Tornillo Hardware
15/08/2026,ORD-103363,SKU-GAR-0157,9,El Tornillo Hardware
15-Aug-26,ORD-103364,SKU-DAI-0164,6,San Martin Corner Store
2026-08-15,ORD-103364,SKU-DAI-0082,2,Andean Group Offices
15-Aug-26,ORD-103365,SKU-FRO-0014,5,Inkafarma Comas Pharmacy
15-Aug-26,ORD-103365,SKU-FRO-0296,11,Andean Group Offices
15-Aug-26,ORD-103366, SKU-DAI-0003,13,Andean Group Offices
2026-08-15,ORD-103366,SKU-BEA-0177,2,Wong North Supermarkets
2026-08-15,ORD-103366,SKU-GAR-0021,4,Lince Vet Center
15/08/2026,ORD-103367,SKU-OFF-0043,7,Inkafarma Comas Pharmacy
2026-08-15,ORD-103367,SKU-FRO-0136,1,Lince Vet Center
15-Aug-26,ORD-103367,SKU-BEA-0177,5,San Martin Corner Store
15-Aug-26,ORD-103368,SKU-HOM-0286,2,Delta Construction
2026-08-15,ORD-103368,SKU-BEV-0176,4,Inkafarma Comas Pharmacy
15-Aug-26,ORD-103369,SKU-BEA-0163,1,Lince Vet Center
15/08/2026,ORD-103369,SKU-FRO-0272,2,Happy Pet Store
2026-08-15,ORD-103369, SKU-BEV-0176,7,Inkafarma Comas Pharmacy
2026-08-15,ORD-103370,SKU-FRO-0278,10,San Martin Corner Store
2026-08-15,ORD-103370,SKU-PET-0227,6,Happy Pet Store
15-Aug-26,ORD-103371,SKU-SNA-0097,1,Lucero Minimarket
2026-08-15,ORD-103371,SKU-OFF-0225,11,La Lucha Restaurant
15-Aug-26,ORD-103371,SKU-DAI-0070,9,El Tornillo Hardware
15/08/2026,ORD-103372,SKU-HOM-0316,3,Inkafarma Comas Pharmacy
15-Aug-26,ORD-103372,SKU-SNA-0188,27,Lince Vet Center
15/08/2026,ORD-103373,SKU-DAI-0082,1,El Tornillo Hardware
15-Aug-26,ORD-103375,SKU-BEA-0185,16,Andean Group Offices
2026-08-15,ORD-103375,SKU-SNA-0030,12,Lince Vet Center
2026-08-15,ORD-103375,SKU-TOO-0080,4,Delta Construction
15/08/2026,ORD-103376,SKU-DAI-0082,7,Inkafarma Comas Pharmacy
15-Aug-26,ORD-103377,SKU-BEA-0142,9,Happy Pet Store
2026-08-15,ORD-103377,SKU-FRO-0220,4,Lucero Minimarket
2026-08-15,ORD-103378,SKU-HOM-0013,3,Lucero Minimarket
2026-08-15,ORD-103378,SKU-OFF-0140,16,Lucero Minimarket
15/08/2026,ORD-103378, SKU-SNA-0199,19,Delta Construction
15/08/2026,ORD-103379,SKU-DAI-0054,8,Inkafarma Comas Pharmacy
15-Aug-26,ORD-103379,SKU-CLE-0028,17,La Lucha Restaurant
2026-08-15,ORD-103379,SKU-FRO-0213,18,Andean Group Offices
15/08/2026,ORD-103380,SKU-HOM-0089,9,Wong North Supermarkets
15-Aug-26,ORD-103380,SKU-FRO-0109,4,La Lucha Restaurant
2026-08-15,ORD-103381,SKU-FRO-0278,5,Delta Construction
15/08/2026,ORD-103381,SKU-PET-0076,3,Delta Construction
15/08/2026,ORD-103383,SKU-BEA-0168,7,El Tornillo Hardware
15-Aug-26,ORD-103383,SKU-BEV-0176,3,Wong North Supermarkets
15-Aug-26,ORD-103383,SKU-TOO-0049,27,Happy Pet Store
2026-08-15,ORD-103384,SKU-PET-0106,2,Wong North Supermarkets
2026-08-15,ORD-103384,SKU-DAI-0123,1,Delta Construction
15/08/2026,ORD-103385,SKU-PET-0227,4,El Tornillo Hardware
15-Aug-26,ORD-103385,SKU-BEA-0045,16,Wong North Supermarkets
15-Aug-26,ORD-103386,SKU-DAI-0169,7,El Tornillo Hardware
15/08/2026,ORD-103387,SKU-BEA-0312,15,El Tornillo Hardware
15/08/2026,ORD-103388,SKU-OFF-0236,5,Delta Construction
2026-08-15,ORD-103388,SKU-GAR-0157,10,Lucero Minimarket
15/08/2026,ORD-103389,SKU-FRO-0109,9,San Martin Corner Store
2026-08-15,ORD-103389,SKU-OFF-0074,11,San Martin Corner Store
2026-08-15,ORD-103390,SKU-GAR-0111,20,Wong North Supermarkets
15-Aug-26,ORD-103391,SKU-DAI-0303,4,La Lucha Restaurant
2026-08-15,ORD-103391,SKU-DAI-0082,5,Wong North Supermarkets
15/08/2026,ORD-103391,SKU-FRO-0278,6,Lucero Minimarket
15-Aug-26,ORD-103392,SKU-FRO-0296,13,Happy Pet Store
15/08/2026,ORD-103392,SKU-CLE-0209,4,Delta Construction
15-Aug-26,ORD-103393, SKU-PET-0146,4,Wong North Supermarkets
2026-08-15,ORD-103393,SKU-HOM-0316,4,San Martin Corner Store
2026-08-15,ORD-103393,SKU-SNA-0171,6,Inkafarma Comas Pharmacy
15-Aug-26,ORD-103394,SKU-BEA-0177,4,San Martin Corner Store
15-Aug-26,ORD-103394,SKU-DAI-0123,1,Lince Vet Center
15-Aug-26,ORD-103395,SKU-FRO-0196,5,San Martin Corner Store
15-Aug-26,ORD-103395,SKU-TOO-0131,13,Delta Construction
15-Aug-26,ORD-103396,SKU-BEA-0094,6,San Martin Corner Store
15-Aug-26,ORD-103396,SKU-CLE-0108,10,San Martin Corner Store
15-Aug-26,ORD-103396,SKU-GAR-0157,26,San Martin Corner Store
2026-08-15,ORD-103397,SKU-BEA-0126,8,La Lucha Restaurant
15/08/2026,ORD-103397,SKU-DAI-0184,2,Inkafarma Comas Pharmacy
15-Aug-26,ORD-103397,SKU-BEA-0215,11,Inkafarma Comas Pharmacy
2026-08-15,ORD-103398,SKU-SNA-0188,7,Delta Construction
15/08/2026,ORD-103398,SKU-TOO-0125,7,San Martin Corner Store
2026-08-15,ORD-103399,SKU-BEV-0037,3,San Martin Corner Store
15-Aug-26,ORD-103399,SKU-TOO-0295,16,San Martin Corner Store
15-Aug-26,ORD-103399,SKU-FRO-0085,12,San Martin Corner Store
15-Aug-26,ORD-103400,SKU-SNA-0188,22,La Lucha Restaurant
15-Aug-26,ORD-103400,SKU-TOO-0210,1,Inkafarma Comas Pharmacy
2026-08-15,ORD-103400,SKU-CLE-0282,10,Inkafarma Comas Pharmacy
15/08/2026,ORD-103401,SKU-DAI-0070,4,La Lucha Restaurant
15/08/2026,ORD-103401,SKU-OFF-0140,3,Wong North Supermarkets
15/08/2026,ORD-103401,SKU-TOO-0049,3,Delta Construction
15-Aug-26,ORD-103402,SKU-BEV-0162,9,Wong North Supermarkets
15-Aug-26,ORD-103402,SKU-FRO-0196,5,Happy Pet Store
15-Aug-26,ORD-103402, SKU-BEA-0312,19,Lucero Minimarket
2026-08-15,ORD-103403,SKU-BEV-0242,30,Wong North Supermarkets
2026-08-15,ORD-103404,SKU-BEA-0144,14,Andean Group Offices
15-Aug-26,ORD-103404,SKU-FRO-0288,1,Delta Construction
15-Aug-26,ORD-103405,SKU-DAI-0164,5,La Lucha Restaurant
15-Aug-26,ORD-103405,SKU-HOM-0204,10,San Martin Corner Store
15/08/2026,ORD-103405,SKU-PET-0227,6,El Tornillo Hardware
15-Aug-26,ORD-103406,SKU-OFF-0249,4,Wong North Supermarkets
2026-08-15,ORD-103407,SKU-BEV-0311,21,Lucero Minimarket
15-Aug-26,ORD-103407, SKU-OFF-0249,4,Andean Group Offices
15/08/2026,ORD-103407,SKU-DAI-0070,9,San Martin Corner Store
2026-08-15,ORD-103408,SKU-GAR-0039,1,Lince Vet Center
15/08/2026,ORD-103408,SKU-OFF-0284,16,Inkafarma Comas Pharmacy
2026-08-15,ORD-103409,SKU-FRO-0272,27,San Martin Corner Store
15/08/2026,ORD-103409,SKU-DAI-0054,10,Lucero Minimarket
2026-08-15,ORD-103409,SKU-BEV-0174,1,El Tornillo Hardware
15-Aug-26,ORD-103410,SKU-DAI-0313,13,La Lucha Restaurant
2026-08-15,ORD-103411,SKU-PET-0304,2,Inkafarma Comas Pharmacy
15/08/2026,ORD-103411,SKU-FRO-0278,11,Delta Construction
15-Aug-26,ORD-103412,SKU-FRO-0132,16,Delta Construction
15/08/2026,ORD-103413,SKU-FRO-0296,20,Wong North Supermarkets
15-Aug-26,ORD-103413,SKU-FRO-0109,1,El Tornillo Hardware
2026-08-15,ORD-103413,SKU-BEA-0151,4,San Martin Corner Store
15/08/2026,ORD-103414,SKU-GAR-0113,23,El Tornillo Hardware
2026-08-15,ORD-103414, SKU-OFF-0259,11,Inkafarma Comas Pharmacy
15-Aug-26,ORD-103415,SKU-DAI-0082,1,Andean Group Offices
2026-08-15,ORD-103415,SKU-TOO-0245,17,Lince Vet Center
15/08/2026,ORD-103415,SKU-PET-0017,2,Andean Group Offices
2026-08-15,ORD-103416,SKU-SNA-0097,14,La Lucha Restaurant
15-Aug-26,ORD-103416,SKU-FRO-0014,9,El Tornillo Hardware
2026-08-15,ORD-103416,SKU-DAI-0303,2,Wong North Supermarkets
15-Aug-26,ORD-103417,SKU-OFF-0249,4,Lucero Minimarket
15/08/2026,ORD-103417,SKU-GAR-0021,4,Lince Vet Center
15-Aug-26,ORD-103417,SKU-GAR-0039,9,El Tornillo Hardware
2026-08-15,ORD-103418,SKU-FRO-0196,8,Lince Vet Center
15-Aug-26,ORD-103418,sku-dai-0184,2,Happy Pet Store
15-Aug-26,ORD-103419,SKU OFF 0007,8,Lince Vet Center
15/08/2026,ORD-103419,SKU-OFF-0074,13,Lince Vet Center
15/08/2026,ORD-103419,SKU-OFF-0257,4,La Lucha Restaurant
15-Aug-26,ORD-103420,SKU-TOO-0279,4,Delta Construction
2026-08-15,ORD-103421,SKU-PET-0146,12,Andean Group Offices
15/08/2026,ORD-103421,SKU-CLE-0108,4,Wong North Supermarkets
2026-08-15,ORD-103422,SKU-HOM-0289,6,El Tornillo Hardware
2026-08-15,ORD-103422,sku-cle-0061,4,San Martin Corner Store
15-Aug-26,ORD-103423,SKU-FRO-0278,7,Happy Pet Store
15/08/2026,ORD-103423,SKU-SNA-0223,1,Lucero Minimarket
15/08/2026,ORD-103423,SKU-HAR-0266,6,San Martin Corner Store
15/08/2026,ORD-103424,SKU-CLE-0209,11,El Tornillo Hardware
15/08/2026,ORD-103424,SKU-CLE-0028,13,Lucero Minimarket
2026-08-15,ORD-103424,SKU-TOO-0067,7,Wong North Supermarkets
2026-08-15,ORD-103425,SKU-BEA-0191,9,Happy Pet Store
15/08/2026,ORD-103425,SKU-FRO-0278,10,La Lucha Restaurant
15-Aug-26,ORD-103425,SKU-HAR-0285,29,San Martin Corner Store
15/08/2026,ORD-103426,SKU-OFF-0249,8,Andean Group Offices
15-Aug-26,ORD-103427,SKU-FRO-0213,20,Wong North Supermarkets
15/08/2026,ORD-103427,SKU-BEV-0084,20,Happy Pet Store
15/08/2026,ORD-103428,SKU-OFF-0259,17,San Martin Corner Store
2026-08-15,ORD-103428,SKU-HAR-0266,19,Lince Vet Center
15-Aug-26,ORD-103428,SKU-CLE-0240,8,San Martin Corner Store
15/08/2026,ORD-103429,SKU-OFF-0284,8,Andean Group Offices
15-Aug-26,ORD-103429,SKU-SNA-0319,10,Lucero Minimarket
2026-08-15,ORD-103430,SKU-GAR-0120,3,Andean Group Offices
15/08/2026,ORD-103430,SKU-OFF-0007,1,El Tornillo Hardware
15-Aug-26,ORD-103431,SKU-BEV-0084,17,La Lucha Restaurant
15/08/2026,ORD-103431,sku-sna-0315,23,Lucero Minimarket
2026-08-15,ORD-103432,SKU-OFF-0060,8,Happy Pet Store
15-Aug-26,ORD-103433,SKU-OFF-0257,10,Happy Pet Store
2026-08-15,ORD-103434,SKU-PET-0099,22,Lucero Minimarket
15-Aug-26,ORD-103434,SKU-BEV-0118,2,El Tornillo Hardware
15/08/2026,ORD-103435,SKU-DAI-0169,16,Wong North Supermarkets
15/08/2026,ORD-103435,SKU-OFF-0236,4,Lucero Minimarket
2026-08-15,ORD-103435,SKU-BEA-0308,3,Happy Pet Store
2026-08-15,ORD-103436,SKU-SNA-0292,12,Delta Construction
15-Aug-26,ORD-103437,SKU-FRO-0238,4,Delta Construction
15-Aug-26,ORD-103437,SKU-FRO-0220,1,Andean Group Offices
15/08/2026,ORD-103437,SKU-SNA-0244,18,La Lucha Restaurant
15-Aug-26,ORD-103438,SKU-BEV-0202,3,El Tornillo Hardware
15-Aug-26,ORD-103440,SKU-BEV-0118,4,Happy Pet Store
2026-08-15,ORD-103440,SKU-GAR-0229,1,Lucero Minimarket
2026-08-15,ORD-103442,SKU-OFF-0283,17,Inkafarma Comas Pharmacy
2026-08-15,ORD-103443,SKU-FRO-0179,8,Wong North Supermarkets
15/08/2026,ORD-103443,SKU-OFF-0249,4,San Martin Corner Store
15-Aug-26,ORD-103444,SKU-BEA-0291,6,Lucero Minimarket
2026-08-15,ORD-103444,SKU-BEV-0162,9,Inkafarma Comas Pharmacy
2026-08-15,ORD-103444,SKU-GAR-0113,1,Lucero Minimarket
15/08/2026,ORD-103445,SKU-DAI-0072,2,Lucero Minimarket
2026-08-15,ORD-103445,SKU-DAI-0072,4,Delta Construction
15-Aug-26,ORD-103446,SKU-DAI-0164,6,Happy Pet Store
2026-08-15,ORD-103446,SKU-FRO-0296,15,Wong North Supermarkets
15/08/2026,ORD-103446,SKU-PET-0270,4,Inkafarma Comas Pharmacy
15-Aug-26,ORD-103447,SKU-FRO-0272,3,La Lucha Restaurant
15/08/2026,ORD-103447,SKU-FRO-0179,3,Delta Construction
2026-08-15,ORD-103447,SKU-FRO-0196,15,El Tornillo Hardware
15-Aug-26,ORD-103448,SKU-GAR-0113,7,San Martin Corner Store
2026-08-15,ORD-103449,SKU-DAI-0072,4,San Martin Corner Store
15/08/2026,ORD-103449,SKU-OFF-0284,5,Andean Group Offices
15/08/2026,ORD-103449,SKU-TOO-0026,8,El Tornillo Hardware
15-Aug-26,ORD-103450,SKU-FRO-0203,18,La Lucha Restaurant
2026-08-15,ORD-103450,SKU-FRO-0109,5,Inkafarma Comas Pharmacy
15-Aug-26,ORD-103451,SKU-CLE-0282,8,Lucero Minimarket
15/08/2026,ORD-103451,SKU-DAI-0070,5,Inkafarma Comas Pharmacy
15/08/2026,ORD-103452,SKU-DAI-0072,7,Lucero Minimarket
2026-08-15,ORD-103452,SKU-OFF-0249,7,Lucero Minimarket
15-Aug-26,ORD-103453,SKU-GAR-0287,3,Delta Construction
2026-08-15,ORD-103453,SKU-BEA-0034,16,Delta Construction
2026-08-15,ORD-103453,SKU-DAI-0082,5,Lince Vet Center
15-Aug-26,ORD-103454,SKU-DAI-0313,11,Happy Pet Store
2026-08-15,ORD-103454,SKU-PET-0227,6,San Martin Corner Store
15/08/2026,ORD-103455,SKU-FRO-0272,21,Inkafarma Comas Pharmacy
15-Aug-26,ORD-103455,SKU-HOM-0112,16,Delta Construction
2026-08-15,ORD-103455,SKU-BEV-0242,20,Wong North Supermarkets
15/08/2026,ORD-103456,SKU-HOM-0289,4,El Tornillo Hardware
15/08/2026,ORD-103456,SKU-BEA-0006,3,Delta Construction
15-Aug-26,ORD-103457,SKU-HOM-0289,6,Delta Construction
2026-08-15,ORD-103457,SKU-BEA-0291,6,Lucero Minimarket
2026-08-15,ORD-103458,SKU-SNA-0315,21,Delta Construction
15/08/2026,ORD-103458,SKU-HOM-0316,2,San Martin Corner Store
15-Aug-26,ORD-103459,SKU-BEA-0045,7,Lince Vet Center
15/08/2026,ORD-103459,SKU-DAI-0313,8,Wong North Supermarkets
2026-08-15,ORD-103460,SKU-FRO-0109,7,Andean Group Offices
2026-08-15,ORD-103461,SKU-OFF-0228,10,Wong North Supermarkets
15/08/2026,ORD-103461,SKU-BEV-0174,4,Lince Vet Center
15/08/2026,ORD-103462,SKU-FRO-0196,11,San Martin Corner Store
15/08/2026,ORD-103462,SKU-TOO-0091,28,San Martin Corner Store
15-Aug-26,ORD-103462,SKU-OFF-0007,6,La Lucha Restaurant
15/08/2026,ORD-103463,SKU-DAI-0169,6,Lince Vet Center
2026-08-15,ORD-103464,SKU-HOM-0112,15,San Martin Corner Store
15-Aug-26,ORD-103464,SKU-GAR-0113,2,Andean Group Offices
2026-08-15,ORD-103464,SKU-HOM-0316,4,El Tornillo Hardware
15-Aug-26,ORD-103465,SKU-DAI-0070,10,La Lucha Restaurant
15/08/2026,ORD-103465,SKU-FRO-0278,10,Andean Group Offices
2026-08-15,ORD-103465,SKU-BEA-0168,7,Andean Group Offices
15-Aug-26,ORD-103466,SKU-OFF-0225,16,Inkafarma Comas Pharmacy
2026-08-15,ORD-103466,SKU-SNA-0233,1,San Martin Corner Store
15/08/2026,ORD-103467,SKU-BEV-0242,21,Lucero Minimarket
15/08/2026,ORD-103467,SKU-SNA-0223,10,Delta Construction
15/08/2026,ORD-103468,SKU-HOM-0166,17,San Martin Corner Store
15/08/2026,ORD-103468,SKU-TOO-0080,1,El Tornillo Hardware
15/08/2026,ORD-103469,SKU-DAI-0123,8,El Tornillo Hardware
2026-08-15,ORD-103469,SKU-OFF-0228,20,Inkafarma Comas Pharmacy
2026-08-15,ORD-103470,SKU-DAI-0123,3,Lince Vet Center
15-Aug-26,ORD-103470,SKU-DAI-0164,4,Wong North Supermarkets
15/08/2026,ORD-103470,SKU-BEV-0242,6,El Tornillo Hardware
15-Aug-26,ORD-103471,SKU-HOM-0112,2,La Lucha Restaurant
2026-08-15,ORD-103471,SKU-BEA-0034,11,Delta Construction
2026-08-15,ORD-103471,SKU-GAR-0153,15,San Martin Corner Store
15/08/2026,ORD-103472,SKU-BEA-0062,3,El Tornillo Hardware
15/08/2026,ORD-103473,SKU-FRO-0014,7,Wong North Supermarkets
15/08/2026,ORD-103473,SKU-FRO-0238,13,Andean Group Offices
15-Aug-26,ORD-103474,SKU-CLE-0108,10,Delta Construction
15-Aug-26,ORD-103475,SKU-GAR-0111,9,San Martin Corner Store
15-Aug-26,ORD-103475,SKU-FRO-0238,8,San Martin Corner Store
15-Aug-26,ORD-103475,SKU-HOM-0289,11,Lince Vet Center
15/08/2026,ORD-103476,SKU-SNA-0171,5,Andean Group Offices
2026-08-15,ORD-103477,SKU-PET-0173,1,Delta Construction
15-Aug-26,ORD-103477,SKU-SNA-0188,25,La Lucha Restaurant
2026-08-15,ORD-103477,SKU-CLE-0248,3,Delta Construction
2026-08-15,ORD-103478,SKU-FRO-0132,10,Lince Vet Center
15/08/2026,ORD-103478,SKU-DAI-0054,9,Andean Group Offices
15/08/2026,ORD-103478,SKU-BEV-0058,14,Lince Vet Center
15-Aug-26,ORD-103479,SKU-FRO-0109,6,El Tornillo Hardware
2026-08-15,ORD-103480,SKU-BEA-0163,6,Happy Pet Store
15/08/2026,ORD-103480,SKU-FRO-0203,29,Andean Group Offices
15/08/2026,ORD-103480,SKU-FRO-0090,11,Inkafarma Comas Pharmacy
2026-08-15,ORD-103481,SKU-DAI-0123,7,Inkafarma Comas Pharmacy
15/08/2026,ORD-103481,SKU-DAI-0070,8,Lucero Minimarket
15-Aug-26,ORD-103481,SKU FRO 0246,2,Inkafarma Comas Pharmacy
2026-08-15,ORD-103482,SKU-DAI-0164,4,El Tornillo Hardware
15-Aug-26,ORD-103482,SKU-TOO-0279,7,Andean Group Offices
15-Aug-26,ORD-103483,SKU-OFF-0010,8,Happy Pet Store
2026-08-15,ORD-103484,SKU-FRO-0179,3,Lucero Minimarket
15/08/2026,ORD-103485,SKU-BEA-0312,9,San Martin Corner Store
15/08/2026,ORD-103486,SKU-BEA-0119,25,San Martin Corner Store
15-Aug-26,ORD-103486,SKU-PET-0040,1,Happy Pet Store
15/08/2026,ORD-103487,SKU-HOM-0112,19,Delta Construction
15/08/2026,ORD-103487,SKU-HOM-0166,6,Andean Group Offices
2026-08-15,ORD-103488,SKU-FRO-0213,19,Lince Vet Center
15/08/2026,ORD-103489,SKU-TOO-0279,8,Wong North Supermarkets
15/08/2026,ORD-103490,SKU-OFF-0228,7,Wong North Supermarkets
15/08/2026,ORD-103491,SKU-OFF-0043,11,Delta Construction
2026-08-15,ORD-103492,SKU-DAI-0082,8,San Martin Corner Store
2026-08-15,ORD-103494,SKU-BEV-0033,4,Wong North Supermarkets
15/08/2026,ORD-103495,SKU-CLE-0248,8,Andean Group Offices
15/08/2026,ORD-103495,SKU-CLE-0041,9,Delta Construction
15/08/2026,ORD-103496,SKU-FRO-0213,16,Lince Vet Center
15-Aug-26,ORD-103496,SKU-FRO-0278,8,Inkafarma Comas Pharmacy
15/08/2026,ORD-103497,SKU-CLE-0108,8,Lince Vet Center
15/08/2026,ORD-103498,SKU-DAI-0164,3,Andean Group Offices
2026-08-15,ORD-103498,SKU-HOM-0289,6,El Tornillo Hardware
15/08/2026,ORD-103499,SKU-BEV-0150,1,Delta Construction
15/08/2026,ORD-103499,SKU-BEV-0180,7,San Martin Corner Store
15/08/2026,ORD-103500,SKU-PET-0227,4,Inkafarma Comas Pharmacy
15-Aug-26,ORD-103500,SKU-HOM-0013,10,El Tornillo Hardware
15/08/2026,ORD-103501,SKU-DAI-0082,2,Happy Pet Store
2026-08-15,ORD-103502,SKU-DAI-0184,10,Lucero Minimarket
15-Aug-26,ORD-103502,SKU-HOM-0204,11,La Lucha Restaurant
2026-08-15,ORD-103503,SKU-BEA-0191,4,Wong North Supermarkets
15-Aug-26,ORD-103503,SKU-BEV-0084,13,Andean Group Offices
2026-08-15,ORD-103505,SKU-OFF-0043,9,El Tornillo Hardware
2026-08-15,ORD-103506,SKU-HOM-0065,14,San Martin Corner Store
2026-08-15,ORD-103506,SKU-DAI-0072,4,Inkafarma Comas Pharmacy
2026-08-15,ORD-103507,SKU-DAI-0313,1,Lince Vet Center
15-Aug-26,ORD-103507,SKU-FRO-0090,22,Inkafarma Comas Pharmacy
15/08/2026,ORD-103508,SKU-FRO-0179,5,Delta Construction
15/08/2026,ORD-103508,SKU-FRO-0213,4,Lince Vet Center
15/08/2026,ORD-103509,SKU-BEV-0174,2,Delta Construction
15-Aug-26,ORD-103509,SKU-DAI-0303,4,San Martin Corner Store
15-Aug-26,ORD-103510,SKU-DAI-0003,15,San Martin Corner Store
15/08/2026,ORD-103510,SKU-BEA-0119,3,El Tornillo Hardware
15/08/2026,ORD-103510,SKU-HOM-0089,3,Inkafarma Comas Pharmacy
15-Aug-26,ORD-103511,SKU-BEV-0084,18,Delta Construction
15/08/2026,ORD-103511,SKU-HOM-0020,6,Wong North Supermarkets
15/08/2026,ORD-103512,SKU-DAI-0003,3,Lince Vet Center
15/08/2026,ORD-103512,SKU-OFF-0257,1,Lince Vet Center
15/08/2026,ORD-103513,SKU-BEA-0312,13,Lince Vet Center
15-Aug-26,ORD-103513,SKU-DAI-0169,8,Inkafarma Comas Pharmacy
2026-08-15,ORD-103514,SKU-PET-0017,5,San Martin Corner Store
2026-08-15,ORD-103514,SKU-FRO-0114,11,San Martin Corner Store
15/08/2026,ORD-103515,SKU-CLE-0209,6,El Tornillo Hardware
15-Aug-26,ORD-103515,SKU-BEA-0119,10,San Martin Corner Store
2026-08-15,ORD-103516,SKU-HOM-0204,4,Lince Vet Center
15-Aug-26,ORD-103516,SKU-DAI-0123,2,Wong North Supermarkets
15/08/2026,ORD-103517,SKU-OFF-0228,16,El Tornillo Hardware
15/08/2026,ORD-103517,SKU-FRO-0114,14,El Tornillo Hardware
15/08/2026,ORD-103518,SKU-TOO-0125,2,Inkafarma Comas Pharmacy
15-Aug-26,ORD-103519,SKU-FRO-0196,13,San Martin Corner Store
2026-08-15,ORD-103519,SKU-OFF-0257,5,Delta Construction
15-Aug-26,ORD-103520,SKU-TOO-0026,3,La Lucha Restaurant
2026-08-15,ORD-103520,SKU-TOO-0216,15,Inkafarma Comas Pharmacy
2026-08-15,ORD-103522,SKU-CLE-0299,15,Andean Group Offices
2026-08-15,ORD-103523,SKU-DAI-0054,2,La Lucha Restaurant
2026-08-15,ORD-103524,SKU-DAI-0313,2,Lince Vet Center
15-Aug-26,ORD-103524,SKU-PET-0227,4,San Martin Corner Store
15/08/2026,ORD-103525,SKU-HOM-0065,2,San Martin Corner Store
15/08/2026,ORD-103525,SKU-BEA-0045,13,Lince Vet Center
15-Aug-26,ORD-103526,SKU-TOO-0279,2,Happy Pet Store
15-Aug-26,ORD-103526,SKU-FRO-0278,2,Lucero Minimarket
15-Aug-26,ORD-103526,SKU-FRO-0213,21,Lucero Minimarket
15/08/2026,ORD-103527,SKU-PET-0217,14,San Martin Corner Store
2026-08-15,ORD-103527,SKU-DAI-0123,6,El Tornillo Hardware
2026-08-15,ORD-103528,SKU-HOM-0251,3,El Tornillo Hardware
2026-08-15,ORD-103528,SKU-PET-0102,10,Andean Group Offices
2026-08-15,ORD-103528,SKU-DAI-0070,5,El Tornillo Hardware
15/08/2026,ORD-103529,SKU-FRO-0109,9,La Lucha Restaurant
15/08/2026,ORD-103529,SKU-FRO-0278,8,San Martin Corner Store
15/08/2026,ORD-103529,SKU-CLE-0061,6,Delta Construction
2026-08-15,ORD-103530,SKU-BEV-0180,16,La Lucha Restaurant
2026-08-15,ORD-103530,SKU-BEA-0062,8,Wong North Supermarkets
15/08/2026,ORD-103531,SKU-GAR-0021,1,Lince Vet Center
2026-08-15,ORD-103531,SKU-DAI-0082,8,Delta Construction
15/08/2026,ORD-103532,SKU-CLE-0248,6,Happy Pet Store
15-Aug-26,ORD-103533,SKU-OFF-0284,18,La Lucha Restaurant
15/08/2026,ORD-103534,SKU-SNA-0051,1,Lucero Minimarket
2026-08-15,ORD-103535,SKU-TOO-0049,28,San Martin Corner Store
2026-08-15,ORD-103536,SKU-FRO-0238,15,La Lucha Restaurant
15-Aug-26,ORD-103537,SKU-BEV-0202,4,La Lucha Restaurant
2026-08-15,ORD-103539,SKU-GAR-0039,14,La Lucha Restaurant
15-Aug-26,ORD-103539,SKU-TOO-0295,12,Inkafarma Comas Pharmacy
2026-08-15,ORD-103540,SKU DAI 0054,2,Inkafarma Comas Pharmacy
2026-08-15,ORD-103540,SKU-HAR-0266,7,La Lucha Restaurant
15/08/2026,ORD-103541,SKU-DAI-0082,1,Wong North Supermarkets
15/08/2026,ORD-103542,SKU-OFF-0228,9,San Martin Corner Store
2026-08-15,ORD-103543,SKU-SNA-0244,16,Andean Group Offices
2026-08-15,ORD-103544,SKU-DAI-0184,7,Andean Group Offices
15/08/2026,ORD-103544,SKU-TOO-0125,12,San Martin Corner Store
15-Aug-26,ORD-103545,SKU-DAI-0123,6,Lince Vet Center
2026-08-15,ORD-103545,SKU-BEA-0045,14,Lince Vet Center
15/08/2026,ORD-103545,SKU-HOM-0065,14,La Lucha Restaurant
2026-08-15,ORD-103546,sku-gar-0039,9,Happy Pet Store
15-Aug-26,ORD-103547,SKU-DAI-0003,20,Lucero Minimarket
15/08/2026,ORD-103547,SKU-SNA-0051,2,Andean Group Offices
15/08/2026,ORD-103547,SKU-SNA-0292,5,Happy Pet Store
15/08/2026,ORD-103548,SKU DAI 0313,4,Happy Pet Store
2026-08-15,ORD-103549,SKU-CLE-0282,9,Lucero Minimarket
2026-08-15,ORD-103551,SKU-HOM-0286,5,La Lucha Restaurant
2026-08-15,ORD-103551,SKU-SNA-0199,5,Happy Pet Store
15-Aug-26,ORD-103552,SKU-OFF-0284,19,Happy Pet Store
15/08/2026,ORD-103552,SKU-BEV-0084,1,Inkafarma Comas Pharmacy
15-Aug-26,ORD-103553,SKU-GAR-0120,2,Wong North Supermarkets
15/08/2026,ORD-103553,SKU-FRO-0213,11,San Martin Corner Store
15/08/2026,ORD-103554,SKU-FRO-0261,6,Wong North Supermarkets
15/08/2026,ORD-103554,SKU-FRO-0220,2,La Lucha Restaurant
15-Aug-26,ORD-103555,SKU-CLE-0141,10,El Tornillo Hardware
15/08/2026,ORD-103557,SKU-HOM-0204,16,Happy Pet Store
2026-08-15,ORD-103557,SKU-DAI-0164,5,Delta Construction
2026-08-15,ORD-103557,SKU-BEA-0045,8,Lince Vet Center
2026-08-15,ORD-103558,sku-bea-0034,6,Andean Group Offices
15-Aug-26,ORD-103558,SKU-TOO-0216,15,Happy Pet Store
15-Aug-26,ORD-103559,SKU-DAI-0082,4,Lucero Minimarket
15-Aug-26,ORD-103559,SKU-OFF-0043,7,Inkafarma Comas Pharmacy
2026-08-15,ORD-103559,SKU-DAI-0003,18,Delta Construction
15/08/2026,ORD-103560,SKU-BEA-0215,10,San Martin Corner Store
2026-08-15,ORD-103561,SKU-DAI-0184,13,Inkafarma Comas Pharmacy
15-Aug-26,ORD-103561,SKU-TOO-0080,2,Andean Group Offices
15/08/2026,ORD-103561,SKU-BEA-0045,10,Happy Pet Store
15-Aug-26,ORD-103562,SKU-GAR-0113,17,Wong North Supermarkets
2026-08-15,ORD-103562,SKU-FRO-0220,8,La Lucha Restaurant
15/08/2026,ORD-103563,sku-bea-0062,8,San Martin Corner Store
15/08/2026,ORD-103563,SKU-HOM-0208,16,San Martin Corner Store
2026-08-15,ORD-103563,SKU-TOO-0080,6,La Lucha Restaurant
15/08/2026,ORD-103564,SKU-CLE-0108,12,Delta Construction
2026-08-15,ORD-103564,SKU-FRO-0132,14,Wong North Supermarkets
2026-08-15,ORD-103565,SKU-FRO-0213,14,Andean Group Offices
15-Aug-26,ORD-103565,SKU-BEA-0062,11,Lucero Minimarket
15/08/2026,ORD-103566,SKU-SNA-0199,20,Andean Group Offices
2026-08-15,ORD-103566,SKU-TOO-0221,8,La Lucha Restaurant
2026-08-15,ORD-103567,SKU-BEA-0291,1,Wong North Supermarkets
15-Aug-26,ORD-103567,SKU-PET-0318,2,Lince Vet Center
15-Aug-26,ORD-103567,SKU-BEV-0058,16,San Martin Corner Store
2026-08-15,ORD-103568,SKU-BEA-0006,25,Delta Construction
15/08/2026,ORD-103568,SKU-TOO-0091,1,El Tornillo Hardware
2026-08-15,ORD-103568,SKU-DAI-0164,2,Andean Group Offices
2026-08-15,ORD-103569,SKU-DAI-0082,1,Delta Construction
2026-08-15,ORD-103569,SKU-FRO-0109,7,Andean Group Offices
2026-08-15,ORD-103570,SKU-DAI-0070,8,San Martin Corner Store
2026-08-15,ORD-103570,SKU-DAI-0123,3,Lince Vet Center
15/08/2026,ORD-103571,SKU-SNA-0057,8,El Tornillo Hardware
15/08/2026,ORD-103572,SKU-TOO-0049,10,San Martin Corner Store
15/08/2026,ORD-103572,SKU-DAI-0082,7,Wong North Supermarkets
15/08/2026,ORD-103573,SKU-OFF-0249,2,Lucero Minimarket
15/08/2026,ORD-103573,SKU-DAI-0303,3,Andean Group Offices
16/08/2026,ORD-103574,SKU-DAI-0082,6,El Tornillo Hardware
16-Aug-26,ORD-103575,SKU-HOM-0204,10,El Tornillo Hardware
16-Aug-26,ORD-103575,SKU DAI 0313,8,Andean Group Offices
16-Aug-26,ORD-103575,SKU-HOM-0289,5,El Tornillo Hardware
16/08/2026,ORD-103576,SKU-DAI-0003,2,San Martin Corner Store
2026-08-16,ORD-103576,SKU-DAI-0123,7,Inkafarma Comas Pharmacy
16-Aug-26,ORD-103576,SKU-DAI-0184,1,Happy Pet Store
16-Aug-26,ORD-103577,SKU-BEA-0034,6,Delta Construction
16-Aug-26,ORD-103578,SKU-FRO-0014,15,Lince Vet Center
16-Aug-26,ORD-103578,SKU-FRO-0090,17,Happy Pet Store
16/08/2026,ORD-103579,SKU-GAR-0157,23,Wong North Supermarkets
16/08/2026,ORD-103579,SKU-HOM-0020,4,Delta Construction
16-Aug-26,ORD-103580,SKU-HOM-0065,9,Inkafarma Comas Pharmacy
16-Aug-26,ORD-103580,SKU-OFF-0249,8,San Martin Corner Store
16/08/2026,ORD-103581,SKU-SNA-0223,1,Lucero Minimarket
2026-08-16,ORD-103581,SKU-OFF-0228,10,Happy Pet Store
16-Aug-26,ORD-103582,SKU-SNA-0244,4,Andean Group Offices
2026-08-16,ORD-103582,SKU-OFF-0257,7,La Lucha Restaurant
2026-08-16,ORD-103584,SKU-OFF-0043,2,El Tornillo Hardware
16-Aug-26,ORD-103584,SKU-SNA-0292,6,Lucero Minimarket
2026-08-16,ORD-103584,SKU-DAI-0184,13,Wong North Supermarkets
16/08/2026,ORD-103585,SKU-DAI-0082,9,Wong North Supermarkets
16/08/2026,ORD-103585,SKU-PET-0173,3,La Lucha Restaurant
16-Aug-26,ORD-103585,SKU-SNA-0244,4,La Lucha Restaurant
2026-08-16,ORD-103586,SKU-BEA-0193,8,Delta Construction
16/08/2026,ORD-103587,SKU-TOO-0131,3,Andean Group Offices
16-Aug-26,ORD-103587,SKU-BEV-0301,2,Inkafarma Comas Pharmacy
16/08/2026,ORD-103588,SKU-BEV-0311,23,Lince Vet Center
16/08/2026,ORD-103588,SKU-GAR-0287,1,Inkafarma Comas Pharmacy
2026-08-16,ORD-103589,SKU-PET-0040,23,Wong North Supermarkets
2026-08-16,ORD-103589,SKU-CLE-0282,8,El Tornillo Hardware
2026-08-16,ORD-103591,SKU-OFF-0228,9,El Tornillo Hardware
16/08/2026,ORD-103591,SKU-HOM-0316,2,Lince Vet Center
2026-08-16,ORD-103592,SKU-GAR-0287,6,Lince Vet Center
16/08/2026,ORD-103592,SKU-FRO-0109,8,San Martin Corner Store
2026-08-16,ORD-103592,SKU-DAI-0082,6,La Lucha Restaurant
16/08/2026,ORD-103593,SKU-CLE-0263,8,El Tornillo Hardware
16-Aug-26,ORD-103593,SKU-BEA-0019,3,La Lucha Restaurant
16/08/2026,ORD-103593,SKU-BEA-0045,2,El Tornillo Hardware
16-Aug-26,ORD-103595,SKU-PET-0217,8,San Martin Corner Store
16-Aug-26,ORD-103595,SKU-DAI-0184,1,Lucero Minimarket
2026-08-16,ORD-103595,SKU-BEA-0183,17,Happy Pet Store
2026-08-16,ORD-103596,SKU-BEA-0308,5,Wong North Supermarkets
2026-08-16,ORD-103596,SKU-OFF-0257,7,Delta Construction
2026-08-16,ORD-103597,SKU-PET-0318,9,Delta Construction
16/08/2026,ORD-103597,SKU-SNA-0046,11,Lucero Minimarket
16-Aug-26,ORD-103598,SKU-PET-0270,5,La Lucha Restaurant
2026-08-16,ORD-103599,SKU-CLE-0041,6,El Tornillo Hardware
16-Aug-26,ORD-103599,SKU-HAR-0237,17,Andean Group Offices
2026-08-16,ORD-103600,SKU-HOM-0289,7,San Martin Corner Store
2026-08-16,ORD-103600,SKU-GAR-0039,11,Andean Group Offices
2026-08-16,ORD-103601,SKU-FRO-0267,15,Happy Pet Store
16/08/2026,ORD-103601,SKU-TOO-0216,24,Happy Pet Store
16/08/2026,ORD-103602,SKU-PET-0040,3,Happy Pet Store
16-Aug-26,ORD-103602,SKU-DAI-0164,4,Andean Group Offices
2026-08-16,ORD-103604,SKU-OFF-0249,2,Delta Construction
2026-08-16,ORD-103604, SKU-PET-0173,6,El Tornillo Hardware
16-Aug-26,ORD-103604,SKU-OFF-0228,24,Delta Construction
16/08/2026,ORD-103605,SKU-OFF-0228,19,Lucero Minimarket
16-Aug-26,ORD-103605,SKU-OFF-0259,4,Happy Pet Store
16/08/2026,ORD-103606,SKU-DAI-0164,6,Lucero Minimarket
16/08/2026,ORD-103606, SKU-DAI-0054,3,La Lucha Restaurant
16/08/2026,ORD-103606,SKU-FRO-0109,10,La Lucha Restaurant
16/08/2026,ORD-103607,SKU-TOO-0216,4,Lucero Minimarket
2026-08-16,ORD-103607,SKU-BEA-0019,4,La Lucha Restaurant
16/08/2026,ORD-103608,SKU-TOO-0080,2,Delta Construction
2026-08-16,ORD-103609,SKU-OFF-0283,18,Lucero Minimarket
2026-08-16,ORD-103609,SKU-GAR-0021,1,Lince Vet Center
16-Aug-26,ORD-103611,SKU-GAR-0113,11,Happy Pet Store
2026-08-16,ORD-103611,SKU-DAI-0072,2,Inkafarma Comas Pharmacy
2026-08-16,ORD-103612,SKU-DAI-0303,2,La Lucha Restaurant
16-Aug-26,ORD-103612,SKU-HAR-0093,9,Andean Group Offices
2026-08-16,ORD-103613,SKU-DAI-0169,1,Andean Group Offices
2026-08-16,ORD-103613,SKU-CLE-0248,2,Delta Construction
2026-08-16,ORD-103614,SKU-PET-0106,5,El Tornillo Hardware
2026-08-16,ORD-103615,SKU-HAR-0309,13,Inkafarma Comas Pharmacy
2026-08-16,ORD-103616,SKU-FRO-0203,26,Wong North Supermarkets
16/08/2026,ORD-103616,SKU-BEV-0174,4,Andean Group Offices
2026-08-16,ORD-103616,SKU-FRO-0132,8,Happy Pet Store
2026-08-16,ORD-103617,SKU-OFF-0010,6,Happy Pet Store
16/08/2026,ORD-103617,SKU-GAR-0157,2,La Lucha Restaurant
16/08/2026,ORD-103618,SKU-PET-0087,3,Happy Pet Store
2026-08-16,ORD-103618, SKU-SNA-0188,11,El Tornillo Hardware
16/08/2026,ORD-103619, SKU-FRO-0179,2,San Martin Corner Store
16/08/2026,ORD-103619,SKU-DAI-0123,1,Lince Vet Center
2026-08-16,ORD-103620,SKU-OFF-0257,10,Inkafarma Comas Pharmacy
16/08/2026,ORD-103620,SKU-DAI-0313,9,Delta Construction
16-Aug-26,ORD-103620,SKU-DAI-0123,3,El Tornillo Hardware
2026-08-16,ORD-103622,SKU-OFF-0257,2,Wong North Supermarkets
16-Aug-26,ORD-103622,sku-dai-0003,12,San Martin Corner Store
16-Aug-26,ORD-103623,SKU-DAI-0123,8,San Martin Corner Store
2026-08-16,ORD-103623,SKU-CLE-0018,21,Inkafarma Comas Pharmacy
16-Aug-26,ORD-103623,SKU-BEA-0144,15,Lucero Minimarket
16-Aug-26,ORD-103624,SKU-OFF-0257,6,Lince Vet Center
16/08/2026,ORD-103624,SKU-OFF-0140,5,Happy Pet Store
16/08/2026,ORD-103625,SKU-SNA-0199,3,Lince Vet Center
2026-08-16,ORD-103625,SKU-DAI-0184,14,Delta Construction
16/08/2026,ORD-103625,SKU-BEV-0174,3,Lince Vet Center
16/08/2026,ORD-103626,SKU-GAR-0195,13,Lince Vet Center
16/08/2026,ORD-103626,SKU-TOO-0069,4,San Martin Corner Store
16/08/2026,ORD-103627,SKU-BEV-0242,22,El Tornillo Hardware
16-Aug-26,ORD-103627,SKU-DAI-0164,2,Lince Vet Center
16-Aug-26,ORD-103628,SKU-TOO-0026,9,Happy Pet Store
16/08/2026,ORD-103628,SKU-BEA-0062,3,Inkafarma Comas Pharmacy
16/08/2026,ORD-103628,SKU-TOO-0279,11,Wong North Supermarkets
16/08/2026,ORD-103629,SKU-FRO-0196,16,San Martin Corner Store
16-Aug-26,ORD-103630,SKU-FRO-0272,7,Inkafarma Comas Pharmacy
2026-08-16,ORD-103631,SKU-BEA-0073,9,Andean Group Offices
16-Aug-26,ORD-103631,SKU-FRO-0114,18,Wong North Supermarkets
16/08/2026,ORD-103632,SKU-BEA-0177,6,Delta Construction
16/08/2026,ORD-103632,SKU-HOM-0316,9,El Tornillo Hardware
2026-08-16,ORD-103633,SKU-PET-0173,5,Lucero Minimarket
16-Aug-26,ORD-103634,SKU-SNA-0057,8,Inkafarma Comas Pharmacy
16-Aug-26,ORD-103634,SKU-CLE-0018,4,Andean Group Offices
2026-08-16,ORD-103635,SKU-BEA-0177,3,Lucero Minimarket
16-Aug-26,ORD-103635,SKU-FRO-0203,4,San Martin Corner Store
2026-08-16,ORD-103636,SKU-GAR-0287,7,Lucero Minimarket
16-Aug-26,ORD-103636,SKU-BEA-0191,5,Andean Group Offices
2026-08-16,ORD-103637,SKU-BEA-0096,5,Happy Pet Store
16/08/2026,ORD-103638,SKU-FRO-0272,21,Delta Construction
16-Aug-26,ORD-103638,SKU-OFF-0043,2,Wong North Supermarkets
16/08/2026,ORD-103638,SKU-FRO-0261,3,El Tornillo Hardware
2026-08-16,ORD-103639, SKU-FRO-0213,18,Wong North Supermarkets
16/08/2026,ORD-103639,SKU-GAR-0113,21,Lucero Minimarket
16-Aug-26,ORD-103640,SKU-BEA-0019,1,San Martin Corner Store
2026-08-16,ORD-103640,SKU-DAI-0070,7,Lucero Minimarket
16-Aug-26,ORD-103641,SKU-DAI-0003,15,El Tornillo Hardware
16-Aug-26,ORD-103641,SKU-OFF-0283,9,Lucero Minimarket
16/08/2026,ORD-103642,SKU-SNA-0292,3,Wong North Supermarkets
2026-08-16,ORD-103642,SKU-SNA-0030,13,La Lucha Restaurant
16/08/2026,ORD-103643,SKU-FRO-0203,20,Andean Group Offices
16/08/2026,ORD-103643,SKU-FRO-0136,1,San Martin Corner Store
16-Aug-26,ORD-103644,SKU-FRO-0296,5,Happy Pet Store
2026-08-16,ORD-103644,SKU-BEA-0126,8,Andean Group Offices
2026-08-16,ORD-103645,SKU-SNA-0057,12,San Martin Corner Store
16-Aug-26,ORD-103645,SKU-PET-0227,2,San Martin Corner Store
16-Aug-26,ORD-103646,SKU-HOM-0262,3,Wong North Supermarkets
2026-08-16,ORD-103646,sku-off-0228,13,Lince Vet Center
2026-08-16,ORD-103647,SKU-FRO-0261,2,Inkafarma Comas Pharmacy
16-Aug-26,ORD-103647,SKU-PET-0040,5,Lucero Minimarket
16/08/2026,ORD-103648,SKU-HOM-0253,2,El Tornillo Hardware
16/08/2026,ORD-103648,SKU-BEA-0151,9,Inkafarma Comas Pharmacy
16-Aug-26,ORD-103648,SKU-FRO-0296,3,Delta Construction
2026-08-16,ORD-103649,SKU-DAI-0184,10,Lince Vet Center
16-Aug-26,ORD-103649,SKU-FRO-0090,8,Delta Construction
16-Aug-26,ORD-103650,SKU-FRO-0109,7,Andean Group Offices
16/08/2026,ORD-103650,SKU-PET-0146,2,Wong North Supermarkets
16/08/2026,ORD-103650,SKU-HOM-0253,6,San Martin Corner Store
16-Aug-26,ORD-103651,SKU-OFF-0228,5,Happy Pet Store
16-Aug-26,ORD-103652,SKU-FRO-0261,4,La Lucha Restaurant
16-Aug-26,ORD-103653,SKU-PET-0227,1,Andean Group Offices
2026-08-16,ORD-103653,SKU-DAI-0184,11,Delta Construction
16-Aug-26,ORD-103653,SKU-FRO-0288,3,Happy Pet Store
2026-08-16,ORD-103654,SKU GAR 0113,17,Wong North Supermarkets
16/08/2026,ORD-103655,SKU-DAI-0003,9,San Martin Corner Store
16/08/2026,ORD-103656,SKU-PET-0040,18,San Martin Corner Store
16-Aug-26,ORD-103656,SKU-DAI-0072,15,Lucero Minimarket
16-Aug-26,ORD-103656,SKU-OFF-0060,12,Lince Vet Center
16/08/2026,ORD-103657,SKU-DAI-0184,17,El Tornillo Hardware
16/08/2026,ORD-103657,SKU-BEA-0019,2,Delta Construction
2026-08-16,ORD-103658,SKU-SNA-0233,1,Delta Construction
16-Aug-26,ORD-103659,SKU-BEA-0144,12,Delta Construction
16/08/2026,ORD-103659,SKU-DAI-0164,2,Inkafarma Comas Pharmacy
2026-08-16,ORD-103660,SKU-HOM-0020,1,Lince Vet Center
16-Aug-26,ORD-103660,SKU-OFF-0283,21,La Lucha Restaurant
2026-08-16,ORD-103661,SKU-SNA-0298,9,Inkafarma Comas Pharmacy
2026-08-16,ORD-103662,SKU-DAI-0072,8,San Martin Corner Store
16-Aug-26,ORD-103662,SKU-OFF-0043,12,La Lucha Restaurant
16-Aug-26,ORD-103663,SKU-HOM-0262,4,La Lucha Restaurant
16/08/2026,ORD-103664,SKU-SNA-0244,28,El Tornillo Hardware
16-Aug-26,ORD-103664,SKU-FRO-0213,8,Happy Pet Store
2026-08-16,ORD-103664,SKU-SNA-0030,6,Inkafarma Comas Pharmacy
16-Aug-26,ORD-103665,SKU-PET-0031,4,San Martin Corner Store
16/08/2026,ORD-103665,SKU-DAI-0054,5,Lucero Minimarket
16/08/2026,ORD-103667,SKU-SNA-0292,11,Andean Group Offices
16-Aug-26,ORD-103668,SKU-TOO-0279,11,Andean Group Offices
16/08/2026,ORD-103668,SKU-BEV-0219,11,Wong North Supermarkets
2026-08-16,ORD-103668,SKU-FRO-0278,12,El Tornillo Hardware
2026-08-16,ORD-103669,SKU-GAR-0039,4,Wong North Supermarkets
2026-08-16,ORD-103669,SKU-DAI-0313,10,Wong North Supermarkets
16/08/2026,ORD-103670,SKU-BEV-0219,4,San Martin Corner Store
16-Aug-26,ORD-103670,SKU-BEA-0062,3,San Martin Corner Store
2026-08-16,ORD-103671,SKU-OFF-0228,1,Lince Vet Center
2026-08-16,ORD-103671,SKU-DAI-0184,4,Happy Pet Store
16-Aug-26,ORD-103671,SKU-PET-0040,11,Inkafarma Comas Pharmacy
2026-08-16,ORD-103672,SKU-HOM-0020,1,Happy Pet Store
2026-08-16,ORD-103673,SKU-DAI-0313,8,Inkafarma Comas Pharmacy
16-Aug-26,ORD-103673,SKU-FRO-0238,7,Lince Vet Center
16/08/2026,ORD-103673,SKU-OFF-0284,16,Happy Pet Store
16-Aug-26,ORD-103674,SKU-DAI-0123,2,Delta Construction
16/08/2026,ORD-103675,SKU-BEA-0019,6,Inkafarma Comas Pharmacy
16-Aug-26,ORD-103675,SKU-GAR-0113,13,Happy Pet Store
16-Aug-26,ORD-103675,SKU-DAI-0313,2,Lince Vet Center
2026-08-16,ORD-103676,SKU-BEA-0183,9,Delta Construction
16/08/2026,ORD-103676,SKU-DAI-0003,20,El Tornillo Hardware
2026-08-16,ORD-103677,SKU-HOM-0065,14,Happy Pet Store
16-Aug-26,ORD-103677,SKU-FRO-0136,1,Wong North Supermarkets
2026-08-16,ORD-103678,SKU-HOM-0204,4,San Martin Corner Store
16/08/2026,ORD-103678,SKU-FRO-0090,25,San Martin Corner Store
2026-08-16,ORD-103678,SKU-OFF-0283,1,El Tornillo Hardware
16-Aug-26,ORD-103679,SKU-DAI-0082,4,Delta Construction
16-Aug-26,ORD-103679,SKU-OFF-0074,24,El Tornillo Hardware
16-Aug-26,ORD-103680,SKU-DAI-0164,3,Andean Group Offices
16/08/2026,ORD-103680,SKU-OFF-0249,4,Lince Vet Center
2026-08-16,ORD-103681,SKU-BEA-0062,2,Happy Pet Store
16/08/2026,ORD-103682,SKU-PET-0106,12,Delta Construction
2026-08-16,ORD-103682,SKU-BEA-0045,10,Inkafarma Comas Pharmacy
16/08/2026,ORD-103682,SKU-OFF-0225,12,La Lucha Restaurant
16/08/2026,ORD-103683,SKU-FRO-0014,15,El Tornillo Hardware
16/08/2026,ORD-103684,SKU-DAI-0123,1,Delta Construction
2026-08-16,ORD-103684,SKU-DAI-0070,10,Lince Vet Center
16-Aug-26,ORD-103685,SKU-FRO-0288,2,Lince Vet Center
16-Aug-26,ORD-103685,SKU-DAI-0054,7,San Martin Corner Store
16/08/2026,ORD-103685,SKU-PET-0227,6,Inkafarma Comas Pharmacy
2026-08-16,ORD-103686,SKU-FRO-0196,6,La Lucha Restaurant
16/08/2026,ORD-103686,SKU-DAI-0303,1,Inkafarma Comas Pharmacy
16/08/2026,ORD-103686,SKU-BEA-0193,10,Lince Vet Center
2026-08-16,ORD-103687,SKU-DAI-0169,15,Delta Construction
16/08/2026,ORD-103688,SKU-BEA-0310,12,El Tornillo Hardware
16/08/2026,ORD-103688,SKU-FRO-0196,7,El Tornillo Hardware
16/08/2026,ORD-103690,SKU-FRO-0109,3,Lince Vet Center
2026-08-16,ORD-103690,SKU-BEA-0034,6,Delta Construction
2026-08-16,ORD-103691,SKU-DAI-0123,7,Lince Vet Center
16-Aug-26,ORD-103691,SKU-BEV-0242,28,La Lucha Restaurant
2026-08-16,ORD-103691,SKU-TOO-0295,1,Lince Vet Center
2026-08-16,ORD-103692,sku-sna-0171,9,Andean Group Offices
16/08/2026,ORD-103692,SKU-BEV-0162,4,Inkafarma Comas Pharmacy
2026-08-16,ORD-103693,SKU-FRO-0238,4,Lucero Minimarket
2026-08-16,ORD-103693,SKU-HOM-0020,5,La Lucha Restaurant
16/08/2026,ORD-103694,SKU-PET-0099,20,San Martin Corner Store
2026-08-16,ORD-103695,SKU-GAR-0287,1,Lince Vet Center
2026-08-16,ORD-103695,SKU-FRO-0085,4,La Lucha Restaurant
16/08/2026,ORD-103696,SKU-OFF-0259,9,Lince Vet Center
16-Aug-26,ORD-103696,SKU-BEV-0180,7,Happy Pet Store
16-Aug-26,ORD-103696,SKU-DAI-0169,11,La Lucha Restaurant
16-Aug-26,ORD-103697,SKU-DAI-0082,10,Delta Construction
16-Aug-26,ORD-103697,SKU-DAI-0313,12,Andean Group Offices
16-Aug-26,ORD-103697,SKU-DAI-0313,20,San Martin Corner Store
16/08/2026,ORD-103698,SKU-TOO-0122,3,Happy Pet Store
2026-08-16,ORD-103698,SKU-BEA-0312,14,San Martin Corner Store
16-Aug-26,ORD-103699,SKU-DAI-0184,17,Inkafarma Comas Pharmacy
16/08/2026,ORD-103699,SKU-TOO-0026,9,Wong North Supermarkets
2026-08-16,ORD-103700,SKU-FRO-0267,16,Inkafarma Comas Pharmacy
16/08/2026,ORD-103700,SKU-GAR-0157,10,San Martin Corner Store
16/08/2026,ORD-103701,SKU-HOM-0112,4,Delta Construction
16-Aug-26,ORD-103701,SKU-FRO-0109,10,La Lucha Restaurant
16/08/2026,ORD-103702,SKU-OFF-0236,5,El Tornillo Hardware
16-Aug-26,ORD-103702,SKU-FRO-0114,17,Inkafarma Comas Pharmacy
2026-08-16,ORD-103702,SKU-CLE-0028,1,El Tornillo Hardware
16-Aug-26,ORD-103703,SKU-OFF-0228,1,Andean Group Offices
16-Aug-26,ORD-103704,SKU-DAI-0184,7,Lince Vet Center
2026-08-16,ORD-103704,SKU-TOO-0131,24,El Tornillo Hardware
2026-08-16,ORD-103706,SKU-FRO-0238,14,San Martin Corner Store
16-Aug-26,ORD-103706,SKU BEA 0215,15,Andean Group Offices
16/08/2026,ORD-103707,SKU-BEA-0045,21,Andean Group Offices
16/08/2026,ORD-103707,SKU-GAR-0039,13,Andean Group Offices
2026-08-16,ORD-103707,SKU-FRO-0114,14,San Martin Corner Store
16/08/2026,ORD-103709,SKU-DAI-0313,20,Happy Pet Store
16-Aug-26,ORD-103709,SKU-CLE-0240,23,Lucero Minimarket
2026-08-16,ORD-103709,SKU-PET-0076,1,Wong North Supermarkets
2026-08-16,ORD-103710,SKU-DAI-0070,8,Inkafarma Comas Pharmacy
16-Aug-26,ORD-103710,SKU-FRO-0272,2,Inkafarma Comas Pharmacy
16/08/2026,ORD-103710,SKU-DAI-0303,1,Happy Pet Store
2026-08-16,ORD-103711,SKU-CLE-0240,1,El Tornillo Hardware
16/08/2026,ORD-103712,SKU-BEV-0033,4,Inkafarma Comas Pharmacy
16/08/2026,ORD-103712,SKU-FRO-0278,9,Lince Vet Center
16-Aug-26,ORD-103713,SKU-DAI-0303,4,Lucero Minimarket
2026-08-16,ORD-103714,SKU-FRO-0296,13,Happy Pet Store
16-Aug-26,ORD-103714,SKU-HOM-0089,1,Lucero Minimarket
16-Aug-26,ORD-103715,SKU-TOO-0279,7,Andean Group Offices
2026-08-16,ORD-103715,SKU-TOO-0279,12,Lucero Minimarket
2026-08-16,ORD-103717,SKU-FRO-0014,1,Delta Construction
2026-08-16,ORD-103717,SKU-FRO-0246,3,Andean Group Offices
2026-08-16,ORD-103717,SKU-FRO-0272,15,El Tornillo Hardware
16-Aug-26,ORD-103718,SKU-CLE-0263,2,Inkafarma Comas Pharmacy
16/08/2026,ORD-103718,SKU-SNA-0100,9,El Tornillo Hardware
16-Aug-26,ORD-103719,SKU-BEA-0151,1,Lince Vet Center
2026-08-16,ORD-103719,SKU-FRO-0267,13,Lucero Minimarket
16-Aug-26,ORD-103720,SKU-HAR-0266,2,Delta Construction
2026-08-16,ORD-103720,SKU-HOM-0253,8,Happy Pet Store
16/08/2026,ORD-103720,SKU-HOM-0013,3,El Tornillo Hardware
16-Aug-26,ORD-103721,SKU-TOO-0067,1,San Martin Corner Store
16-Aug-26,ORD-103721,SKU-DAI-0164,1,Happy Pet Store
16/08/2026,ORD-103722,SKU-FRO-0278,8,Lince Vet Center
2026-08-16,ORD-103722,SKU-FRO-0278,2,Inkafarma Comas Pharmacy
16-Aug-26,ORD-103723,SKU-HAR-0309,19,Lince Vet Center
2026-08-16,ORD-103723,SKU-OFF-0228,6,El Tornillo Hardware
16-Aug-26,ORD-103724,SKU-FRO-0267,14,Andean Group Offices
16/08/2026,ORD-103725,SKU-BEA-0034,16,El Tornillo Hardware
16/08/2026,ORD-103726,SKU-BEV-0037,9,Lucero Minimarket
16-Aug-26,ORD-103726,SKU-OFF-0283,13,Inkafarma Comas Pharmacy
16-Aug-26,ORD-103727,SKU-FRO-0278,8,Lucero Minimarket
16-Aug-26,ORD-103728,SKU-DAI-0164,1,Happy Pet Store
16-Aug-26,ORD-103728,SKU-OFF-0140,9,El Tornillo Hardware
2026-08-16,ORD-103728,SKU-HOM-0204,9,La Lucha Restaurant
16/08/2026,ORD-103729,sku-bea-0177,3,Delta Construction
2026-08-16,ORD-103729,SKU-BEV-0242,19,Andean Group Offices
16/08/2026,ORD-103730,SKU-HOM-0204,1,Happy Pet Store
16/08/2026,ORD-103730,SKU-OFF-0007,6,Lucero Minimarket
16-Aug-26,ORD-103730,SKU-SNA-0319,3,Happy Pet Store
16/08/2026,ORD-103731,SKU-DAI-0072,18,Lince Vet Center
16/08/2026,ORD-103732,SKU-DAI-0123,1,Wong North Supermarkets
16/08/2026,ORD-103732,SKU-BEV-0301,4,Happy Pet Store
2026-08-16,ORD-103733,SKU-FRO-0114,2,San Martin Corner Store
16-Aug-26,ORD-103733,SKU-HOM-0289,1,Delta Construction
2026-08-16,ORD-103734,SKU-BEV-0273,7,Lince Vet Center
16/08/2026,ORD-103734,SKU-SNA-0223,7,La Lucha Restaurant
2026-08-16,ORD-103735,sku-gar-0021,5,Inkafarma Comas Pharmacy
16/08/2026,ORD-103735,SKU-BEA-0215,2,La Lucha Restaurant
16/08/2026,ORD-103736,SKU-HOM-0015,11,Wong North Supermarkets
16-Aug-26,ORD-103736,SKU-BEV-0058,14,Delta Construction
16-Aug-26,ORD-103737,SKU-DAI-0070,1,San Martin Corner Store
2026-08-16,ORD-103737,SKU-HOM-0286,3,Andean Group Offices
16/08/2026,ORD-103738,SKU-HOM-0065,6,Delta Construction
16/08/2026,ORD-103738,SKU-BEV-0219,10,San Martin Corner Store
16-Aug-26,ORD-103738,SKU-PET-0087,6,El Tornillo Hardware
2026-08-16,ORD-103739,SKU-FRO-0296,1,San Martin Corner Store
16/08/2026,ORD-103740,SKU-GAR-0113,18,Lucero Minimarket
16/08/2026,ORD-103740,SKU-CLE-0276,2,Wong North Supermarkets
16/08/2026,ORD-103740,SKU-FRO-0014,9,Inkafarma Comas Pharmacy
2026-08-16,ORD-103741,SKU-DAI-0303,3,Inkafarma Comas Pharmacy
16/08/2026,ORD-103742,SKU-OFF-0060,15,Inkafarma Comas Pharmacy
16-Aug-26,ORD-103743,SKU-SNA-0244,17,Wong North Supermarkets
16/08/2026,ORD-103743,SKU-DAI-0313,16,San Martin Corner Store
2026-08-16,ORD-103743,SKU-BEA-0264,3,La Lucha Restaurant
16/08/2026,ORD-103744,SKU-OFF-0257,1,Lucero Minimarket
16-Aug-26,ORD-103744,SKU-PET-0017,1,Lince Vet Center
16/08/2026,ORD-103745,SKU-CLE-0240,4,Andean Group Offices
2026-08-16,ORD-103745,SKU-FRO-0085,6,Lince Vet Center
16-Aug-26,ORD-103746,SKU-BEV-0311,18,Andean Group Offices
2026-08-16,ORD-103746,SKU-BEV-0301,1,Lince Vet Center
16/08/2026,ORD-103746,SKU-PET-0076,7,Wong North Supermarkets
16/08/2026,ORD-103747,SKU-BEV-0176,5,La Lucha Restaurant
16-Aug-26,ORD-103747,SKU-DAI-0169,13,La Lucha Restaurant
16-Aug-26,ORD-103748,SKU-FRO-0196,3,Wong North Supermarkets
2026-08-16,ORD-103748,SKU-PET-0270,2,Wong North Supermarkets
16/08/2026,ORD-103749,SKU-HOM-0204,2,El Tornillo Hardware
16-Aug-26,ORD-103749,SKU-BEA-0312,21,San Martin Corner Store
16-Aug-26,ORD-103750,SKU-OFF-0259,10,Happy Pet Store
16/08/2026,ORD-103750,SKU-PET-0076,6,Inkafarma Comas Pharmacy
16/08/2026,ORD-103751,sku-hom-0112,14,El Tornillo Hardware
2026-08-16,ORD-103751,SKU-BEA-0291,6,Lince Vet Center
16/08/2026,ORD-103751,SKU-OFF-0283,9,Wong North Supermarkets
16/08/2026,ORD-103752,SKU-FRO-0288,2,El Tornillo Hardware
2026-08-16,ORD-103752,SKU-HOM-0089,2,Happy Pet Store
16/08/2026,ORD-103754,SKU-DAI-0070,2,Wong North Supermarkets
2026-08-16,ORD-103754,SKU-SNA-0223,14,Lucero Minimarket
16/08/2026,ORD-103755,SKU-BEA-0144,6,Lince Vet Center
2026-08-16,ORD-103755,SKU-OFF-0284,10,Andean Group Offices
2026-08-16,ORD-103756,SKU-SNA-0223,2,Andean Group Offices
2026-08-16,ORD-103756,SKU-CLE-0018,19,Delta Construction
16/08/2026,ORD-103757,SKU-HOM-0013,1,Delta Construction
16/08/2026,ORD-103757,SKU-GAR-0111,11,Wong North Supermarkets
2026-08-16,ORD-103757,SKU-DAI-0169,3,El Tornillo Hardware
2026-08-16,ORD-103758,SKU-DAI-0303,3,Inkafarma Comas Pharmacy
16/08/2026,ORD-103758,SKU-HOM-0089,10,San Martin Corner Store
16-Aug-26,ORD-103759,SKU-HOM-0286,4,Happy Pet Store
16/08/2026,ORD-103759,SKU-SNA-0315,13,Delta Construction
2026-08-16,ORD-103759,SKU-DAI-0054,10,La Lucha Restaurant
16-Aug-26,ORD-103760,SKU-SNA-0097,12,Happy Pet Store
2026-08-16,ORD-103761,SKU-DAI-0072,4,Delta Construction
16/08/2026,ORD-103761,SKU-HOM-0127,2,Wong North Supermarkets
2026-08-16,ORD-103762,SKU-PET-0102,4,Inkafarma Comas Pharmacy
16/08/2026,ORD-103763,SKU-CLE-0209,14,Lince Vet Center
2026-08-16,ORD-103763,SKU-HOM-0286,1,Lucero Minimarket
2026-08-16,ORD-103763,SKU-PET-0318,16,Lince Vet Center
2026-08-16,ORD-103764,SKU-DAI-0169,5,Andean Group Offices
2026-08-16,ORD-103765,SKU-CLE-0061,26,Inkafarma Comas Pharmacy
16-Aug-26,ORD-103765,SKU-DAI-0072,2,Happy Pet Store
16/08/2026,ORD-103766,SKU-BEV-0037,5,San Martin Corner Store
16-Aug-26,ORD-103766,SKU-FRO-0278,10,Delta Construction
16/08/2026,ORD-103766,SKU-DAI-0054,10,Wong North Supermarkets
16-Aug-26,ORD-103767,SKU-CLE-0299,5,La Lucha Restaurant
2026-08-16,ORD-103767,SKU-TOO-0125,7,Lucero Minimarket
16-Aug-26,ORD-103768,SKU-BEV-0033,4,Wong North Supermarkets
16-Aug-26,ORD-103768,SKU-CLE-0041,3,Lince Vet Center
16-Aug-26,ORD-103768,SKU-TOO-0125,12,Wong North Supermarkets
16-Aug-26,ORD-103769,SKU-BEA-0126,2,Delta Construction
16-Aug-26,ORD-103769,SKU-GAR-0039,4,Delta Construction
16-Aug-26,ORD-103770,SKU-PET-0102,10,Andean Group Offices
16/08/2026,ORD-103771,SKU-FRO-0238,16,Delta Construction
2026-08-16,ORD-103771,SKU-CLE-0248,6,Inkafarma Comas Pharmacy
16/08/2026,ORD-103771,SKU-TOO-0221,3,Lucero Minimarket
16/08/2026,ORD-103773,SKU-DAI-0169,1,Wong North Supermarkets
16-Aug-26,ORD-103773,SKU-DAI-0082,1,San Martin Corner Store
16-Aug-26,ORD-103773,SKU-FRO-0109,10,Delta Construction
2026-08-16,ORD-103774,SKU-HOM-0262,11,El Tornillo Hardware
16/08/2026,ORD-103774,SKU-FRO-0014,4,Andean Group Offices
2026-08-16,ORD-103774,SKU-OFF-0259,26,El Tornillo Hardware
16/08/2026,ORD-103775,SKU-BEV-0174,1,Andean Group Offices
16/08/2026,ORD-103775,SKU-FRO-0261,5,San Martin Corner Store
16-Aug-26,ORD-103775,SKU-TOO-0216,1,Delta Construction
2026-08-16,ORD-103776,SKU-PET-0099,23,Lince Vet Center
16-Aug-26,ORD-103777,SKU-DAI-0123,1,San Martin Corner Store
16/08/2026,ORD-103778,SKU-BEA-0264,4,Lucero Minimarket
16/08/2026,ORD-103778,SKU-BEA-0215,15,El Tornillo Hardware
2026-08-16,ORD-103778,SKU-SNA-0188,18,Andean Group Offices
16-Aug-26,ORD-103779,SKU-SNA-0030,15,El Tornillo Hardware
16/08/2026,ORD-103780,SKU TOO 0221,4,San Martin Corner Store
16-Aug-26,ORD-103780,SKU-OFF-0225,3,El Tornillo Hardware
16/08/2026,ORD-103780,SKU-HOM-0020,4,Andean Group Offices
16-Aug-26,ORD-103781,SKU-FRO-0288,2,Andean Group Offices
2026-08-16,ORD-103782,SKU-HAR-0237,6,Lince Vet Center
2026-08-16,ORD-103782,SKU-OFF-0259,27,Delta Construction
16/08/2026,ORD-103783,SKU-DAI-0184,13,Inkafarma Comas Pharmacy
16-Aug-26,ORD-103783,SKU-SNA-0057,17,Inkafarma Comas Pharmacy
16-Aug-26,ORD-103784,SKU-FRO-0272,9,Lince Vet Center
16-Aug-26,ORD-103784,SKU-BEV-0174,2,Inkafarma Comas Pharmacy
2026-08-16,ORD-103785,SKU-PET-0217,9,El Tornillo Hardware
16/08/2026,ORD-103785,SKU-CLE-0108,9,Lince Vet Center
2026-08-16,ORD-103786,SKU-FRO-0246,4,Lince Vet Center
2026-08-16,ORD-103787,SKU-PET-0270,9,Happy Pet Store
16/08/2026,ORD-103788,SKU-BEA-0045,7,Andean Group Offices
16/08/2026,ORD-103788,SKU-CLE-0263,6,San Martin Corner Store
16-Aug-26,ORD-103789, SKU-DAI-0303,3,El Tornillo Hardware
16-Aug-26,ORD-103789,SKU-PET-0031,2,Wong North Supermarkets
16-Aug-26,ORD-103789,SKU-FRO-0132,28,Andean Group Offices
16-Aug-26,ORD-103790,SKU-HAR-0309,15,Happy Pet Store
16/08/2026,ORD-103790,SKU-HOM-0204,10,Wong North Supermarkets
16/08/2026,ORD-103791,SKU-DAI-0303,2,Wong North Supermarkets
2026-08-16,ORD-103792,SKU-DAI-0313,15,La Lucha Restaurant
2026-08-16,ORD-103793,SKU-SNA-0244,21,Andean Group Offices
2026-08-16,ORD-103794,SKU-DAI-0072,8,Andean Group Offices
17-Aug-26,ORD-103795,SKU-CLE-0248,5,San Martin Corner Store
17-Aug-26,ORD-103795,SKU-DAI-0169,12,Lucero Minimarket
17/08/2026,ORD-103796,SKU-BEV-0084,7,Lince Vet Center
17/08/2026,ORD-103796,SKU-FRO-0246,3,Delta Construction
17-Aug-26,ORD-103796,SKU-OFF-0074,18,Wong North Supermarkets
17-Aug-26,ORD-103797,SKU-BEV-0118,3,Lucero Minimarket
2026-08-17,ORD-103797,SKU-TOO-0069,2,La Lucha Restaurant
17-Aug-26,ORD-103797,SKU-BEV-0242,20,Wong North Supermarkets
17-Aug-26,ORD-103798,SKU-HOM-0112,3,Inkafarma Comas Pharmacy
17-Aug-26,ORD-103798,SKU-DAI-0072,2,El Tornillo Hardware
2026-08-17,ORD-103798,SKU-DAI-0169,5,Happy Pet Store
2026-08-17,ORD-103799,SKU-HOM-0289,11,El Tornillo Hardware
17-Aug-26,ORD-103799,SKU-FRO-0179,10,Delta Construction
2026-08-17,ORD-103800,SKU-CLE-0041,17,El Tornillo Hardware
17/08/2026,ORD-103800,SKU-CLE-0028,7,El Tornillo Hardware
2026-08-17,ORD-103802,SKU-TOO-0049,18,La Lucha Restaurant
2026-08-17,ORD-103802,SKU-CLE-0139,2,Delta Construction
2026-08-17,ORD-103802,SKU-DAI-0072,1,Happy Pet Store
2026-08-17,ORD-103803,SKU-FRO-0179,2,Lince Vet Center
17-Aug-26,ORD-103804,SKU-HOM-0020,3,Andean Group Offices
17/08/2026,ORD-103804,SKU-FRO-0014,14,La Lucha Restaurant
17/08/2026,ORD-103805,SKU-BEA-0126,5,Inkafarma Comas Pharmacy
2026-08-17,ORD-103805,SKU-BEV-0176,3,Andean Group Offices
2026-08-17,ORD-103806,SKU-SNA-0223,9,La Lucha Restaurant
2026-08-17,ORD-103807,SKU-OFF-0249,1,Andean Group Offices
17/08/2026,ORD-103807,SKU-BEV-0150,3,San Martin Corner Store
17/08/2026,ORD-103808,SKU-DAI-0184,18,San Martin Corner Store
17/08/2026,ORD-103808,SKU-FRO-0238,2,Happy Pet Store
17/08/2026,ORD-103809, SKU-GAR-0113,10,San Martin Corner Store
2026-08-17,ORD-103810,SKU-GAR-0157,26,Lince Vet Center
17/08/2026,ORD-103810,SKU-BEV-0150,2,Lince Vet Center
17-Aug-26,ORD-103810,SKU-BEA-0163,1,Happy Pet Store
2026-08-17,ORD-103811,SKU-CLE-0061,10,Happy Pet Store
17-Aug-26,ORD-103811,SKU-OFF-0284,6,San Martin Corner Store
17-Aug-26,ORD-103812,SKU-BEA-0193,8,Lucero Minimarket
2026-08-17,ORD-103812,SKU-HOM-0166,1,La Lucha Restaurant
2026-08-17,ORD-103813,SKU-HAR-0093,9,La Lucha Restaurant
17/08/2026,ORD-103814,SKU-TOO-0122,10,Lince Vet Center
17/08/2026,ORD-103814,SKU-DAI-0184,1,La Lucha Restaurant
17/08/2026,ORD-103814,SKU-FRO-0014,1,La Lucha Restaurant
17/08/2026,ORD-103815,SKU-TOO-0056,4,San Martin Corner Store
2026-08-17,ORD-103815,SKU-HOM-0013,4,San Martin Corner Store
2026-08-17,ORD-103815,SKU-PET-0017,1,La Lucha Restaurant
17/08/2026,ORD-103816,SKU-GAR-0113,2,Wong North Supermarkets
17/08/2026,ORD-103817,SKU-TOO-0216,6,Lucero Minimarket
17/08/2026,ORD-103817,SKU-DAI-0003,2,Happy Pet Store
17-Aug-26,ORD-103818,SKU-BEV-0180,2,Lince Vet Center
17-Aug-26,ORD-103819,SKU-FRO-0203,20,El Tornillo Hardware
17-Aug-26,ORD-103819,SKU-TOO-0049,23,San Martin Corner Store
2026-08-17,ORD-103820,SKU-OFF-0007,1,Happy Pet Store
17-Aug-26,ORD-103820,SKU-FRO-0278,2,Lince Vet Center
17-Aug-26,ORD-103821,SKU-TOO-0295,7,Happy Pet Store
17-Aug-26,ORD-103821,SKU-BEV-0150,13,Delta Construction
17/08/2026,ORD-103822,SKU-DAI-0082,10,Delta Construction
17-Aug-26,ORD-103822,SKU-HOM-0166,1,Happy Pet Store
2026-08-17,ORD-103823,SKU-OFF-0257,4,San Martin Corner Store
2026-08-17,ORD-103823,SKU-DAI-0003,9,Delta Construction
17-Aug-26,ORD-103823,SKU-PET-0318,14,Delta Construction
17/08/2026,ORD-103824,SKU-DAI-0003,13,San Martin Corner Store
17/08/2026,ORD-103824,SKU-DAI-0184,13,La Lucha Restaurant
2026-08-17,ORD-103825,SKU-FRO-0136,8,Inkafarma Comas Pharmacy
2026-08-17,ORD-103825,SKU-BEA-0168,6,La Lucha Restaurant
17/08/2026,ORD-103825,SKU-CLE-0028,7,El Tornillo Hardware
2026-08-17,ORD-103826,SKU-DAI-0072,14,Happy Pet Store
17-Aug-26,ORD-103826,SKU-DAI-0123,1,Lucero Minimarket
17/08/2026,ORD-103826,SKU-GAR-0021,4,Andean Group Offices
17/08/2026,ORD-103827,SKU-PET-0155,5,La Lucha Restaurant
2026-08-17,ORD-103827,SKU-OFF-0228,20,El Tornillo Hardware
17/08/2026,ORD-103828,SKU-OFF-0283,10,San Martin Corner Store
2026-08-17,ORD-103828,SKU-BEV-0174,6,El Tornillo Hardware
17/08/2026,ORD-103828,SKU-BEA-0264,8,Happy Pet Store
17-Aug-26,ORD-103829,SKU-OFF-0074,24,Lince Vet Center
2026-08-17,ORD-103830,SKU-OFF-0225,14,Andean Group Offices
17/08/2026,ORD-103831,SKU-DAI-0072,16,Wong North Supermarkets
17-Aug-26,ORD-103831,SKU-DAI-0082,5,Happy Pet Store
17-Aug-26,ORD-103832,SKU-BEA-0119,15,La Lucha Restaurant
17/08/2026,ORD-103832,SKU-FRO-0085,16,El Tornillo Hardware
17/08/2026,ORD-103833,SKU-SNA-0223,6,Andean Group Offices
17-Aug-26,ORD-103833,SKU-FRO-0278,11,Lince Vet Center
17-Aug-26,ORD-103833,SKU GAR 0113,24,La Lucha Restaurant
17-Aug-26,ORD-103834,SKU-FRO-0090,7,La Lucha Restaurant
17-Aug-26,ORD-103834,SKU-BEA-0138,1,Lucero Minimarket
2026-08-17,ORD-103835,SKU-HOM-0208,10,Lince Vet Center
17-Aug-26,ORD-103836,SKU-GAR-0153,2,Andean Group Offices
2026-08-17,ORD-103836,SKU-CLE-0018,13,Wong North Supermarkets
2026-08-17,ORD-103837,SKU-FRO-0213,1,Lince Vet Center
17-Aug-26,ORD-103838,SKU-FRO-0238,4,La Lucha Restaurant
2026-08-17,ORD-103838,SKU-SNA-0199,21,Andean Group Offices
17/08/2026,ORD-103838,SKU-BEA-0312,10,Andean Group Offices
2026-08-17,ORD-103839,SKU-SNA-0188,28,San Martin Corner Store
2026-08-17,ORD-103839,SKU-BEA-0312,24,El Tornillo Hardware
17-Aug-26,ORD-103840,SKU-GAR-0039,13,Delta Construction
17/08/2026,ORD-103841,SKU-FRO-0196,2,Delta Construction
17-Aug-26,ORD-103842,SKU-GAR-0111,3,La Lucha Restaurant
17-Aug-26,ORD-103842,SKU-TOO-0080,5,Wong North Supermarkets
2026-08-17,ORD-103843,SKU-HAR-0266,9,Lucero Minimarket
17-Aug-26,ORD-103845,SKU-HOM-0020,4,Andean Group Offices
17/08/2026,ORD-103845,SKU-DAI-0072,4,La Lucha Restaurant
17/08/2026,ORD-103846,SKU-FRO-0136,2,El Tornillo Hardware
17/08/2026,ORD-103846,SKU-OFF-0283,9,Andean Group Offices
17/08/2026,ORD-103847,SKU-GAR-0021,2,Inkafarma Comas Pharmacy
2026-08-17,ORD-103848,SKU-DAI-0082,7,San Martin Corner Store
2026-08-17,ORD-103848,SKU-BEV-0202,6,Inkafarma Comas Pharmacy
17/08/2026,ORD-103849,SKU-FRO-0272,22,La Lucha Restaurant
17-Aug-26,ORD-103850,SKU-BEV-0180,12,San Martin Corner Store
2026-08-17,ORD-103850,sku-bev-0084,20,Happy Pet Store
17-Aug-26,ORD-103851,SKU-SNA-0051,3,Inkafarma Comas Pharmacy
2026-08-17,ORD-103851,SKU-GAR-0195,3,Delta Construction
17-Aug-26,ORD-103852,SKU-DAI-0184,18,El Tornillo Hardware
17-Aug-26,ORD-103852,SKU-TOO-0026,7,Lince Vet Center
2026-08-17,ORD-103853,SKU-DAI-0082,9,Inkafarma Comas Pharmacy
17-Aug-26,ORD-103853,SKU-FRO-0109,5,El Tornillo Hardware
17-Aug-26,ORD-103853,SKU-OFF-0228,23,Delta Construction
2026-08-17,ORD-103854,SKU-TOO-0125,3,Delta Construction
17-Aug-26,ORD-103854,SKU-FRO-0238,4,Wong North Supermarkets
17/08/2026,ORD-103854,SKU-FRO-0196,10,San Martin Corner Store
17/08/2026,ORD-103855,SKU-BEA-0193,5,La Lucha Restaurant
2026-08-17,ORD-103855,SKU-BEA-0185,17,Wong North Supermarkets
2026-08-17,ORD-103856,SKU-GAR-0287,1,Lucero Minimarket
17/08/2026,ORD-103857,SKU-BEA-0185,10,El Tornillo Hardware
17-Aug-26,ORD-103857,SKU-BEA-0019,6,La Lucha Restaurant
17-Aug-26,ORD-103858,SKU-OFF-0043,8,La Lucha Restaurant
17-Aug-26,ORD-103858,SKU-DAI-0164,5,Inkafarma Comas Pharmacy
17-Aug-26,ORD-103859,SKU HOM 0286,5,Delta Construction
2026-08-17,ORD-103861,SKU-OFF-0225,6,Lucero Minimarket
17-Aug-26,ORD-103861,SKU-SNA-0171,11,Lince Vet Center
17-Aug-26,ORD-103861, SKU-CLE-0299,13,Wong North Supermarkets
17-Aug-26,ORD-103862,SKU-BEA-0185,17,El Tornillo Hardware
17/08/2026,ORD-103862,SKU-OFF-0283,16,Happy Pet Store
17-Aug-26,ORD-103862,SKU-DAI-0070,4,Lince Vet Center
2026-08-17,ORD-103863,SKU-TOO-0125,4,La Lucha Restaurant
17/08/2026,ORD-103863,SKU-GAR-0195,17,Lince Vet Center
17-Aug-26,ORD-103864,SKU-FRO-0132,6,El Tornillo Hardware
2026-08-17,ORD-103864,SKU-HOM-0286,3,Happy Pet Store
17-Aug-26,ORD-103865,SKU-FRO-0136,6,San Martin Corner Store
2026-08-17,ORD-103866,SKU-HAR-0266,3,Wong North Supermarkets
17-Aug-26,ORD-103866,SKU-DAI-0184,1,El Tornillo Hardware
17/08/2026,ORD-103866,SKU-BEA-0062,8,El Tornillo Hardware
17/08/2026,ORD-103867,SKU-BEV-0311,22,La Lucha Restaurant
2026-08-17,ORD-103867,SKU-HOM-0204,8,La Lucha Restaurant
17/08/2026,ORD-103867,SKU-SNA-0223,13,La Lucha Restaurant
2026-08-17,ORD-103868,SKU-BEV-0219,10,Andean Group Offices
2026-08-17,ORD-103868,SKU-DAI-0164,5,Andean Group Offices
17-Aug-26,ORD-103869,SKU-CLE-0108,7,Lince Vet Center
17/08/2026,ORD-103869,SKU-BEV-0033,1,La Lucha Restaurant
2026-08-17,ORD-103870,SKU-TOO-0216,2,Inkafarma Comas Pharmacy
17-Aug-26,ORD-103870,SKU-DAI-0313,23,Lince Vet Center
17/08/2026,ORD-103872,SKU-FRO-0136,8,El Tornillo Hardware
2026-08-17,ORD-103872,SKU-GAR-0157,18,Delta Construction
2026-08-17,ORD-103872,SKU-BEV-0084,3,Lucero Minimarket
17/08/2026,ORD-103873,SKU-HOM-0127,15,Delta Construction
17/08/2026,ORD-103873,SKU-DAI-0054,6,Inkafarma Comas Pharmacy
2026-08-17,ORD-103875,SKU-FRO-0278,7,Lucero Minimarket
17/08/2026,ORD-103876,SKU-PET-0106,16,Lucero Minimarket
2026-08-17,ORD-103877,SKU-GAR-0039,5,Lucero Minimarket
2026-08-17,ORD-103877,sku-bev-0118,6,Happy Pet Store
2026-08-17,ORD-103877,SKU-FRO-0296,18,Andean Group Offices
2026-08-17,ORD-103878,SKU-FRO-0179,3,Lucero Minimarket
17-Aug-26,ORD-103878,SKU-SNA-0315,5,Andean Group Offices
2026-08-17,ORD-103880,SKU-OFF-0140,1,San Martin Corner Store
17/08/2026,ORD-103880,SKU-TOO-0026,6,Lince Vet Center
2026-08-17,ORD-103880,SKU-FRO-0090,14,Inkafarma Comas Pharmacy
17-Aug-26,ORD-103881,SKU-DAI-0164,5,La Lucha Restaurant
2026-08-17,ORD-103881,SKU-FRO-0109,3,San Martin Corner Store
2026-08-17,ORD-103881,SKU-DAI-0123,5,San Martin Corner Store
2026-08-17,ORD-103882,SKU-HOM-0204,15,Lucero Minimarket
17-Aug-26,ORD-103883,SKU-FRO-0288,1,Lucero Minimarket
17-Aug-26,ORD-103885,SKU-TOO-0080,5,Inkafarma Comas Pharmacy
17-Aug-26,ORD-103886,SKU-GAR-0021,5,La Lucha Restaurant
17/08/2026,ORD-103887,SKU-BEA-0096,2,Delta Construction
17/08/2026,ORD-103888,SKU-FRO-0267,18,Lince Vet Center
17-Aug-26,ORD-103888,SKU-HAR-0266,15,Andean Group Offices
2026-08-17,ORD-103889,SKU-HOM-0015,24,Lince Vet Center
17/08/2026,ORD-103889,SKU-GAR-0039,15,Delta Construction
2026-08-17,ORD-103889,SKU-BEA-0045,9,San Martin Corner Store
2026-08-17,ORD-103890,SKU-SNA-0171,17,Wong North Supermarkets
17/08/2026,ORD-103891,SKU-BEV-0192,7,Lucero Minimarket
17-Aug-26,ORD-103891,SKU-OFF-0043,13,Lince Vet Center
17/08/2026,ORD-103892,SKU-TOO-0295,9,Inkafarma Comas Pharmacy
17-Aug-26,ORD-103892,SKU-FRO-0213,20,Wong North Supermarkets
17/08/2026,ORD-103892,SKU-BEA-0148,2,Happy Pet Store
2026-08-17,ORD-103893,SKU-HOM-0204,1,Andean Group Offices
2026-08-17,ORD-103893,SKU-SNA-0223,1,Inkafarma Comas Pharmacy
2026-08-17,ORD-103894,SKU-GAR-0195,12,Happy Pet Store
17/08/2026,ORD-103894,SKU-HOM-0020,2,Wong North Supermarkets
2026-08-17,ORD-103894,SKU-CLE-0061,11,El Tornillo Hardware
17/08/2026,ORD-103895,SKU-PET-0146,7,Andean Group Offices
17-Aug-26,ORD-103895,SKU-HOM-0127,9,Delta Construction
17-Aug-26,ORD-103896,SKU-PET-0017,4,San Martin Corner Store
17/08/2026,ORD-103896,SKU-OFF-0043,16,Happy Pet Store
17/08/2026,ORD-103896,SKU-CLE-0248,6,La Lucha Restaurant
17/08/2026,ORD-103897,SKU-HAR-0285,20,San Martin Corner Store
17/08/2026,ORD-103898,SKU-BEV-0202,6,Wong North Supermarkets
17-Aug-26,ORD-103899,SKU-BEA-0006,18,San Martin Corner Store
2026-08-17,ORD-103900,SKU-CLE-0061,21,Lince Vet Center
17-Aug-26,ORD-103901,SKU-PET-0318,12,Delta Construction
17-Aug-26,ORD-103902,SKU-FRO-0114,4,El Tornillo Hardware
2026-08-17,ORD-103902,SKU-BEA-0126,9,La Lucha Restaurant
17/08/2026,ORD-103903,SKU-BEV-0176,2,El Tornillo Hardware
2026-08-17,ORD-103904,SKU-HOM-0089,6,Lucero Minimarket
17-Aug-26,ORD-103904,SKU-FRO-0246,4,Inkafarma Comas Pharmacy
2026-08-17,ORD-103905,SKU-CLE-0248,2,Lucero Minimarket
17/08/2026,ORD-103906,SKU-HAR-0254,5,Lucero Minimarket
17-Aug-26,ORD-103906,SKU-DAI-0313,12,La Lucha Restaurant
2026-08-17,ORD-103906,SKU-SNA-0100,8,Lince Vet Center
17/08/2026,ORD-103907,SKU-SNA-0171,18,San Martin Corner Store
17/08/2026,ORD-103907,SKU-FRO-0136,4,Wong North Supermarkets
2026-08-17,ORD-103907,SKU-BEV-0084,3,El Tornillo Hardware
17-Aug-26,ORD-103908,SKU-PET-0155,26,Inkafarma Comas Pharmacy
17-Aug-26,ORD-103908,SKU-BEA-0310,11,La Lucha Restaurant
2026-08-17,ORD-103908,SKU-FRO-0090,26,San Martin Corner Store
17-Aug-26,ORD-103909,SKU-SNA-0199,4,Delta Construction
2026-08-17,ORD-103909,SKU-HAR-0254,19,Inkafarma Comas Pharmacy
17/08/2026,ORD-103910,SKU-GAR-0157,20,Inkafarma Comas Pharmacy
17-Aug-26,ORD-103911,SKU-BEA-0310,2,Andean Group Offices
17/08/2026,ORD-103912,SKU-PET-0304,7,Happy Pet Store
17/08/2026,ORD-103912,SKU-BEV-0176,4,La Lucha Restaurant
17/08/2026,ORD-103913,SKU-TOO-0080,2,La Lucha Restaurant
17-Aug-26,ORD-103914,SKU-DAI-0164,2,Andean Group Offices
2026-08-17,ORD-103915,SKU-OFF-0257,3,Lucero Minimarket
2026-08-17,ORD-103916,SKU-PET-0087,2,Andean Group Offices
17-Aug-26,ORD-103916,SKU-BEA-0006,8,Wong North Supermarkets
2026-08-17,ORD-103916, SKU-PET-0146,9,Lince Vet Center
17-Aug-26,ORD-103917,SKU-DAI-0123,5,El Tornillo Hardware
17-Aug-26,ORD-103917,SKU OFF 0007,7,Delta Construction
17/08/2026,ORD-103918,SKU-DAI-0164,1,La Lucha Restaurant
17/08/2026,ORD-103918,SKU-FRO-0267,3,Wong North Supermarkets
17/08/2026,ORD-103918,SKU-TOO-0026,4,San Martin Corner Store
17/08/2026,ORD-103919,SKU-GAR-0111,4,San Martin Corner Store
2026-08-17,ORD-103919,SKU-PET-0318,13,Delta Construction
2026-08-17,ORD-103920,SKU-HOM-0289,2,San Martin Corner Store
17-Aug-26,ORD-103920,SKU-BEV-0033,3,Delta Construction
2026-08-17,ORD-103920,SKU-BEV-0174,6,Happy Pet Store
17/08/2026,ORD-103921,SKU-OFF-0043,15,San Martin Corner Store
17-Aug-26,ORD-103921,SKU-CLE-0263,10,Lince Vet Center
2026-08-17,ORD-103922,SKU-FRO-0296,15,Inkafarma Comas Pharmacy
17/08/2026,ORD-103922,SKU-DAI-0313,4,Lince Vet Center
17-Aug-26,ORD-103923,SKU-BEV-0150,2,Lince Vet Center
2026-08-17,ORD-103923,SKU-GAR-0153,12,Wong North Supermarkets
17/08/2026,ORD-103924,SKU-OFF-0259,19,Lucero Minimarket
17/08/2026,ORD-103924,SKU-BEV-0273,7,Andean Group Offices
2026-08-17,ORD-103926,SKU-PET-0102,9,Happy Pet Store
2026-08-17,ORD-103927,SKU-BEA-0310,9,Happy Pet Store
17/08/2026,ORD-103927,SKU-PET-0173,7,Andean Group Offices
17/08/2026,ORD-103928,SKU-BEV-0150,14,San Martin Corner Store
17-Aug-26,ORD-103929,SKU-DAI-0123,6,Delta Construction
17-Aug-26,ORD-103929,SKU-OFF-0074,12,San Martin Corner Store
17-Aug-26,ORD-103930,SKU-DAI-0054,5,San Martin Corner Store
17/08/2026,ORD-103930,SKU-FRO-0272,25,Lucero Minimarket
2026-08-17,ORD-103931,SKU-HOM-0316,1,Lucero Minimarket
17/08/2026,ORD-103931,SKU-SNA-0188,20,Lince Vet Center
17/08/2026,ORD-103932,SKU-SNA-0315,8,El Tornillo Hardware
17/08/2026,ORD-103932,SKU-HOM-0065,13,Inkafarma Comas Pharmacy
17-Aug-26,ORD-103933,SKU-DAI-0164,3,Lince Vet Center
17-Aug-26,ORD-103933,SKU-PET-0146,3,Inkafarma Comas Pharmacy
17-Aug-26,ORD-103935,SKU-DAI-0003,11,Andean Group Offices
17/08/2026,ORD-103935,SKU-HOM-0262,10,Inkafarma Comas Pharmacy
17/08/2026,ORD-103936,SKU-HAR-0309,7,El Tornillo Hardware
2026-08-17,ORD-103937,SKU-HOM-0065,3,San Martin Corner Store
17/08/2026,ORD-103937,SKU-GAR-0153,20,Lince Vet Center
17/08/2026,ORD-103938,SKU OFF 0140,11,San Martin Corner Store
17/08/2026,ORD-103938,SKU-OFF-0225,2,Andean Group Offices
17-Aug-26,ORD-103939,SKU-DAI-0123,1,Inkafarma Comas Pharmacy
2026-08-17,ORD-103939,SKU-PET-0146,9,Wong North Supermarkets
17-Aug-26,ORD-103940,SKU-FRO-0220,1,San Martin Corner Store
17/08/2026,ORD-103940,SKU-TOO-0067,5,San Martin Corner Store
17/08/2026,ORD-103940,SKU-TOO-0067,2,Inkafarma Comas Pharmacy
2026-08-17,ORD-103941,SKU-BEA-0312,11,Inkafarma Comas Pharmacy
17/08/2026,ORD-103941,SKU-OFF-0228,10,Lucero Minimarket
2026-08-17,ORD-103941,SKU-DAI-0313,12,Lince Vet Center
17-Aug-26,ORD-103942,SKU-FRO-0213,9,Delta Construction
17/08/2026,ORD-103942,SKU-BEA-0034,3,Happy Pet Store
17/08/2026,ORD-103942,SKU-FRO-0296,9,La Lucha Restaurant
17/08/2026,ORD-103943,SKU-FRO-0296,7,Inkafarma Comas Pharmacy
17-Aug-26,ORD-103943,SKU-TOO-0069,12,Delta Construction
2026-08-17,ORD-103943,SKU-HAR-0309,17,Lince Vet Center
17-Aug-26,ORD-103944,SKU-OFF-0284,16,Lucero Minimarket
17-Aug-26,ORD-103944,SKU-OFF-0259,26,Inkafarma Comas Pharmacy
17-Aug-26,ORD-103945,SKU-PET-0106,7,Delta Construction
17/08/2026,ORD-103947,SKU-FRO-0246,4,Inkafarma Comas Pharmacy
17-Aug-26,ORD-103947,SKU-OFF-0257,9,La Lucha Restaurant
2026-08-17,ORD-103948,SKU-BEV-0180,15,Lucero Minimarket
17/08/2026,ORD-103948,SKU-HOM-0015,11,Andean Group Offices
17/08/2026,ORD-103949,sku-off-0225,9,Lince Vet Center
2026-08-17,ORD-103950,SKU-HOM-0065,13,Inkafarma Comas Pharmacy
17/08/2026,ORD-103950,SKU-DAI-0184,16,El Tornillo Hardware
2026-08-17,ORD-103951,SKU-FRO-0085,2,Lucero Minimarket
17-Aug-26,ORD-103951,SKU-FRO-0296,3,Andean Group Offices
2026-08-17,ORD-103952,SKU-HOM-0112,17,Wong North Supermarkets
17-Aug-26,ORD-103952,SKU-SNA-0100,10,Andean Group Offices
17-Aug-26,ORD-103953,SKU-BEA-0177,2,Andean Group Offices
2026-08-17,ORD-103953,SKU-PET-0087,2,Happy Pet Store
17/08/2026,ORD-103953, SKU-OFF-0249,2,Lucero Minimarket
17-Aug-26,ORD-103954, SKU-HAR-0237,11,Inkafarma Comas Pharmacy
2026-08-17,ORD-103954,SKU-FRO-0114,4,Inkafarma Comas Pharmacy
17-Aug-26,ORD-103954,SKU-FRO-0196,11,Inkafarma Comas Pharmacy
17-Aug-26,ORD-103955,SKU BEV 0118,2,Andean Group Offices
17/08/2026,ORD-103955,SKU SNA 0199,11,Delta Construction
17-Aug-26,ORD-103955,SKU-OFF-0043,11,Wong North Supermarkets
17/08/2026,ORD-103956,SKU-PET-0155,25,El Tornillo Hardware
17-Aug-26,ORD-103957,SKU-FRO-0196,12,La Lucha Restaurant
17/08/2026,ORD-103958,SKU-DAI-0072,4,Happy Pet Store
17/08/2026,ORD-103958,SKU-PET-0099,11,Lince Vet Center
17/08/2026,ORD-103959, SKU-BEA-0045,18,Lucero Minimarket
17/08/2026,ORD-103959,SKU-OFF-0074,10,Delta Construction
17-Aug-26,ORD-103959,SKU-FRO-0196,13,Lince Vet Center
17/08/2026,ORD-103960,SKU-PET-0031,4,El Tornillo Hardware
2026-08-17,ORD-103960,SKU-DAI-0184,16,Inkafarma Comas Pharmacy
2026-08-17,ORD-103961,SKU-HAR-0254,11,Inkafarma Comas Pharmacy
17-Aug-26,ORD-103961,SKU-HAR-0266,5,Delta Construction
17/08/2026,ORD-103962,SKU-HOM-0204,15,Lince Vet Center
2026-08-17,ORD-103962,SKU-PET-0173,8,Happy Pet Store
2026-08-17,ORD-103962,SKU-BEA-0138,11,El Tornillo Hardware
17/08/2026,ORD-103964,SKU-HOM-0127,19,Lince Vet Center
2026-08-17,ORD-103964,SKU-SNA-0292,5,El Tornillo Hardware
17-Aug-26,ORD-103964,SKU-BEA-0168,5,Wong North Supermarkets
17/08/2026,ORD-103965,SKU-BEV-0311,3,Wong North Supermarkets
17/08/2026,ORD-103965,SKU-FRO-0203,20,Delta Construction
17-Aug-26,ORD-103966,SKU-FRO-0114,8,Inkafarma Comas Pharmacy
2026-08-17,ORD-103966,SKU-OFF-0140,14,Lucero Minimarket
17-Aug-26,ORD-103967,SKU-HOM-0208,13,Lince Vet Center
17/08/2026,ORD-103967,SKU-FRO-0261,5,Wong North Supermarkets
17/08/2026,ORD-103967,SKU-PET-0031,3,San Martin Corner Store
17-Aug-26,ORD-103968,SKU-PET-0217,9,La Lucha Restaurant
17-Aug-26,ORD-103968,SKU-FRO-0278,7,Happy Pet Store
2026-08-17,ORD-103969,SKU-FRO-0246,3,El Tornillo Hardware
2026-08-17,ORD-103969,SKU-OFF-0007,1,Lince Vet Center
17-Aug-26,ORD-103970,SKU-PET-0106,13,Lince Vet Center
17/08/2026,ORD-103970,SKU-FRO-0267,14,Happy Pet Store
17/08/2026,ORD-103970,SKU-CLE-0240,3,La Lucha Restaurant
17-Aug-26,ORD-103971,SKU-BEA-0148,4,Lucero Minimarket
17/08/2026,ORD-103972,SKU-BEA-0191,1,Wong North Supermarkets
17/08/2026,ORD-103972,SKU-PET-0227,3,Inkafarma Comas Pharmacy
17/08/2026,ORD-103973,SKU-BEA-0045,12,El Tornillo Hardware
2026-08-17,ORD-103973,SKU-PET-0076,7,Wong North Supermarkets
2026-08-17,ORD-103973,SKU-HOM-0089,8,Delta Construction
2026-08-17,ORD-103974,SKU-OFF-0259,30,Happy Pet Store
17/08/2026,ORD-103974,SKU-DAI-0082,7,El Tornillo Hardware
2026-08-17,ORD-103975,SKU-FRO-0085,2,Delta Construction
2026-08-17,ORD-103975,SKU-BEA-0312,16,Andean Group Offices
2026-08-17,ORD-103975,SKU-BEA-0126,8,Inkafarma Comas Pharmacy
17-Aug-26,ORD-103976, SKU-FRO-0196,4,Delta Construction
17/08/2026,ORD-103977,SKU-PET-0155,10,El Tornillo Hardware
17-Aug-26,ORD-103977,SKU-PET-0270,1,La Lucha Restaurant
2026-08-17,ORD-103978,SKU-DAI-0169,16,San Martin Corner Store
17/08/2026,ORD-103978,SKU-OFF-0010,8,Lucero Minimarket
17-Aug-26,ORD-103979,SKU-BEA-0151,10,San Martin Corner Store
2026-08-17,ORD-103980,SKU-BEA-0177,2,Lucero Minimarket
17/08/2026,ORD-103980,SKU-CLE-0231,6,Wong North Supermarkets
17/08/2026,ORD-103981,SKU-DAI-0184,6,Lince Vet Center
2026-08-17,ORD-103981,SKU-PET-0318,2,San Martin Corner Store
17/08/2026,ORD-103982,SKU-SNA-0319,4,Inkafarma Comas Pharmacy
17/08/2026,ORD-103983,sku-sna-0233,5,Happy Pet Store
2026-08-17,ORD-103983,SKU-DAI-0070,8,Happy Pet Store
17/08/2026,ORD-103984,SKU-TOO-0056,4,Delta Construction
2026-08-17,ORD-103985,SKU-BEV-0273,8,San Martin Corner Store
17/08/2026,ORD-103985,SKU-PET-0173,1,Delta Construction
17-Aug-26,ORD-103985,SKU-TOO-0067,4,Happy Pet Store
17/08/2026,ORD-103986,SKU-DAI-0164,6,Inkafarma Comas Pharmacy
2026-08-17,ORD-103986,SKU-DAI-0184,2,La Lucha Restaurant
2026-08-17,ORD-103986,SKU-BEA-0215,5,Andean Group Offices
17-Aug-26,ORD-103987,SKU-OFF-0140,3,Andean Group Offices
17-Aug-26,ORD-103988,SKU-OFF-0236,11,Inkafarma Comas Pharmacy
2026-08-17,ORD-103989,SKU-DAI-0184,6,La Lucha Restaurant
2026-08-17,ORD-103990,SKU-SNA-0244,16,Andean Group Offices
2026-08-17,ORD-103990,SKU-BEA-0185,11,El Tornillo Hardware
17-Aug-26,ORD-103990,SKU-FRO-0238,10,La Lucha Restaurant
17/08/2026,ORD-103991,SKU-BEA-0151,1,Lince Vet Center
17-Aug-26,ORD-103991,SKU-DAI-0169,4,Lince Vet Center
17-Aug-26,ORD-103991,sku-off-0074,20,San Martin Corner Store
17/08/2026,ORD-103992,SKU-DAI-0184,16,Lince Vet Center
2026-08-17,ORD-103992,SKU FRO 0114,13,Andean Group Offices
17/08/2026,ORD-103992,SKU-FRO-0132,10,El Tornillo Hardware
2026-08-17,ORD-103993,SKU-GAR-0039,9,Delta Construction
2026-08-17,ORD-103993,SKU-DAI-0123,3,El Tornillo Hardware
17-Aug-26,ORD-103994,SKU-BEA-0308,14,Inkafarma Comas Pharmacy
17-Aug-26,ORD-103994,SKU-DAI-0003,16,Lucero Minimarket
17/08/2026,ORD-103995,SKU-HOM-0015,11,Inkafarma Comas Pharmacy
2026-08-17,ORD-103995,SKU-DAI-0313,20,Delta Construction
17-Aug-26,ORD-103996,SKU-BEA-0094,6,Inkafarma Comas Pharmacy
17/08/2026,ORD-103996,SKU-CLE-0299,26,San Martin Corner Store
17/08/2026,ORD-103997,SKU-OFF-0228,11,Wong North Supermarkets
17/08/2026,ORD-103997,SKU-DAI-0164,5,Andean Group Offices
17-Aug-26,ORD-103998,SKU-GAR-0229,4,Happy Pet Store
17-Aug-26,ORD-103999,SKU-SNA-0051,6,Happy Pet Store
17-Aug-26,ORD-104000,SKU-DAI-0164,1,Happy Pet Store
2026-08-17,ORD-104000,SKU-SNA-0233,3,San Martin Corner Store
2026-08-17,ORD-104001,SKU-FRO-0238,5,El Tornillo Hardware
17-Aug-26,ORD-104002,SKU-BEV-0180,18,El Tornillo Hardware
17-Aug-26,ORD-104002,SKU-TOO-0279,10,El Tornillo Hardware
18/08/2026,ORD-104003,SKU-FRO-0132,16,Inkafarma Comas Pharmacy
18/08/2026,ORD-104004,SKU-BEA-0308,3,Andean Group Offices
18-Aug-26,ORD-104004,SKU-HOM-0020,6,Happy Pet Store
2026-08-18,ORD-104006,SKU-BEV-0311,28,Andean Group Offices
2026-08-18,ORD-104007,SKU-OFF-0283,1,Wong North Supermarkets
18/08/2026,ORD-104007,SKU-PET-0076,5,Andean Group Offices
18/08/2026,ORD-104007,SKU-PET-0217,6,La Lucha Restaurant
18-Aug-26,ORD-104008,SKU-BEV-0084,5,El Tornillo Hardware
2026-08-18,ORD-104008,SKU-OFF-0249,8,La Lucha Restaurant
2026-08-18,ORD-104009,SKU-FRO-0278,11,Happy Pet Store
18-Aug-26,ORD-104009,SKU-OFF-0043,15,Andean Group Offices
18-Aug-26,ORD-104009,SKU-HOM-0092,2,Lince Vet Center
18/08/2026,ORD-104010,SKU-DAI-0313,21,San Martin Corner Store
18/08/2026,ORD-104010,SKU-OFF-0140,2,Happy Pet Store
18/08/2026,ORD-104011,SKU-BEA-0144,4,Happy Pet Store
18/08/2026,ORD-104011,SKU-HOM-0316,3,Delta Construction
18/08/2026,ORD-104012,SKU-SNA-0223,12,Delta Construction
18/08/2026,ORD-104013,SKU-CLE-0248,1,Inkafarma Comas Pharmacy
18-Aug-26,ORD-104014,SKU-BEA-0045,7,Happy Pet Store
18/08/2026,ORD-104014,SKU-HOM-0065,9,Andean Group Offices
18/08/2026,ORD-104015,SKU-PET-0270,6,Inkafarma Comas Pharmacy
18/08/2026,ORD-104015,SKU-OFF-0249,3,La Lucha Restaurant
2026-08-18,ORD-104015,SKU-DAI-0123,2,San Martin Corner Store
2026-08-18,ORD-104016,SKU-CLE-0231,4,Lince Vet Center
18/08/2026,ORD-104016,SKU-OFF-0225,1,Delta Construction
2026-08-18,ORD-104016,SKU-TOO-0049,12,Lucero Minimarket
18-Aug-26,ORD-104017,SKU-FRO-0196,12,Lucero Minimarket
2026-08-18,ORD-104018,SKU-OFF-0007,7,Lucero Minimarket
2026-08-18,ORD-104019,SKU-PET-0227,5,Wong North Supermarkets
2026-08-18,ORD-104020,SKU-BEV-0202,6,Inkafarma Comas Pharmacy
2026-08-18,ORD-104020,SKU-FRO-0179,8,El Tornillo Hardware
2026-08-18,ORD-104020,SKU-TOO-0056,5,San Martin Corner Store
18/08/2026,ORD-104021,SKU-HOM-0013,5,San Martin Corner Store
2026-08-18,ORD-104021,SKU-BEA-0163,3,Inkafarma Comas Pharmacy
18-Aug-26,ORD-104021,SKU-CLE-0248,5,San Martin Corner Store
18-Aug-26,ORD-104022,SKU-OFF-0074,24,Delta Construction
18-Aug-26,ORD-104023,SKU-BEV-0301,3,Delta Construction
2026-08-18,ORD-104024,SKU-OFF-0257,6,Inkafarma Comas Pharmacy
2026-08-18,ORD-104024,SKU-PET-0099,23,Inkafarma Comas Pharmacy
18/08/2026,ORD-104025,SKU-FRO-0085,10,Delta Construction
2026-08-18,ORD-104025,SKU-DAI-0070,11,Lince Vet Center
18/08/2026,ORD-104026,SKU-BEA-0073,9,El Tornillo Hardware
18-Aug-26,ORD-104026,SKU-SNA-0100,4,La Lucha Restaurant
2026-08-18,ORD-104026,SKU-DAI-0082,10,El Tornillo Hardware
18-Aug-26,ORD-104027,SKU-FRO-0278,4,Lince Vet Center
18-Aug-26,ORD-104027,SKU-BEA-0034,14,El Tornillo Hardware
18/08/2026,ORD-104028,SKU-DAI-0303,1,La Lucha Restaurant
18/08/2026,ORD-104029,SKU-HAR-0285,21,Lince Vet Center
18/08/2026,ORD-104029,SKU-BEA-0151,6,San Martin Corner Store
18-Aug-26,ORD-104030,SKU-BEV-0058,10,Delta Construction
18/08/2026,ORD-104031,SKU-OFF-0257,10,Lince Vet Center
18-Aug-26,ORD-104031,SKU-HOM-0262,3,Wong North Supermarkets
18-Aug-26,ORD-104032,SKU-FRO-0213,10,San Martin Corner Store
18/08/2026,ORD-104032,SKU-TOO-0080,3,El Tornillo Hardware
18/08/2026,ORD-104032,SKU-BEA-0119,21,La Lucha Restaurant
18-Aug-26,ORD-104033,SKU-TOO-0125,12,Happy Pet Store
18-Aug-26,ORD-104034,SKU-CLE-0299,6,Lince Vet Center
18/08/2026,ORD-104034,SKU-HOM-0204,16,Wong North Supermarkets
2026-08-18,ORD-104035,SKU-FRO-0179,6,Happy Pet Store
18/08/2026,ORD-104035,SKU-CLE-0209,8,Delta Construction
2026-08-18,ORD-104036,SKU-BEA-0148,3,Lucero Minimarket
18/08/2026,ORD-104036,SKU-PET-0155,3,Andean Group Offices
2026-08-18,ORD-104037,SKU-SNA-0100,5,Lucero Minimarket
18/08/2026,ORD-104037,SKU-SNA-0100,9,Lince Vet Center
18-Aug-26,ORD-104038,SKU-BEA-0312,23,Andean Group Offices
18-Aug-26,ORD-104038,SKU-FRO-0179,4,Lince Vet Center
18/08/2026,ORD-104039,SKU-DAI-0184,8,Andean Group Offices
2026-08-18,ORD-104039,SKU-HOM-0166,14,El Tornillo Hardware
18-Aug-26,ORD-104039,SKU-DAI-0082,1,Happy Pet Store
2026-08-18,ORD-104040,SKU-TOO-0080,6,Lucero Minimarket
2026-08-18,ORD-104040,SKU-TOO-0154,12,Lucero Minimarket
18-Aug-26,ORD-104040,SKU-PET-0040,20,San Martin Corner Store
18-Aug-26,ORD-104041,SKU-PET-0017,1,El Tornillo Hardware
18-Aug-26,ORD-104041,SKU-HOM-0112,18,La Lucha Restaurant
18-Aug-26,ORD-104042,SKU-CLE-0018,10,Inkafarma Comas Pharmacy
18/08/2026,ORD-104043,SKU-FRO-0288,4,Happy Pet Store
18/08/2026,ORD-104043,SKU-BEA-0168,13,Wong North Supermarkets
18/08/2026,ORD-104044,SKU-FRO-0179,3,Lucero Minimarket
18-Aug-26,ORD-104044,SKU-FRO-0288,4,Wong North Supermarkets
2026-08-18,ORD-104044,SKU-PET-0106,14,El Tornillo Hardware
2026-08-18,ORD-104045,SKU-DAI-0123,8,Wong North Supermarkets
18/08/2026,ORD-104045,SKU-FRO-0288,3,Wong North Supermarkets
2026-08-18,ORD-104045,SKU-BEA-0191,7,Andean Group Offices
2026-08-18,ORD-104046,SKU-DAI-0184,18,La Lucha Restaurant
18/08/2026,ORD-104047,SKU-TOO-0125,9,Happy Pet Store
18-Aug-26,ORD-104047,SKU-BEA-0308,6,Wong North Supermarkets
18/08/2026,ORD-104047,SKU-DAI-0169,14,Delta Construction
2026-08-18,ORD-104048,SKU-FRO-0278,1,Happy Pet Store
18-Aug-26,ORD-104049,SKU-DAI-0303,3,Delta Construction
2026-08-18,ORD-104050,SKU-GAR-0113,24,San Martin Corner Store
18/08/2026,ORD-104050,SKU-GAR-0120,5,Delta Construction
18-Aug-26,ORD-104051,SKU-PET-0146,14,Inkafarma Comas Pharmacy
2026-08-18,ORD-104051,SKU-BEA-0062,6,Lince Vet Center
2026-08-18,ORD-104052,SKU-DAI-0313,14,El Tornillo Hardware
18-Aug-26,ORD-104052,SKU-TOO-0172,8,Andean Group Offices
18/08/2026,ORD-104053,SKU-FRO-0136,7,Wong North Supermarkets
18/08/2026,ORD-104054,SKU-GAR-0111,16,Delta Construction
2026-08-18,ORD-104055,SKU-CLE-0282,13,Lince Vet Center
18-Aug-26,ORD-104055,SKU-DAI-0082,4,Inkafarma Comas Pharmacy
18/08/2026,ORD-104055,SKU-DAI-0184,11,Lucero Minimarket
18-Aug-26,ORD-104057,SKU-TOO-0026,4,Lucero Minimarket
18/08/2026,ORD-104057,SKU-PET-0087,6,Wong North Supermarkets
18-Aug-26,ORD-104058,SKU-DAI-0072,17,El Tornillo Hardware
2026-08-18,ORD-104058,SKU-PET-0155,1,Wong North Supermarkets
18/08/2026,ORD-104059,SKU-OFF-0257,8,San Martin Corner Store
18-Aug-26,ORD-104059,SKU-FRO-0278,7,El Tornillo Hardware
18-Aug-26,ORD-104060,SKU-DAI-0169,10,Happy Pet Store
18-Aug-26,ORD-104060,SKU-SNA-0188,2,San Martin Corner Store
18/08/2026,ORD-104061,SKU-DAI-0082,7,Lucero Minimarket
18-Aug-26,ORD-104061,SKU-DAI-0082,9,Wong North Supermarkets
18/08/2026,ORD-104062,SKU-FRO-0114,3,El Tornillo Hardware
2026-08-18,ORD-104062,SKU-DAI-0054,10,Happy Pet Store
2026-08-18,ORD-104063,SKU-FRO-0238,1,Wong North Supermarkets
2026-08-18,ORD-104064,SKU-OFF-0060,13,Inkafarma Comas Pharmacy
18/08/2026,ORD-104064,SKU-CLE-0018,16,Happy Pet Store
18/08/2026,ORD-104064, SKU-DAI-0184,2,Lince Vet Center
2026-08-18,ORD-104065,SKU-DAI-0313,11,Delta Construction
18/08/2026,ORD-104065,SKU-OFF-0228,13,La Lucha Restaurant
18-Aug-26,ORD-104065,SKU-FRO-0278,7,Andean Group Offices
18-Aug-26,ORD-104066,SKU-BEV-0301,3,Happy Pet Store
18-Aug-26,ORD-104066,SKU-PET-0146,3,Happy Pet Store
18-Aug-26,ORD-104066,SKU-PET-0270,2,La Lucha Restaurant
2026-08-18,ORD-104067,SKU-FRO-0085,14,Andean Group Offices
2026-08-18,ORD-104067,SKU-BEV-0180,14,Delta Construction
2026-08-18,ORD-104068,SKU-FRO-0114,12,Lucero Minimarket
2026-08-18,ORD-104068,SKU-HOM-0208,8,El Tornillo Hardware
18-Aug-26,ORD-104068,SKU-CLE-0276,2,El Tornillo Hardware
18-Aug-26,ORD-104069,SKU-PET-0155,19,Andean Group Offices
18/08/2026,ORD-104069,sku-har-0309,21,Lince Vet Center
2026-08-18,ORD-104070,SKU-PET-0160,8,La Lucha Restaurant
2026-08-18,ORD-104070,SKU-CLE-0108,8,San Martin Corner Store
18/08/2026,ORD-104071,SKU-OFF-0225,12,Andean Group Offices
18-Aug-26,ORD-104072,SKU-HOM-0204,1,Delta Construction
18-Aug-26,ORD-104072,SKU-DAI-0070,7,Andean Group Offices
2026-08-18,ORD-104072,SKU-HOM-0112,5,Inkafarma Comas Pharmacy
18-Aug-26,ORD-104073,SKU-FRO-0090,23,Lucero Minimarket
18-Aug-26,ORD-104073,SKU-DAI-0164,4,Happy Pet Store
18-Aug-26,ORD-104073,SKU-DAI-0082,4,Andean Group Offices
2026-08-18,ORD-104074,SKU-DAI-0123,2,Delta Construction
2026-08-18,ORD-104074,SKU-DAI-0313,9,La Lucha Restaurant
18/08/2026,ORD-104075,SKU-GAR-0078,7,Inkafarma Comas Pharmacy
2026-08-18,ORD-104075,SKU FRO 0272,8,Lucero Minimarket
18-Aug-26,ORD-104076,SKU-DAI-0184,14,Andean Group Offices
18-Aug-26,ORD-104076,SKU-DAI-0164,6,Andean Group Offices
18/08/2026,ORD-104076,SKU-PET-0017,6,Andean Group Offices
18/08/2026,ORD-104077,SKU-FRO-0114,16,Lucero Minimarket
2026-08-18,ORD-104077,SKU-BEA-0177,6,Delta Construction
18/08/2026,ORD-104078,SKU-CLE-0240,14,Inkafarma Comas Pharmacy
18/08/2026,ORD-104078,SKU-DAI-0169,12,Inkafarma Comas Pharmacy
18-Aug-26,ORD-104078,SKU-BEV-0242,30,Happy Pet Store
18/08/2026,ORD-104079,SKU-FRO-0213,3,Wong North Supermarkets
2026-08-18,ORD-104079,SKU-FRO-0132,4,San Martin Corner Store
2026-08-18,ORD-104079,SKU-OFF-0140,11,San Martin Corner Store
18/08/2026,ORD-104080,SKU-PET-0318,12,La Lucha Restaurant
18-Aug-26,ORD-104080,SKU-DAI-0303,2,San Martin Corner Store
18/08/2026,ORD-104080,SKU-HAR-0093,1,San Martin Corner Store
18/08/2026,ORD-104081,SKU-FRO-0238,10,San Martin Corner Store
18/08/2026,ORD-104081,SKU-HOM-0065,1,El Tornillo Hardware
18/08/2026,ORD-104081,SKU-FRO-0267,12,Wong North Supermarkets
18-Aug-26,ORD-104082,SKU-BEV-0180,12,La Lucha Restaurant
18-Aug-26,ORD-104082,SKU-OFF-0225,11,El Tornillo Hardware
2026-08-18,ORD-104083,SKU-SNA-0188,7,Lucero Minimarket
18-Aug-26,ORD-104083, SKU-CLE-0018,9,Happy Pet Store
18/08/2026,ORD-104084,SKU-SNA-0199,8,Wong North Supermarkets
18-Aug-26,ORD-104085,SKU-BEA-0264,1,El Tornillo Hardware
18-Aug-26,ORD-104085,SKU-GAR-0021,4,Lucero Minimarket
18/08/2026,ORD-104086,SKU-BEA-0291,8,Andean Group Offices
18/08/2026,ORD-104087,SKU-BEV-0162,6,Inkafarma Comas Pharmacy
18/08/2026,ORD-104087,SKU-HOM-0289,1,Inkafarma Comas Pharmacy
18-Aug-26,ORD-104088,SKU-FRO-0132,6,Happy Pet Store
18-Aug-26,ORD-104089,SKU-SNA-0057,6,Delta Construction
18-Aug-26,ORD-104089,SKU-BEA-0062,5,San Martin Corner Store
18-Aug-26,ORD-104090,SKU-PET-0173,2,La Lucha Restaurant
18-Aug-26,ORD-104091,SKU-CLE-0061,23,Inkafarma Comas Pharmacy
2026-08-18,ORD-104091,SKU-OFF-0228,17,Lince Vet Center
18-Aug-26,ORD-104092,SKU-BEA-0312,22,Wong North Supermarkets
18-Aug-26,ORD-104092,SKU-OFF-0228,20,El Tornillo Hardware
2026-08-18,ORD-104092,SKU-GAR-0157,23,Delta Construction
18-Aug-26,ORD-104093,SKU-OFF-0010,7,Andean Group Offices
2026-08-18,ORD-104093,SKU-FRO-0278,4,Delta Construction
2026-08-18,ORD-104093, SKU-CLE-0061,9,La Lucha Restaurant
2026-08-18,ORD-104094,SKU-FRO-0109,5,La Lucha Restaurant
18/08/2026,ORD-104095,SKU-BEV-0118,6,San Martin Corner Store
18/08/2026,ORD-104095,SKU-OFF-0225,5,La Lucha Restaurant
2026-08-18,ORD-104095,SKU-PET-0087,6,San Martin Corner Store
2026-08-18,ORD-104096,SKU-SNA-0171,7,Lince Vet Center
18/08/2026,ORD-104096,SKU-FRO-0213,7,Wong North Supermarkets
18/08/2026,ORD-104097,SKU-SNA-0244,20,Andean Group Offices
18/08/2026,ORD-104097,SKU-HOM-0316,2,Happy Pet Store
18-Aug-26,ORD-104098,SKU-HOM-0316,6,La Lucha Restaurant
18/08/2026,ORD-104099,SKU-FRO-0213,19,Lucero Minimarket
2026-08-18,ORD-104099,SKU-SNA-0097,10,Wong North Supermarkets
2026-08-18,ORD-104099,SKU-BEA-0264,8,Wong North Supermarkets
18/08/2026,ORD-104100,SKU-FRO-0213,9,El Tornillo Hardware
18/08/2026,ORD-104101,SKU-FRO-0213,22,El Tornillo Hardware
2026-08-18,ORD-104101,SKU-PET-0155,5,Lince Vet Center
2026-08-18,ORD-104102,SKU-OFF-0043,13,San Martin Corner Store
18-Aug-26,ORD-104102,SKU-DAI-0070,13,El Tornillo Hardware
18/08/2026,ORD-104102,SKU-HOM-0065,1,Delta Construction
2026-08-18,ORD-104104,SKU-BEA-0310,1,La Lucha Restaurant
2026-08-18,ORD-104104,SKU HOM 0208,1,La Lucha Restaurant
18-Aug-26,ORD-104105,SKU DAI 0003,4,Wong North Supermarkets
18/08/2026,ORD-104105,SKU-FRO-0220,5,La Lucha Restaurant
18/08/2026,ORD-104106,SKU-DAI-0054,10,El Tornillo Hardware
18/08/2026,ORD-104107,SKU-HOM-0204,16,El Tornillo Hardware
18/08/2026,ORD-104107,SKU-BEV-0162,7,San Martin Corner Store
18/08/2026,ORD-104107,SKU-HOM-0065,1,San Martin Corner Store
2026-08-18,ORD-104108,SKU-PET-0027,9,El Tornillo Hardware
2026-08-18,ORD-104109,SKU-BEV-0180,2,Wong North Supermarkets
2026-08-18,ORD-104109,SKU-SNA-0100,20,Andean Group Offices
18-Aug-26,ORD-104109,SKU-PET-0227,4,Lince Vet Center
18/08/2026,ORD-104110,SKU-PET-0040,14,La Lucha Restaurant
18/08/2026,ORD-104111,SKU-FRO-0085,18,Lince Vet Center
18/08/2026,ORD-104111,SKU-OFF-0249,8,Delta Construction
18-Aug-26,ORD-104111,SKU-FRO-0136,3,El Tornillo Hardware
18-Aug-26,ORD-104112,SKU-DAI-0169,10,Delta Construction
2026-08-18,ORD-104112,SKU-DAI-0054,6,Wong North Supermarkets
18-Aug-26,ORD-104113,SKU BEV 0005,2,Delta Construction
2026-08-18,ORD-104113,SKU-DAI-0164,5,San Martin Corner Store
18-Aug-26,ORD-104113,SKU-HOM-0253,7,Inkafarma Comas Pharmacy
18-Aug-26,ORD-104114,SKU-OFF-0228,8,El Tornillo Hardware
18-Aug-26,ORD-104114,SKU-OFF-0257,6,San Martin Corner Store
18/08/2026,ORD-104115,SKU-DAI-0169,12,Wong North Supermarkets
2026-08-18,ORD-104116,SKU-BEA-0183,13,Happy Pet Store
18/08/2026,ORD-104116,SKU-CLE-0028,19,San Martin Corner Store
2026-08-18,ORD-104117,SKU-OFF-0010,5,Delta Construction
18/08/2026,ORD-104118,SKU-OFF-0249,5,San Martin Corner Store
2026-08-18,ORD-104119,SKU-GAR-0287,5,Delta Construction
2026-08-18,ORD-104120,SKU-FRO-0114,18,Delta Construction
2026-08-18,ORD-104120,SKU-DAI-0082,3,Inkafarma Comas Pharmacy
2026-08-18,ORD-104120,SKU-FRO-0296,16,La Lucha Restaurant
18-Aug-26,ORD-104121,SKU-DAI-0072,9,Wong North Supermarkets
18-Aug-26,ORD-104121,SKU-PET-0318,11,San Martin Corner Store
2026-08-18,ORD-104122,SKU-DAI-0070,8,Wong North Supermarkets
2026-08-18,ORD-104122,SKU-PET-0217,9,Delta Construction
18/08/2026,ORD-104123,SKU-BEA-0062,12,Wong North Supermarkets
2026-08-18,ORD-104123,SKU-PET-0318,6,Wong North Supermarkets
2026-08-18,ORD-104123,SKU-BEA-0191,8,Delta Construction
18/08/2026,ORD-104124,SKU-FRO-0090,2,Inkafarma Comas Pharmacy
18-Aug-26,ORD-104124,SKU-FRO-0203,10,Delta Construction
18/08/2026,ORD-104125,SKU-BEA-0126,5,Inkafarma Comas Pharmacy
18/08/2026,ORD-104125,SKU-BEA-0177,2,El Tornillo Hardware
2026-08-18,ORD-104125,SKU-OFF-0259,16,Lince Vet Center
18/08/2026,ORD-104126,SKU-CLE-0108,6,Lince Vet Center
18-Aug-26,ORD-104126,SKU-FRO-0288,2,Happy Pet Store
18/08/2026,ORD-104127,SKU-BEV-0176,4,Lince Vet Center
18-Aug-26,ORD-104127,SKU-TOO-0056,2,La Lucha Restaurant
18-Aug-26,ORD-104128,SKU-PET-0040,21,El Tornillo Hardware
18-Aug-26,ORD-104129,SKU-BEV-0174,5,Lucero Minimarket
2026-08-18,ORD-104129,SKU-FRO-0196,14,Inkafarma Comas Pharmacy
18-Aug-26,ORD-104129,SKU-FRO-0136,3,Lince Vet Center
18/08/2026,ORD-104130,sku-too-0122,1,Lince Vet Center
18-Aug-26,ORD-104130,SKU-HOM-0013,6,La Lucha Restaurant
2026-08-18,ORD-104131,SKU-HOM-0112,3,Delta Construction
18-Aug-26,ORD-104131,SKU-BEA-0151,6,Andean Group Offices
18-Aug-26,ORD-104131,SKU-HOM-0204,13,Delta Construction
2026-08-18,ORD-104132,SKU-GAR-0078,7,Lucero Minimarket
18-Aug-26,ORD-104133,SKU-BEA-0062,8,Inkafarma Comas Pharmacy
18-Aug-26,ORD-104133,SKU-FRO-0136,6,Inkafarma Comas Pharmacy
2026-08-18,ORD-104133,SKU-DAI-0184,12,Andean Group Offices
2026-08-18,ORD-104134,SKU-FRO-0238,6,Happy Pet Store
18/08/2026,ORD-104134,SKU-CLE-0108,3,San Martin Corner Store
18/08/2026,ORD-104136,SKU-BEA-0148,4,Inkafarma Comas Pharmacy
18-Aug-26,ORD-104136,SKU-DAI-0169,14,La Lucha Restaurant
18/08/2026,ORD-104137,SKU-BEA-0312,10,Andean Group Offices
18/08/2026,ORD-104138,SKU-HOM-0286,5,Delta Construction
2026-08-18,ORD-104139,SKU-HOM-0015,5,Lince Vet Center
2026-08-18,ORD-104139,SKU-GAR-0157,19,El Tornillo Hardware
18/08/2026,ORD-104140,SKU-CLE-0248,6,Delta Construction
18/08/2026,ORD-104140,SKU-OFF-0283,12,La Lucha Restaurant
18-Aug-26,ORD-104141,SKU-HOM-0316,9,San Martin Corner Store
2026-08-18,ORD-104143,SKU-BEA-0264,7,Delta Construction
18/08/2026,ORD-104143,SKU-PET-0173,4,El Tornillo Hardware
18/08/2026,ORD-104143,SKU-BEA-0291,9,Lucero Minimarket
2026-08-18,ORD-104144,SKU-HOM-0089,6,La Lucha Restaurant
18-Aug-26,ORD-104144,SKU-FRO-0296,10,Delta Construction
18-Aug-26,ORD-104145,SKU-SNA-0051,4,Delta Construction
18/08/2026,ORD-104146,SKU-OFF-0010,2,Lucero Minimarket
18/08/2026,ORD-104146,SKU-TOO-0154,3,Andean Group Offices
18/08/2026,ORD-104147,SKU-SNA-0315,9,La Lucha Restaurant
2026-08-18,ORD-104147,SKU-GAR-0113,24,Andean Group Offices
18/08/2026,ORD-104148,SKU-TOO-0279,8,Wong North Supermarkets
18/08/2026,ORD-104148,SKU-DAI-0003,11,Andean Group Offices
2026-08-18,ORD-104148,SKU-FRO-0278,3,Lucero Minimarket
2026-08-18,ORD-104149,SKU-FRO-0238,14,Andean Group Offices
2026-08-18,ORD-104149,SKU-HAR-0237,14,Happy Pet Store
18/08/2026,ORD-104149,SKU-BEA-0151,4,Lucero Minimarket
18/08/2026,ORD-104150,SKU-PET-0027,3,Lince Vet Center
18-Aug-26,ORD-104150,SKU-TOO-0125,3,El Tornillo Hardware
2026-08-18,ORD-104152,SKU-PET-0146,14,Delta Construction
18/08/2026,ORD-104153,SKU-BEV-0219,1,Lucero Minimarket
18-Aug-26,ORD-104153,SKU-TOO-0131,22,Inkafarma Comas Pharmacy
18/08/2026,ORD-104154,SKU-HOM-0262,8,Happy Pet Store
18-Aug-26,ORD-104154,SKU-HOM-0112,12,Lince Vet Center
18-Aug-26,ORD-104155,SKU-DAI-0184,7,Andean Group Offices
2026-08-18,ORD-104155,SKU-PET-0027,22,Delta Construction
18-Aug-26,ORD-104156,SKU-FRO-0179,7,Delta Construction
18/08/2026,ORD-104157,SKU-TOO-0056,1,Happy Pet Store
18-Aug-26,ORD-104157,SKU-BEA-0119,5,San Martin Corner Store
2026-08-18,ORD-104157,SKU-SNA-0030,11,Delta Construction
18/08/2026,ORD-104158,SKU-DAI-0303,1,Inkafarma Comas Pharmacy
18-Aug-26,ORD-104158,SKU-PET-0270,2,Andean Group Offices
18-Aug-26,ORD-104159,SKU-DAI-0070,8,Inkafarma Comas Pharmacy
2026-08-18,ORD-104159,SKU-DAI-0072,2,San Martin Corner Store
2026-08-18,ORD-104159,SKU-DAI-0082,3,El Tornillo Hardware
18-Aug-26,ORD-104162,SKU-PET-0076,4,San Martin Corner Store
18/08/2026,ORD-104162,SKU-FRO-0196,15,San Martin Corner Store
18-Aug-26,ORD-104163,SKU-GAR-0078,8,La Lucha Restaurant
2026-08-18,ORD-104163,SKU-SNA-0223,12,El Tornillo Hardware
2026-08-18,ORD-104164,SKU-OFF-0259,16,San Martin Corner Store
2026-08-18,ORD-104164,SKU-SNA-0199,5,Wong North Supermarkets
18/08/2026,ORD-104164,SKU-FRO-0179,4,Lucero Minimarket
2026-08-18,ORD-104165,SKU-TOO-0049,26,Happy Pet Store
18-Aug-26,ORD-104166,SKU-FRO-0267,16,La Lucha Restaurant
2026-08-18,ORD-104166,SKU-FRO-0203,5,El Tornillo Hardware
18/08/2026,ORD-104167,SKU-BEV-0174,6,Andean Group Offices
18-Aug-26,ORD-104167,SKU-FRO-0272,7,Andean Group Offices
2026-08-18,ORD-104168,SKU-OFF-0259,10,Wong North Supermarkets
18/08/2026,ORD-104168,SKU-DAI-0082,1,El Tornillo Hardware
2026-08-18,ORD-104169,SKU-BEV-0174,3,Wong North Supermarkets
2026-08-18,ORD-104169,SKU-DAI-0169,3,Lucero Minimarket
2026-08-18,ORD-104170,SKU-BEV-0058,20,El Tornillo Hardware
2026-08-18,ORD-104170,SKU-CLE-0018,25,Andean Group Offices
18/08/2026,ORD-104170,SKU GAR 0116,18,Wong North Supermarkets
18-Aug-26,ORD-104171,SKU-DAI-0303,4,El Tornillo Hardware
2026-08-18,ORD-104171,SKU-HOM-0316,10,Andean Group Offices
2026-08-18,ORD-104171,SKU-HOM-0289,11,Delta Construction
18/08/2026,ORD-104172,SKU-TOO-0216,22,La Lucha Restaurant
18-Aug-26,ORD-104173,SKU-DAI-0003,4,Andean Group Offices
18/08/2026,ORD-104174,SKU-OFF-0074,24,Wong North Supermarkets
18/08/2026,ORD-104174,SKU-TOO-0210,3,Delta Construction
18-Aug-26,ORD-104175,SKU-BEA-0177,6,La Lucha Restaurant
18/08/2026,ORD-104175,SKU-SNA-0057,1,Delta Construction
18-Aug-26,ORD-104176,SKU-HAR-0266,16,Andean Group Offices
18/08/2026,ORD-104177,SKU-FRO-0267,4,Delta Construction
2026-08-18,ORD-104177,SKU-SNA-0171,3,La Lucha Restaurant
2026-08-18,ORD-104178,SKU-SNA-0223,12,Wong North Supermarkets
2026-08-18,ORD-104179,SKU-GAR-0153,11,Delta Construction
18-Aug-26,ORD-104179,SKU-BEA-0310,12,Delta Construction
2026-08-18,ORD-104180,SKU-BEV-0311,13,Inkafarma Comas Pharmacy
18/08/2026,ORD-104180,SKU-TOO-0221,8,Wong North Supermarkets
18/08/2026,ORD-104180,SKU-BEV-0058,3,Lince Vet Center
18-Aug-26,ORD-104181,SKU-CLE-0209,1,Happy Pet Store
2026-08-18,ORD-104181,SKU-DAI-0003,3,La Lucha Restaurant
18-Aug-26,ORD-104182,SKU-SNA-0171,19,La Lucha Restaurant
18-Aug-26,ORD-104183,SKU-FRO-0213,20,Inkafarma Comas Pharmacy
2026-08-18,ORD-104183,SKU-DAI-0082,3,El Tornillo Hardware
18/08/2026,ORD-104183,SKU-PET-0087,4,Lucero Minimarket
18/08/2026,ORD-104184,SKU-GAR-0113,10,Wong North Supermarkets
2026-08-18,ORD-104184,SKU-FRO-0179,4,El Tornillo Hardware
2026-08-18,ORD-104185,SKU-TOO-0221,6,La Lucha Restaurant
18-Aug-26,ORD-104186,SKU-DAI-0313,19,Happy Pet Store
18-Aug-26,ORD-104186,SKU-FRO-0179,9,San Martin Corner Store
18/08/2026,ORD-104187,SKU-DAI-0082,7,La Lucha Restaurant
2026-08-18,ORD-104187,SKU-FRO-0179,9,Wong North Supermarkets
18/08/2026,ORD-104188,SKU-SNA-0057,12,Andean Group Offices
18-Aug-26,ORD-104188,SKU-BEA-0312,20,Lince Vet Center
2026-08-18,ORD-104189,SKU-OFF-0228,22,Delta Construction
18/08/2026,ORD-104189,SKU-FRO-0090,4,Lince Vet Center
2026-08-18,ORD-104189,SKU DAI 0123,8,Inkafarma Comas Pharmacy
2026-08-18,ORD-104190,SKU-DAI-0054,6,El Tornillo Hardware
18-Aug-26,ORD-104190,SKU-OFF-0074,19,Lucero Minimarket
2026-08-18,ORD-104190,SKU-DAI-0184,9,Lince Vet Center
18/08/2026,ORD-104191,SKU-GAR-0111,12,El Tornillo Hardware
18-Aug-26,ORD-104192,SKU-HOM-0208,4,Happy Pet Store
2026-08-18,ORD-104192,SKU-HOM-0316,1,Lucero Minimarket
18/08/2026,ORD-104193,SKU-DAI-0072,9,Happy Pet Store
18-Aug-26,ORD-104194,SKU-BEV-0180,18,Wong North Supermarkets
2026-08-18,ORD-104194,SKU-DAI-0164,2,Happy Pet Store
2026-08-18,ORD-104194,SKU-HOM-0065,6,San Martin Corner Store
2026-08-18,ORD-104195,SKU-CLE-0282,13,Happy Pet Store
18/08/2026,ORD-104195,SKU-BEA-0034,5,Inkafarma Comas Pharmacy
2026-08-18,ORD-104196,SKU-DAI-0003,18,Happy Pet Store
18/08/2026,ORD-104196,SKU-TOO-0216,8,Lince Vet Center
18-Aug-26,ORD-104197,SKU-BEA-0310,6,San Martin Corner Store
18-Aug-26,ORD-104198,SKU-BEV-0150,4,Andean Group Offices
18-Aug-26,ORD-104198,SKU-OFF-0249,6,El Tornillo Hardware
18/08/2026,ORD-104199,SKU-FRO-0014,15,Lucero Minimarket
18-Aug-26,ORD-104199,SKU-BEA-0148,2,Lucero Minimarket
18-Aug-26,ORD-104200,SKU-CLE-0263,13,Wong North Supermarkets
18-Aug-26,ORD-104200,SKU-OFF-0140,8,Wong North Supermarkets
2026-08-18,ORD-104201,SKU-BEV-0180,4,Happy Pet Store
2026-08-18,ORD-104202, SKU-TOO-0080,5,Inkafarma Comas Pharmacy
2026-08-18,ORD-104202,SKU-BEV-0176,6,Lince Vet Center
18-Aug-26,ORD-104202,SKU-SNA-0100,3,La Lucha Restaurant
2026-08-18,ORD-104203,SKU-FRO-0278,9,El Tornillo Hardware
18/08/2026,ORD-104203,SKU-DAI-0313,18,Lince Vet Center
2026-08-18,ORD-104203,SKU-FRO-0179,2,Delta Construction
18-Aug-26,ORD-104204,SKU-FRO-0238,5,Happy Pet Store
18/08/2026,ORD-104204,SKU-DAI-0054,2,Inkafarma Comas Pharmacy
18/08/2026,ORD-104205,SKU-DAI-0313,3,San Martin Corner Store
18/08/2026,ORD-104205,SKU CLE 0240,15,Lucero Minimarket
2026-08-18,ORD-104206,SKU-OFF-0259,1,San Martin Corner Store
18-Aug-26,ORD-104206,SKU-OFF-0060,5,Wong North Supermarkets
18-Aug-26,ORD-104207,SKU-HOM-0020,2,San Martin Corner Store
18/08/2026,ORD-104208,SKU-TOO-0067,5,Andean Group Offices
18/08/2026,ORD-104208,SKU-DAI-0184,14,Lucero Minimarket
18/08/2026,ORD-104209,SKU-FRO-0136,3,Delta Construction
2026-08-18,ORD-104210,SKU-OFF-0074,11,Lince Vet Center
18/08/2026,ORD-104211,SKU-OFF-0283,15,San Martin Corner Store
18-Aug-26,ORD-104211,SKU-FRO-0179,2,Inkafarma Comas Pharmacy
18/08/2026,ORD-104211,SKU-FRO-0267,12,El Tornillo Hardware
2026-08-18,ORD-104212,SKU-PET-0087,2,Lince Vet Center
19-Aug-26,ORD-104212,SKU-BEA-0168,4,Inkafarma Comas Pharmacy
19-Aug-26,ORD-104212,SKU-HOM-0065,6,Andean Group Offices
19/08/2026,ORD-104213,SKU-FRO-0109,5,Andean Group Offices
19-Aug-26,ORD-104214,SKU-CLE-0108,11,Lince Vet Center
2026-08-19,ORD-104214,SKU-FRO-0278,6,Delta Construction
2026-08-19,ORD-104215,SKU-HOM-0020,2,Andean Group Offices
19-Aug-26,ORD-104216,SKU-FRO-0090,5,Inkafarma Comas Pharmacy
19-Aug-26,ORD-104216,SKU-PET-0040,11,Andean Group Offices
2026-08-19,ORD-104217,SKU-OFF-0283,18,Inkafarma Comas Pharmacy
2026-08-19,ORD-104218,SKU-FRO-0085,14,Lucero Minimarket
19-Aug-26,ORD-104218,SKU-TOO-0216,6,Andean Group Offices
2026-08-19,ORD-104219,SKU-HOM-0127,6,Andean Group Offices
2026-08-19,ORD-104219,SKU-HOM-0089,4,Delta Construction
19-Aug-26,ORD-104220,SKU-GAR-0229,4,San Martin Corner Store
2026-08-19,ORD-104220,SKU-DAI-0169,14,El Tornillo Hardware
19-Aug-26,ORD-104220,SKU-SNA-0057,12,Lucero Minimarket
19/08/2026,ORD-104221,SKU-BEV-0176,9,Lince Vet Center
19/08/2026,ORD-104222,SKU-DAI-0082,8,El Tornillo Hardware
19/08/2026,ORD-104222,SKU-FRO-0014,1,San Martin Corner Store
19-Aug-26,ORD-104222,SKU-OFF-0257,9,Lucero Minimarket
19/08/2026,ORD-104223,SKU-TOO-0216,8,Andean Group Offices
19-Aug-26,ORD-104223,SKU-OFF-0259,4,San Martin Corner Store
19-Aug-26,ORD-104224,SKU-FRO-0132,20,El Tornillo Hardware
19/08/2026,ORD-104224,SKU-HOM-0013,7,El Tornillo Hardware
19-Aug-26,ORD-104224,SKU-FRO-0014,5,El Tornillo Hardware
19-Aug-26,ORD-104225,SKU-HOM-0204,14,Delta Construction
2026-08-19,ORD-104226,SKU-DAI-0070,6,Andean Group Offices
2026-08-19,ORD-104226,SKU-BEV-0192,8,Lince Vet Center
2026-08-19,ORD-104226,SKU-HOM-0020,4,Andean Group Offices
19-Aug-26,ORD-104227,SKU-TOO-0295,10,San Martin Corner Store
19-Aug-26,ORD-104227,SKU-HOM-0262,4,Delta Construction
19/08/2026,ORD-104228,SKU-FRO-0272,1,Delta Construction
19-Aug-26,ORD-104228,SKU-HOM-0065,10,Wong North Supermarkets
19/08/2026,ORD-104228,SKU-BEA-0148,1,Happy Pet Store
19/08/2026,ORD-104229,SKU-FRO-0278,8,Happy Pet Store
19/08/2026,ORD-104230,SKU-CLE-0248,2,Andean Group Offices
19-Aug-26,ORD-104230,SKU-BEA-0264,6,Happy Pet Store
19/08/2026,ORD-104231,SKU-GAR-0113,3,San Martin Corner Store
2026-08-19,ORD-104232,SKU-GAR-0195,11,Delta Construction
2026-08-19,ORD-104232,SKU-DAI-0082,2,Inkafarma Comas Pharmacy
19/08/2026,ORD-104232,SKU-TOO-0080,6,Lince Vet Center
2026-08-19,ORD-104233,SKU-BEA-0148,3,Lucero Minimarket
19-Aug-26,ORD-104234,SKU-BEV-0180,15,Delta Construction
19/08/2026,ORD-104235,SKU-PET-0031,4,Delta Construction
2026-08-19,ORD-104235,SKU-BEA-0308,12,Inkafarma Comas Pharmacy
19/08/2026,ORD-104235,SKU-HAR-0266,17,La Lucha Restaurant
2026-08-19,ORD-104236,SKU-FRO-0179,1,Lucero Minimarket
19/08/2026,ORD-104236,SKU-OFF-0284,8,Andean Group Offices
19/08/2026,ORD-104237,SKU-BEV-0084,2,Delta Construction
19-Aug-26,ORD-104237,SKU-HAR-0266,15,Lince Vet Center
2026-08-19,ORD-104238,SKU-HAR-0093,2,Lucero Minimarket
19/08/2026,ORD-104238,SKU-BEA-0119,4,La Lucha Restaurant
2026-08-19,ORD-104239,SKU-FRO-0196,5,Wong North Supermarkets
2026-08-19,ORD-104239,SKU-HOM-0089,5,Andean Group Offices
19-Aug-26,ORD-104240,SKU-PET-0087,1,Lince Vet Center
2026-08-19,ORD-104240,SKU-OFF-0284,16,Wong North Supermarkets
19/08/2026,ORD-104241,SKU BEA 0193,8,Inkafarma Comas Pharmacy
2026-08-19,ORD-104241,SKU-DAI-0070,1,Lucero Minimarket
19/08/2026,ORD-104242,SKU-FRO-0132,3,El Tornillo Hardware
2026-08-19,ORD-104242,SKU-GAR-0113,2,Happy Pet Store
19-Aug-26,ORD-104243,SKU-GAR-0113,17,Inkafarma Comas Pharmacy
19/08/2026,ORD-104243,SKU-SNA-0244,28,Inkafarma Comas Pharmacy
2026-08-19,ORD-104244,SKU-DAI-0313,23,Happy Pet Store
19-Aug-26,ORD-104244,SKU-OFF-0140,9,Delta Construction
2026-08-19,ORD-104245,SKU-DAI-0123,1,Andean Group Offices
19-Aug-26,ORD-104245,SKU-FRO-0272,6,Happy Pet Store
19/08/2026,ORD-104245,SKU-TOO-0125,8,El Tornillo Hardware
2026-08-19,ORD-104246,SKU-OFF-0140,11,San Martin Corner Store
19-Aug-26,ORD-104246,SKU-HOM-0316,4,Delta Construction
2026-08-19,ORD-104247,SKU-FRO-0109,6,Lince Vet Center
19/08/2026,ORD-104248,SKU-BEV-0301,2,Lince Vet Center
19-Aug-26,ORD-104248,SKU-OFF-0228,1,El Tornillo Hardware
19-Aug-26,ORD-104250,SKU-FRO-0288,3,Lince Vet Center
2026-08-19,ORD-104250,SKU-DAI-0003,13,Inkafarma Comas Pharmacy
19/08/2026,ORD-104251,SKU-BEA-0291,5,San Martin Corner Store
19-Aug-26,ORD-104251,SKU-DAI-0303,3,El Tornillo Hardware
2026-08-19,ORD-104252,SKU-DAI-0313,12,La Lucha Restaurant
2026-08-19,ORD-104252,SKU-FRO-0220,3,Happy Pet Store
19-Aug-26,ORD-104252,SKU-SNA-0315,23,Happy Pet Store
19/08/2026,ORD-104254,SKU-DAI-0072,8,Lince Vet Center
19-Aug-26,ORD-104254,SKU-PET-0318,20,Delta Construction
19-Aug-26,ORD-104255,SKU-DAI-0164,2,Lince Vet Center
19-Aug-26,ORD-104255,SKU-TOO-0221,1,Wong North Supermarkets
2026-08-19,ORD-104256,SKU-FRO-0014,16,Wong North Supermarkets
19-Aug-26,ORD-104256,SKU-DAI-0070,3,Delta Construction
2026-08-19,ORD-104257,SKU-DAI-0123,2,Happy Pet Store
19-Aug-26,ORD-104257,SKU-PET-0155,5,La Lucha Restaurant
19-Aug-26,ORD-104258,SKU-BEA-0006,17,Delta Construction
19/08/2026,ORD-104258,SKU-FRO-0014,2,Wong North Supermarkets
19/08/2026,ORD-104259,SKU-DAI-0123,8,Happy Pet Store
19-Aug-26,ORD-104259,SKU-PET-0155,20,Inkafarma Comas Pharmacy
2026-08-19,ORD-104259,SKU-CLE-0282,3,San Martin Corner Store
19-Aug-26,ORD-104260,SKU-BEA-0264,8,Happy Pet Store
2026-08-19,ORD-104260,SKU-PET-0227,2,La Lucha Restaurant
19-Aug-26,ORD-104260,SKU-PET-0146,3,Wong North Supermarkets
19/08/2026,ORD-104261,SKU-CLE-0018,5,Lince Vet Center
19-Aug-26,ORD-104261,SKU-GAR-0287,1,Happy Pet Store
19-Aug-26,ORD-104262,SKU-HOM-0262,14,Wong North Supermarkets
2026-08-19,ORD-104262,SKU-OFF-0140,2,Lince Vet Center
19/08/2026,ORD-104263,SKU-GAR-0021,5,San Martin Corner Store
19-Aug-26,ORD-104264,SKU-SNA-0199,11,La Lucha Restaurant
19-Aug-26,ORD-104264,SKU-TOO-0026,5,Lucero Minimarket
19-Aug-26,ORD-104264,SKU-OFF-0060,4,La Lucha Restaurant
2026-08-19,ORD-104265,SKU-BEV-0176,5,San Martin Corner Store
19-Aug-26,ORD-104265,SKU-HAR-0093,3,El Tornillo Hardware
19/08/2026,ORD-104265,SKU-FRO-0296,16,San Martin Corner Store
2026-08-19,ORD-104266,SKU-BEA-0193,6,Lucero Minimarket
19-Aug-26,ORD-104266,SKU-PET-0146,1,El Tornillo Hardware
2026-08-19,ORD-104267,SKU-DAI-0123,8,Lince Vet Center
19/08/2026,ORD-104268,SKU-SNA-0292,10,La Lucha Restaurant
19/08/2026,ORD-104268,SKU-GAR-0157,4,Andean Group Offices
2026-08-19,ORD-104269,SKU-OFF-0140,6,Lucero Minimarket
19/08/2026,ORD-104269,SKU-PET-0027,17,Andean Group Offices
2026-08-19,ORD-104269,SKU-BEA-0264,1,Delta Construction
19/08/2026,ORD-104270,SKU-OFF-0225,9,El Tornillo Hardware
2026-08-19,ORD-104271,sku-dai-0054,4,San Martin Corner Store
2026-08-19,ORD-104271,SKU-FRO-0213,8,Lince Vet Center
19-Aug-26,ORD-104272,SKU-DAI-0123,3,Happy Pet Store
19-Aug-26,ORD-104273,SKU-HOM-0015,22,Inkafarma Comas Pharmacy
19-Aug-26,ORD-104273,SKU-SNA-0171,16,Andean Group Offices
19/08/2026,ORD-104274,SKU-TOO-0221,3,El Tornillo Hardware
19/08/2026,ORD-104274,SKU-BEV-0005,1,Lucero Minimarket
2026-08-19,ORD-104274,SKU-HAR-0285,6,Inkafarma Comas Pharmacy
19/08/2026,ORD-104275,SKU-OFF-0249,10,La Lucha Restaurant
2026-08-19,ORD-104275,SKU-GAR-0111,5,San Martin Corner Store
2026-08-19,ORD-104276,SKU-BEV-0311,10,Happy Pet Store
2026-08-19,ORD-104276,SKU-BEV-0176,8,El Tornillo Hardware
19/08/2026,ORD-104277,SKU-BEV-0037,2,Wong North Supermarkets
19/08/2026,ORD-104277,SKU-CLE-0041,15,El Tornillo Hardware
19/08/2026,ORD-104278,SKU-TOO-0125,2,Lince Vet Center
2026-08-19,ORD-104278,SKU DAI 0054,8,Lucero Minimarket
19/08/2026,ORD-104279,SKU-BEV-0033,4,Andean Group Offices
19-Aug-26,ORD-104280,SKU-DAI-0003,10,Lucero Minimarket
19/08/2026,ORD-104280,SKU-OFF-0284,20,Andean Group Offices
19-Aug-26,ORD-104281,SKU-FRO-0296,1,Andean Group Offices
2026-08-19,ORD-104282,SKU-BEA-0144,16,Lucero Minimarket
2026-08-19,ORD-104282,SKU-OFF-0283,9,El Tornillo Hardware
19-Aug-26,ORD-104282,SKU-BEA-0264,8,Inkafarma Comas Pharmacy
19/08/2026,ORD-104283,SKU-HAR-0254,9,Delta Construction
19/08/2026,ORD-104284,SKU-BEA-0308,5,Inkafarma Comas Pharmacy
19/08/2026,ORD-104284,SKU CLE 0282,1,Wong North Supermarkets
19/08/2026,ORD-104284,SKU-PET-0087,6,Happy Pet Store
2026-08-19,ORD-104285,SKU-DAI-0123,8,Lince Vet Center
19-Aug-26,ORD-104285,SKU-FRO-0114,1,San Martin Corner Store
19/08/2026,ORD-104285,SKU-BEV-0174,1,Andean Group Offices
2026-08-19,ORD-104286,SKU-FRO-0203,7,Inkafarma Comas Pharmacy
19/08/2026,ORD-104287,SKU-FRO-0179,10,Lucero Minimarket
19/08/2026,ORD-104287,SKU-HAR-0237,17,El Tornillo Hardware
2026-08-19,ORD-104288,SKU-FRO-0114,4,Happy Pet Store
19/08/2026,ORD-104289,SKU-PET-0017,1,San Martin Corner Store
19-Aug-26,ORD-104290,SKU-DAI-0184,1,Lucero Minimarket
19-Aug-26,ORD-104291,SKU-TOO-0125,7,San Martin Corner Store
2026-08-19,ORD-104291,SKU-DAI-0313,1,Andean Group Offices
2026-08-19,ORD-104291,SKU-PET-0304,14,La Lucha Restaurant
2026-08-19,ORD-104292,SKU-OFF-0060,23,Andean Group Offices
2026-08-19,ORD-104292,SKU-OFF-0140,13,Inkafarma Comas Pharmacy
2026-08-19,ORD-104293,SKU-TOO-0067,3,Delta Construction
2026-08-19,ORD-104294,SKU-SNA-0315,6,Delta Construction
19-Aug-26,ORD-104294,SKU-BEA-0126,5,Wong North Supermarkets
19-Aug-26,ORD-104294,SKU-OFF-0140,15,La Lucha Restaurant
2026-08-19,ORD-104295,SKU-FRO-0238,14,San Martin Corner Store
2026-08-19,ORD-104295,SKU-PET-0217,2,Delta Construction
19-Aug-26,ORD-104295,SKU-OFF-0257,8,Lince Vet Center
2026-08-19,ORD-104296,SKU-HOM-0112,4,Happy Pet Store
19-Aug-26,ORD-104296,SKU-FRO-0238,10,Lucero Minimarket
19/08/2026,ORD-104296,SKU-TOO-0216,16,Lucero Minimarket
19-Aug-26,ORD-104297,SKU-BEV-0202,4,Wong North Supermarkets
19/08/2026,ORD-104297,SKU-GAR-0111,16,Wong North Supermarkets
19/08/2026,ORD-104298,SKU-BEA-0264,7,Wong North Supermarkets
19/08/2026,ORD-104299,SKU-FRO-0272,27,Happy Pet Store
19/08/2026,ORD-104299,SKU-CLE-0282,13,La Lucha Restaurant
19-Aug-26,ORD-104299,SKU-PET-0017,4,Delta Construction
19/08/2026,ORD-104301,SKU-DAI-0184,18,Happy Pet Store
2026-08-19,ORD-104301,SKU-DAI-0123,3,Lucero Minimarket
19-Aug-26,ORD-104302,SKU-BEV-0311,8,Delta Construction
2026-08-19,ORD-104302,SKU-TOO-0049,11,Andean Group Offices
2026-08-19,ORD-104303,SKU-DAI-0003,19,Inkafarma Comas Pharmacy
19/08/2026,ORD-104303,SKU-FRO-0085,15,Delta Construction
19-Aug-26,ORD-104304,SKU-GAR-0021,2,Inkafarma Comas Pharmacy
2026-08-19,ORD-104304,SKU-BEV-0037,5,Delta Construction
19-Aug-26,ORD-104304,SKU-OFF-0043,12,San Martin Corner Store
19-Aug-26,ORD-104305,SKU-PET-0227,4,El Tornillo Hardware
2026-08-19,ORD-104305,SKU-CLE-0248,5,El Tornillo Hardware
19-Aug-26,ORD-104306,SKU-DAI-0082,9,La Lucha Restaurant
2026-08-19,ORD-104306,SKU-FRO-0114,17,Andean Group Offices
19-Aug-26,ORD-104307,SKU-DAI-0164,3,La Lucha Restaurant
19/08/2026,ORD-104307,SKU-FRO-0267,3,La Lucha Restaurant
19/08/2026,ORD-104307,SKU-PET-0017,4,Andean Group Offices
19/08/2026,ORD-104308,SKU-HAR-0285,7,Andean Group Offices
19-Aug-26,ORD-104308,SKU-BEV-0192,6,Happy Pet Store
19-Aug-26,ORD-104308,SKU-DAI-0070,13,Lucero Minimarket
19/08/2026,ORD-104309,SKU-BEA-0291,9,Inkafarma Comas Pharmacy
19/08/2026,ORD-104309,SKU-TOO-0069,11,Andean Group Offices
19-Aug-26,ORD-104310,SKU-FRO-0109,7,Lince Vet Center
19-Aug-26,ORD-104311,SKU-HOM-0127,8,Andean Group Offices
19/08/2026,ORD-104311,SKU-HAR-0309,2,Happy Pet Store
2026-08-19,ORD-104312,SKU-DAI-0303,4,El Tornillo Hardware
19/08/2026,ORD-104312,SKU-PET-0146,13,San Martin Corner Store
19/08/2026,ORD-104312,SKU-FRO-0014,12,Wong North Supermarkets
19-Aug-26,ORD-104313,SKU-DAI-0123,1,Lince Vet Center
19/08/2026,ORD-104314,SKU-SNA-0315,1,El Tornillo Hardware
19/08/2026,ORD-104314,SKU-SNA-0292,5,Lucero Minimarket
19-Aug-26,ORD-104315,SKU-DAI-0164,2,Happy Pet Store
2026-08-19,ORD-104315,SKU-GAR-0195,20,San Martin Corner Store
19-Aug-26,ORD-104316,SKU-OFF-0249,4,Wong North Supermarkets
2026-08-19,ORD-104316,SKU-BEA-0291,10,Delta Construction
19-Aug-26,ORD-104317,SKU-FRO-0114,7,Inkafarma Comas Pharmacy
19/08/2026,ORD-104317,SKU-HOM-0112,1,Wong North Supermarkets
19-Aug-26,ORD-104317,SKU-PET-0146,10,Lucero Minimarket
19/08/2026,ORD-104318,SKU-PET-0099,12,Andean Group Offices
19/08/2026,ORD-104318,SKU-BEA-0138,2,Wong North Supermarkets
2026-08-19,ORD-104318,SKU-SNA-0244,12,Lince Vet Center
19/08/2026,ORD-104319,SKU-PET-0076,8,Inkafarma Comas Pharmacy
19/08/2026,ORD-104320,SKU-FRO-0109,5,El Tornillo Hardware
19-Aug-26,ORD-104321,SKU-PET-0227,6,La Lucha Restaurant
19/08/2026,ORD-104321,SKU-OFF-0007,1,Inkafarma Comas Pharmacy
2026-08-19,ORD-104322,SKU-HOM-0089,8,Delta Construction
19-Aug-26,ORD-104324,SKU-HOM-0020,6,El Tornillo Hardware
2026-08-19,ORD-104324,SKU-BEA-0148,2,Andean Group Offices
2026-08-19,ORD-104324,SKU-PET-0318,5,La Lucha Restaurant
19-Aug-26,ORD-104325,SKU-SNA-0046,4,Delta Construction
19/08/2026,ORD-104326, SKU-OFF-0140,12,El Tornillo Hardware
19/08/2026,ORD-104327,SKU-FRO-0179,5,Delta Construction
2026-08-19,ORD-104327,SKU-HOM-0112,10,La Lucha Restaurant
2026-08-19,ORD-104328,SKU-FRO-0179,3,Wong North Supermarkets
19-Aug-26,ORD-104328,SKU-FRO-0136,6,Lince Vet Center
2026-08-19,ORD-104328,SKU-BEA-0148,3,San Martin Corner Store
2026-08-19,ORD-104329,SKU-DAI-0070,8,La Lucha Restaurant
19/08/2026,ORD-104329,SKU-OFF-0259,21,Delta Construction
19-Aug-26,ORD-104330,SKU-TOO-0295,7,Wong North Supermarkets
19-Aug-26,ORD-104331,SKU-DAI-0169,13,Wong North Supermarkets
2026-08-19,ORD-104331,SKU-PET-0155,6,La Lucha Restaurant
19-Aug-26,ORD-104332,SKU-DAI-0164,6,Inkafarma Comas Pharmacy
2026-08-19,ORD-104332,SKU-DAI-0313,16,La Lucha Restaurant
19/08/2026,ORD-104333,SKU-FRO-0220,3,Lince Vet Center
2026-08-19,ORD-104333,SKU-CLE-0061,26,Delta Construction
19/08/2026,ORD-104333,SKU-DAI-0303,3,Delta Construction
2026-08-19,ORD-104334,SKU-HOM-0204,2,Happy Pet Store
19/08/2026,ORD-104334,SKU-BEA-0062,11,Happy Pet Store
19-Aug-26,ORD-104335,SKU-FRO-0296,20,San Martin Corner Store
19-Aug-26,ORD-104335,SKU-OFF-0228,22,La Lucha Restaurant
2026-08-19,ORD-104336,sku-pet-0173,2,La Lucha Restaurant
2026-08-19,ORD-104337,SKU-OFF-0225,15,El Tornillo Hardware
19/08/2026,ORD-104337,SKU-BEV-0037,3,Lucero Minimarket
19/08/2026,ORD-104338,SKU-TOO-0125,6,Delta Construction
19-Aug-26,ORD-104338,SKU-SNA-0315,21,Inkafarma Comas Pharmacy
19-Aug-26,ORD-104338,SKU-DAI-0164,4,Lucero Minimarket
19-Aug-26,ORD-104339,SKU-FRO-0109,7,Andean Group Offices
19-Aug-26,ORD-104340,SKU SNA 0233,6,Lince Vet Center
19-Aug-26,ORD-104341,SKU-DAI-0169,10,Andean Group Offices
2026-08-19,ORD-104342,SKU-OFF-0284,19,Inkafarma Comas Pharmacy
19-Aug-26,ORD-104342,SKU-FRO-0114,9,Delta Construction
2026-08-19,ORD-104343,SKU-HOM-0112,14,Lucero Minimarket
2026-08-19,ORD-104343,SKU BEA 0215,2,Delta Construction
19-Aug-26,ORD-104344,SKU-FRO-0272,6,El Tornillo Hardware
19/08/2026,ORD-104344,SKU-SNA-0097,11,Wong North Supermarkets
2026-08-19,ORD-104344,SKU-BEA-0183,1,Happy Pet Store
2026-08-19,ORD-104345,SKU-OFF-0043,6,Inkafarma Comas Pharmacy
19-Aug-26,ORD-104345,SKU-BEA-0191,2,Lince Vet Center
19/08/2026,ORD-104346,SKU-BEA-0062,1,La Lucha Restaurant
19/08/2026,ORD-104346,SKU-OFF-0010,3,La Lucha Restaurant
2026-08-19,ORD-104347,SKU-FRO-0114,16,Inkafarma Comas Pharmacy
2026-08-19,ORD-104347,SKU-CLE-0248,7,Lince Vet Center
19/08/2026,ORD-104348,SKU-OFF-0284,21,Lucero Minimarket
19/08/2026,ORD-104348,SKU-PET-0087,1,Wong North Supermarkets
19/08/2026,ORD-104348,SKU-DAI-0070,6,Inkafarma Comas Pharmacy
2026-08-19,ORD-104349,SKU-FRO-0090,18,El Tornillo Hardware
19/08/2026,ORD-104349,SKU-GAR-0113,18,Andean Group Offices
2026-08-19,ORD-104350,SKU-PET-0173,2,Andean Group Offices
19/08/2026,ORD-104350,SKU-BEA-0126,9,Andean Group Offices
2026-08-19,ORD-104351,SKU-OFF-0140,9,Lince Vet Center
19/08/2026,ORD-104351,SKU-DAI-0184,17,Andean Group Offices
2026-08-19,ORD-104351,SKU-SNA-0051,2,Inkafarma Comas Pharmacy
19-Aug-26,ORD-104352,sku-fro-0278,3,El Tornillo Hardware
19/08/2026,ORD-104352,SKU-SNA-0315,12,La Lucha Restaurant
19-Aug-26,ORD-104354,SKU-BEV-0150,14,Lince Vet Center
19/08/2026,ORD-104354,SKU-FRO-0085,17,San Martin Corner Store
2026-08-19,ORD-104355,SKU-DAI-0184,9,Inkafarma Comas Pharmacy
19/08/2026,ORD-104355,SKU-HOM-0262,1,Happy Pet Store
2026-08-19,ORD-104355,SKU-DAI-0070,9,Inkafarma Comas Pharmacy
19/08/2026,ORD-104356,SKU-HOM-0015,13,Inkafarma Comas Pharmacy
19-Aug-26,ORD-104357,SKU-OFF-0257,1,Andean Group Offices
2026-08-19,ORD-104358,SKU-PET-0102,2,La Lucha Restaurant
19-Aug-26,ORD-104359,SKU-GAR-0195,16,Delta Construction
2026-08-19,ORD-104359,SKU-TOO-0049,28,Wong North Supermarkets
19/08/2026,ORD-104359,SKU-BEV-0174,6,Inkafarma Comas Pharmacy
19/08/2026,ORD-104360,SKU-BEA-0034,28,Happy Pet Store
2026-08-19,ORD-104360,sku-off-0259,1,Delta Construction
19-Aug-26,ORD-104361,SKU-SNA-0315,27,Lucero Minimarket
2026-08-19,ORD-104361,SKU-HAR-0254,20,Wong North Supermarkets
2026-08-19,ORD-104362,SKU-DAI-0123,8,Lucero Minimarket
19/08/2026,ORD-104363,SKU-BEA-0151,10,Andean Group Offices
19-Aug-26,ORD-104363,SKU-FRO-0238,2,El Tornillo Hardware
19/08/2026,ORD-104364,SKU-FRO-0014,1,Delta Construction
19-Aug-26,ORD-104365,SKU-FRO-0296,9,Inkafarma Comas Pharmacy
2026-08-19,ORD-104365,SKU-TOO-0122,13,San Martin Corner Store
19-Aug-26,ORD-104365,SKU-BEA-0126,10,La Lucha Restaurant
19-Aug-26,ORD-104366,SKU-TOO-0026,8,Lince Vet Center
19/08/2026,ORD-104366,SKU-FRO-0288,3,Andean Group Offices
19/08/2026,ORD-104366,SKU-SNA-0097,3,Andean Group Offices
19-Aug-26,ORD-104367,SKU-PET-0087,1,Happy Pet Store
19/08/2026,ORD-104367,SKU-GAR-0111,12,San Martin Corner Store
2026-08-19,ORD-104368,SKU-DAI-0184,4,Wong North Supermarkets
19/08/2026,ORD-104368,SKU-OFF-0257,6,Delta Construction
2026-08-19,ORD-104368,SKU-PET-0102,3,San Martin Corner Store
19-Aug-26,ORD-104369,SKU-BEA-0019,3,Inkafarma Comas Pharmacy
2026-08-19,ORD-104370,SKU-CLE-0041,18,Delta Construction
19-Aug-26,ORD-104370,SKU-BEA-0291,6,La Lucha Restaurant
19/08/2026,ORD-104371,SKU-SNA-0292,2,Inkafarma Comas Pharmacy
19-Aug-26,ORD-104371,SKU-HOM-0204,7,Andean Group Offices
19-Aug-26,ORD-104371,SKU-DAI-0123,4,La Lucha Restaurant
2026-08-19,ORD-104372,SKU-BEA-0163,5,Inkafarma Comas Pharmacy
19/08/2026,ORD-104373,SKU-DAI-0184,18,El Tornillo Hardware
19-Aug-26,ORD-104373,SKU-CLE-0041,12,Wong North Supermarkets
19-Aug-26,ORD-104375,SKU-DAI-0054,6,San Martin Corner Store
19-Aug-26,ORD-104376,SKU-OFF-0228,6,Lucero Minimarket
19-Aug-26,ORD-104377,SKU-BEA-0045,22,Andean Group Offices
2026-08-19,ORD-104379,SKU-GAR-0021,2,Wong North Supermarkets
19/08/2026,ORD-104379,SKU-PET-0017,2,Lince Vet Center
19-Aug-26,ORD-104380,SKU-GAR-0195,6,La Lucha Restaurant
19/08/2026,ORD-104381,SKU-GAR-0287,4,Lince Vet Center
19-Aug-26,ORD-104381,sku-gar-0111,20,San Martin Corner Store
19-Aug-26,ORD-104381,SKU-HAR-0266,6,El Tornillo Hardware
19/08/2026,ORD-104382,SKU-TOO-0279,2,Inkafarma Comas Pharmacy
19/08/2026,ORD-104382,SKU-DAI-0169,2,Happy Pet Store
19/08/2026,ORD-104383,SKU-DAI-0072,3,El Tornillo Hardware
2026-08-19,ORD-104384,SKU-FRO-0090,22,Wong North Supermarkets
19-Aug-26,ORD-104384,SKU-BEA-0062,9,Delta Construction
19/08/2026,ORD-104384,SKU-GAR-0111,7,Andean Group Offices
2026-08-19,ORD-104385,SKU-GAR-0157,18,Andean Group Offices
2026-08-19,ORD-104385,SKU-FRO-0114,15,Delta Construction
19-Aug-26,ORD-104386,SKU-TOO-0279,5,El Tornillo Hardware
19-Aug-26,ORD-104386,SKU-FRO-0179,7,Delta Construction
19-Aug-26,ORD-104386,SKU-OFF-0074,2,San Martin Corner Store
19/08/2026,ORD-104387,SKU-FRO-0179,9,Andean Group Offices
2026-08-19,ORD-104387,SKU-SNA-0030,12,Inkafarma Comas Pharmacy
2026-08-19,ORD-104388,SKU-PET-0106,15,Delta Construction
19-Aug-26,ORD-104389,SKU-OFF-0074,22,Inkafarma Comas Pharmacy
19-Aug-26,ORD-104389,SKU-DAI-0313,8,Lucero Minimarket
19/08/2026,ORD-104391,SKU-BEA-0034,21,Lucero Minimarket
2026-08-19,ORD-104391,SKU-DAI-0072,11,El Tornillo Hardware
19-Aug-26,ORD-104391,SKU-DAI-0313,6,Happy Pet Store
2026-08-19,ORD-104392,SKU-BEV-0180,16,Lince Vet Center
19-Aug-26,ORD-104392,SKU-GAR-0120,13,Lucero Minimarket
19/08/2026,ORD-104393,SKU-FRO-0179,3,El Tornillo Hardware
19/08/2026,ORD-104393,SKU-TOO-0056,2,Lince Vet Center
19/08/2026,ORD-104393,SKU-FRO-0136,3,Wong North Supermarkets
19-Aug-26,ORD-104394,SKU-OFF-0259,17,Lucero Minimarket
19-Aug-26,ORD-104394,SKU-HOM-0112,15,Wong North Supermarkets
2026-08-19,ORD-104395,SKU-GAR-0021,1,Happy Pet Store
2026-08-19,ORD-104396,SKU-SNA-0292,6,Andean Group Offices
2026-08-19,ORD-104396,SKU-TOO-0245,17,Inkafarma Comas Pharmacy
2026-08-19,ORD-104397,SKU-DAI-0054,10,Inkafarma Comas Pharmacy
2026-08-19,ORD-104398,SKU-GAR-0195,1,Andean Group Offices
2026-08-19,ORD-104398,SKU-OFF-0140,6,El Tornillo Hardware
19-Aug-26,ORD-104399,SKU-FRO-0136,8,El Tornillo Hardware
2026-08-19,ORD-104399,SKU-TOO-0200,6,Happy Pet Store
19-Aug-26,ORD-104399,SKU-BEA-0019,3,Andean Group Offices
19-Aug-26,ORD-104400,SKU-FRO-0179,1,San Martin Corner Store
2026-08-19,ORD-104400,SKU-CLE-0061,2,El Tornillo Hardware
19/08/2026,ORD-104401,SKU-FRO-0272,3,El Tornillo Hardware
2026-08-19,ORD-104401,SKU-GAR-0078,10,Lince Vet Center
2026-08-19,ORD-104402,SKU-BEA-0094,2,Happy Pet Store
19/08/2026,ORD-104402,SKU-DAI-0169,4,Andean Group Offices
19/08/2026,ORD-104402,SKU-BEA-0291,2,Inkafarma Comas Pharmacy
19/08/2026,ORD-104403,SKU-HOM-0251,6,Wong North Supermarkets
19/08/2026,ORD-104403,SKU-GAR-0250,7,Wong North Supermarkets
2026-08-19,ORD-104404,SKU-GAR-0120,12,La Lucha Restaurant
2026-08-19,ORD-104404,SKU-BEV-0174,4,Wong North Supermarkets
19/08/2026,ORD-104404,SKU-BEV-0162,5,Lince Vet Center
19/08/2026,ORD-104405,SKU-FRO-0296,10,El Tornillo Hardware
19/08/2026,ORD-104406,SKU-FRO-0085,8,Lince Vet Center
19/08/2026,ORD-104406,SKU-BEA-0045,13,Delta Construction
19/08/2026,ORD-104407,SKU-BEA-0312,23,Andean Group Offices
19-Aug-26,ORD-104407,SKU-GAR-0111,20,El Tornillo Hardware
19/08/2026,ORD-104407,SKU-DAI-0082,2,Inkafarma Comas Pharmacy
2026-08-19,ORD-104408,SKU-PET-0017,4,Lucero Minimarket
2026-08-19,ORD-104408,SKU-GAR-0047,4,Lucero Minimarket
19-Aug-26,ORD-104409,SKU-OFF-0228,11,Inkafarma Comas Pharmacy
2026-08-19,ORD-104409,SKU-OFF-0228,24,Lince Vet Center
19/08/2026,ORD-104410,SKU-FRO-0220,5,Andean Group Offices
19/08/2026,ORD-104410,SKU-DAI-0072,18,Delta Construction
19-Aug-26,ORD-104411,SKU-FRO-0288,1,El Tornillo Hardware
2026-08-19,ORD-104411,SKU-GAR-0078,2,Lucero Minimarket
19-Aug-26,ORD-104412,SKU-TOO-0295,5,Happy Pet Store
19/08/2026,ORD-104412,SKU-BEA-0151,3,Lince Vet Center
19-Aug-26,ORD-104413,SKU-GAR-0021,1,Wong North Supermarkets
19-Aug-26,ORD-104414,SKU-OFF-0060,10,Delta Construction
19/08/2026,ORD-104415,SKU-DAI-0082,6,Lucero Minimarket
2026-08-19,ORD-104415,SKU-CLE-0248,2,Andean Group Offices
19/08/2026,ORD-104415,SKU-DAI-0184,8,Lucero Minimarket
2026-08-19,ORD-104416,SKU FRO 0136,2,Happy Pet Store
2026-08-19,ORD-104416,SKU-BEA-0308,8,Happy Pet Store
19-Aug-26,ORD-104417,SKU-BEV-0137,12,Wong North Supermarkets
19-Aug-26,ORD-104418,SKU-PET-0270,10,Lince Vet Center
19-Aug-26,ORD-104418,SKU-TOO-0122,7,El Tornillo Hardware
19/08/2026,ORD-104419,SKU-OFF-0228,13,Delta Construction
2026-08-19,ORD-104420,SKU-BEV-0219,4,Andean Group Offices
19-Aug-26,ORD-104421,SKU-BEA-0193,7,Andean Group Offices
2026-08-19,ORD-104422,SKU-CLE-0041,11,Lucero Minimarket
2026-08-19,ORD-104423,SKU-DAI-0054,10,El Tornillo Hardware
2026-08-19,ORD-104424,SKU-BEV-0180,15,La Lucha Restaurant
19/08/2026,ORD-104424,SKU-CLE-0041,1,Lince Vet Center
19-Aug-26,ORD-104425,SKU-OFF-0259,17,Lince Vet Center
19-Aug-26,ORD-104425,SKU-OFF-0284,11,Inkafarma Comas Pharmacy
19-Aug-26,ORD-104425,SKU-HOM-0112,10,Inkafarma Comas Pharmacy
19/08/2026,ORD-104426,SKU-TOO-0080,1,Delta Construction
19/08/2026,ORD-104426,SKU-HOM-0166,11,El Tornillo Hardware
2026-08-19,ORD-104427,SKU-OFF-0236,11,Andean Group Offices
2026-08-19,ORD-104428,SKU-SNA-0292,12,Wong North Supermarkets
19/08/2026,ORD-104428,SKU-GAR-0157,17,San Martin Corner Store
2026-08-19,ORD-104428,SKU-SNA-0244,9,Inkafarma Comas Pharmacy
2026-08-20,ORD-104429,SKU-FRO-0114,2,Delta Construction
20/08/2026,ORD-104430,SKU-CLE-0108,2,Andean Group Offices
20/08/2026,ORD-104431,SKU-HOM-0013,9,Happy Pet Store
20/08/2026,ORD-104432,SKU-DAI-0303,4,Delta Construction
20-Aug-26,ORD-104433,SKU-OFF-0074,21,Delta Construction
2026-08-20,ORD-104433,SKU-BEV-0037,1,El Tornillo Hardware
20-Aug-26,ORD-104434,SKU-FRO-0238,16,Andean Group Offices
2026-08-20,ORD-104434,SKU-PET-0099,30,El Tornillo Hardware
2026-08-20,ORD-104434,SKU-FRO-0213,3,La Lucha Restaurant
2026-08-20,ORD-104435,SKU-DAI-0164,4,San Martin Corner Store
20/08/2026,ORD-104435,SKU-OFF-0236,11,Happy Pet Store
2026-08-20,ORD-104435,SKU-HOM-0316,6,La Lucha Restaurant
20-Aug-26,ORD-104436,SKU OFF 0140,2,Wong North Supermarkets
20/08/2026,ORD-104436,SKU-PET-0027,13,Lucero Minimarket
20-Aug-26,ORD-104437,SKU-HOM-0013,6,Happy Pet Store
20/08/2026,ORD-104438,SKU-FRO-0085,15,Delta Construction
2026-08-20,ORD-104438,SKU-TOO-0279,1,Andean Group Offices
20/08/2026,ORD-104439,SKU-HOM-0089,1,Delta Construction
20/08/2026,ORD-104440,SKU-GAR-0078,4,Andean Group Offices
2026-08-20,ORD-104442,SKU-OFF-0140,4,Wong North Supermarkets
20/08/2026,ORD-104443,SKU-DAI-0169,10,San Martin Corner Store
2026-08-20,ORD-104443,SKU-GAR-0021,5,Lucero Minimarket
20-Aug-26,ORD-104443, SKU-FRO-0213,10,El Tornillo Hardware
20/08/2026,ORD-104444,SKU-GAR-0047,3,Andean Group Offices
20-Aug-26,ORD-104444,SKU-BEV-0174,4,Happy Pet Store
20/08/2026,ORD-104445,SKU-BEV-0150,8,San Martin Corner Store
20-Aug-26,ORD-104446,SKU-FRO-0014,2,Andean Group Offices
20-Aug-26,ORD-104446,SKU-SNA-0171,14,Inkafarma Comas Pharmacy
2026-08-20,ORD-104447,SKU-FRO-0090,18,La Lucha Restaurant
20/08/2026,ORD-104447,SKU-FRO-0014,11,El Tornillo Hardware
2026-08-20,ORD-104447,SKU-HAR-0309,12,Wong North Supermarkets
20/08/2026,ORD-104448,SKU-DAI-0169,14,Delta Construction
2026-08-20,ORD-104448,SKU-DAI-0313,7,Wong North Supermarkets
2026-08-20,ORD-104449,SKU-BEA-0274,3,Inkafarma Comas Pharmacy
20-Aug-26,ORD-104450,SKU-FRO-0109,7,El Tornillo Hardware
20/08/2026,ORD-104450,SKU-CLE-0209,9,San Martin Corner Store
2026-08-20,ORD-104450,SKU-OFF-0257,2,Wong North Supermarkets
2026-08-20,ORD-104451,SKU-FRO-0179,9,San Martin Corner Store
20/08/2026,ORD-104451,SKU-FRO-0136,7,Happy Pet Store
2026-08-20,ORD-104452,SKU-GAR-0113,14,Inkafarma Comas Pharmacy
20/08/2026,ORD-104452,SKU-TOO-0279,3,Andean Group Offices
2026-08-20,ORD-104453,SKU-DAI-0184,10,Lince Vet Center
20/08/2026,ORD-104453,SKU-GAR-0153,8,Lince Vet Center
2026-08-20,ORD-104454,SKU-OFF-0228,17,Happy Pet Store
20-Aug-26,ORD-104454,SKU-CLE-0041,15,La Lucha Restaurant
20-Aug-26,ORD-104454,SKU-DAI-0070,14,Lucero Minimarket
2026-08-20,ORD-104455,SKU-HOM-0127,18,Andean Group Offices
20/08/2026,ORD-104455,SKU-DAI-0123,8,Wong North Supermarkets
20-Aug-26,ORD-104455,SKU-DAI-0072,9,Happy Pet Store
20/08/2026,ORD-104456,SKU-CLE-0108,11,Lucero Minimarket
20-Aug-26,ORD-104456,SKU-CLE-0248,1,Happy Pet Store
2026-08-20,ORD-104456,SKU-PET-0155,20,Andean Group Offices
2026-08-20,ORD-104457,SKU-TOO-0295,2,Lucero Minimarket
20/08/2026,ORD-104457,SKU-SNA-0223,3,Lucero Minimarket
2026-08-20,ORD-104458,SKU-DAI-0184,11,Lucero Minimarket
20-Aug-26,ORD-104459,SKU-DAI-0164,2,Lucero Minimarket
20/08/2026,ORD-104459,sku-bea-0308,13,Happy Pet Store
2026-08-20,ORD-104461,SKU-OFF-0283,18,Happy Pet Store
20-Aug-26,ORD-104461,SKU-BEA-0308,5,Andean Group Offices
20/08/2026,ORD-104462,SKU-HOM-0127,1,Inkafarma Comas Pharmacy
20/08/2026,ORD-104462,SKU-OFF-0043,5,Lince Vet Center
2026-08-20,ORD-104463,SKU-BEA-0177,3,El Tornillo Hardware
2026-08-20,ORD-104463,SKU-BEV-0192,9,El Tornillo Hardware
20/08/2026,ORD-104463,SKU-TOO-0279,2,Inkafarma Comas Pharmacy
20/08/2026,ORD-104464,SKU-FRO-0296,13,San Martin Corner Store
2026-08-20,ORD-104464,SKU-DAI-0164,3,San Martin Corner Store
2026-08-20,ORD-104464,SKU-DAI-0169,1,Wong North Supermarkets
2026-08-20,ORD-104465,SKU-SNA-0315,20,Lucero Minimarket
20/08/2026,ORD-104466,SKU-BEV-0150,6,Andean Group Offices
20-Aug-26,ORD-104466,SKU-BEA-0264,6,San Martin Corner Store
20/08/2026,ORD-104466, SKU-HAR-0237,14,Lucero Minimarket
2026-08-20,ORD-104467,SKU-FRO-0179,7,Delta Construction
2026-08-20,ORD-104467,SKU-TOO-0056,6,Andean Group Offices
20-Aug-26,ORD-104468,SKU-GAR-0078,8,Inkafarma Comas Pharmacy
20/08/2026,ORD-104468,SKU DAI 0184,5,El Tornillo Hardware
2026-08-20,ORD-104469,SKU-OFF-0074,19,Happy Pet Store
2026-08-20,ORD-104470,SKU-PET-0106,2,La Lucha Restaurant
2026-08-20,ORD-104470, SKU-SNA-0223,3,Andean Group Offices
20-Aug-26,ORD-104471,SKU-PET-0040,21,Inkafarma Comas Pharmacy
20/08/2026,ORD-104472,SKU-CLE-0141,8,Happy Pet Store
20/08/2026,ORD-104472,SKU-OFF-0284,15,Lucero Minimarket
20/08/2026,ORD-104473,SKU-TOO-0091,7,Happy Pet Store
2026-08-20,ORD-104474,SKU-DAI-0184,5,La Lucha Restaurant
20/08/2026,ORD-104474,SKU-BEA-0310,4,Inkafarma Comas Pharmacy
20/08/2026,ORD-104475,SKU-BEV-0174,5,San Martin Corner Store
2026-08-20,ORD-104475,SKU-BEV-0058,9,El Tornillo Hardware
2026-08-20,ORD-104475,SKU-FRO-0238,3,San Martin Corner Store
20/08/2026,ORD-104476,SKU-FRO-0272,21,Delta Construction
20-Aug-26,ORD-104477,sku-hom-0112,2,Andean Group Offices
2026-08-20,ORD-104477,SKU-GAR-0157,23,Wong North Supermarkets
2026-08-20,ORD-104477,SKU-CLE-0263,5,El Tornillo Hardware
20/08/2026,ORD-104478,SKU-BEV-0084,4,San Martin Corner Store
20/08/2026,ORD-104478,SKU-PET-0270,8,Happy Pet Store
2026-08-20,ORD-104479,SKU-TOO-0049,6,Lince Vet Center
20/08/2026,ORD-104479,SKU-FRO-0136,1,Andean Group Offices
20-Aug-26,ORD-104480,SKU-GAR-0021,5,Delta Construction
2026-08-20,ORD-104481,SKU-GAR-0153,12,La Lucha Restaurant
20-Aug-26,ORD-104481,SKU-HOM-0286,2,San Martin Corner Store
20-Aug-26,ORD-104481,SKU-DAI-0123,6,Happy Pet Store
20/08/2026,ORD-104482,SKU-OFF-0010,6,San Martin Corner Store
2026-08-20,ORD-104482,SKU-BEA-0151,2,Wong North Supermarkets
20-Aug-26,ORD-104483,SKU-CLE-0018,15,La Lucha Restaurant
20/08/2026,ORD-104483,SKU-FRO-0109,8,Lince Vet Center
20-Aug-26,ORD-104483,SKU-DAI-0072,1,La Lucha Restaurant
2026-08-20,ORD-104484,SKU-BEV-0084,18,Inkafarma Comas Pharmacy
20/08/2026,ORD-104484,SKU-TOO-0125,2,Happy Pet Store
20/08/2026,ORD-104485,SKU-FRO-0014,13,San Martin Corner Store
20-Aug-26,ORD-104485,SKU-OFF-0043,17,Happy Pet Store
20/08/2026,ORD-104486,SKU-TOO-0279,7,Lucero Minimarket
20-Aug-26,ORD-104486,SKU-DAI-0123,6,Lucero Minimarket
2026-08-20,ORD-104487,SKU-CLE-0061,11,La Lucha Restaurant
20/08/2026,ORD-104488,SKU-HOM-0092,4,Inkafarma Comas Pharmacy
20-Aug-26,ORD-104488,SKU-OFF-0060,13,La Lucha Restaurant
2026-08-20,ORD-104489,SKU-DAI-0313,4,Wong North Supermarkets
2026-08-20,ORD-104490,SKU-FRO-0109,3,Wong North Supermarkets
2026-08-20,ORD-104490,SKU-DAI-0303,4,Lucero Minimarket
20/08/2026,ORD-104490,SKU-CLE-0108,6,Delta Construction
2026-08-20,ORD-104491,SKU-BEA-0191,8,Lince Vet Center
20-Aug-26,ORD-104492,SKU-HOM-0020,2,El Tornillo Hardware
20-Aug-26,ORD-104493,SKU-BEV-0058,2,Delta Construction
20/08/2026,ORD-104493,SKU-FRO-0246,4,Andean Group Offices
20-Aug-26,ORD-104493,SKU-GAR-0157,9,La Lucha Restaurant
20-Aug-26,ORD-104494,SKU-OFF-0074,7,San Martin Corner Store
2026-08-20,ORD-104494,SKU-CLE-0061,23,Lucero Minimarket
2026-08-20,ORD-104495,SKU-HOM-0204,16,Happy Pet Store
20/08/2026,ORD-104495,SKU-TOO-0026,10,Delta Construction
20-Aug-26,ORD-104496,SKU-PET-0040,24,San Martin Corner Store
2026-08-20,ORD-104496,SKU-BEA-0062,5,La Lucha Restaurant
20-Aug-26,ORD-104497,SKU-PET-0270,2,San Martin Corner Store
20-Aug-26,ORD-104497,SKU-GAR-0287,1,El Tornillo Hardware
2026-08-20,ORD-104498,SKU-FRO-0109,8,Delta Construction
20/08/2026,ORD-104499,SKU-PET-0155,5,Lince Vet Center
2026-08-20,ORD-104499,SKU-GAR-0120,14,San Martin Corner Store
20/08/2026,ORD-104500,SKU-BEA-0193,3,La Lucha Restaurant
20/08/2026,ORD-104500,SKU-HOM-0166,1,La Lucha Restaurant
20-Aug-26,ORD-104501,SKU-HOM-0112,15,Andean Group Offices
20-Aug-26,ORD-104501,SKU-CLE-0282,3,Andean Group Offices
20/08/2026,ORD-104502,SKU-BEA-0045,15,Wong North Supermarkets
2026-08-20,ORD-104502,SKU-HOM-0065,2,Lucero Minimarket
20/08/2026,ORD-104503,SKU-FRO-0272,4,Delta Construction
20/08/2026,ORD-104503,SKU-FRO-0278,10,Lucero Minimarket
2026-08-20,ORD-104504,SKU-OFF-0043,11,San Martin Corner Store
20/08/2026,ORD-104504,SKU-FRO-0278,8,Inkafarma Comas Pharmacy
20/08/2026,ORD-104505,SKU-FRO-0196,15,Inkafarma Comas Pharmacy
20-Aug-26,ORD-104505,SKU-HOM-0020,2,Lucero Minimarket
20/08/2026,ORD-104507,SKU-DAI-0082,9,San Martin Corner Store
20/08/2026,ORD-104507,SKU-PET-0017,2,El Tornillo Hardware
2026-08-20,ORD-104507,SKU-FRO-0114,13,El Tornillo Hardware
20-Aug-26,ORD-104508,SKU-FRO-0220,3,El Tornillo Hardware
2026-08-20,ORD-104509,SKU-SNA-0100,3,Lince Vet Center
20/08/2026,ORD-104509,SKU-BEA-0019,9,Happy Pet Store
20-Aug-26,ORD-104509,SKU-DAI-0184,16,Happy Pet Store
20/08/2026,ORD-104510,SKU-GAR-0113,1,Andean Group Offices
2026-08-20,ORD-104510,SKU-GAR-0120,7,Lucero Minimarket
20-Aug-26,ORD-104511,sku-fro-0132,23,Lince Vet Center
2026-08-20,ORD-104511,SKU-PET-0270,2,La Lucha Restaurant
2026-08-20,ORD-104511,SKU-TOO-0080,4,Inkafarma Comas Pharmacy
2026-08-20,ORD-104512,SKU-FRO-0179,1,Inkafarma Comas Pharmacy
20-Aug-26,ORD-104512, SKU-BEV-0176,9,El Tornillo Hardware
2026-08-20,ORD-104513,SKU-SNA-0188,21,El Tornillo Hardware
20-Aug-26,ORD-104513,SKU-DAI-0184,2,Happy Pet Store
2026-08-20,ORD-104514,SKU-GAR-0113,9,Lince Vet Center
2026-08-20,ORD-104516,SKU-BEA-0073,13,San Martin Corner Store
2026-08-20,ORD-104517,SKU-PET-0270,1,Wong North Supermarkets
20-Aug-26,ORD-104517,SKU-DAI-0184,17,Andean Group Offices
20-Aug-26,ORD-104518,SKU-DAI-0169,7,Happy Pet Store
2026-08-20,ORD-104518,SKU-DAI-0169,8,Lince Vet Center
2026-08-20,ORD-104518,SKU-DAI-0184,10,Wong North Supermarkets
20/08/2026,ORD-104519,sku-pet-0155,6,La Lucha Restaurant
20-Aug-26,ORD-104519,SKU-PET-0318,15,Lince Vet Center
2026-08-20,ORD-104520,SKU-HOM-0112,16,Delta Construction
2026-08-20,ORD-104523,SKU-OFF-0007,4,Inkafarma Comas Pharmacy
2026-08-20,ORD-104523,SKU-HOM-0112,7,Inkafarma Comas Pharmacy
20-Aug-26,ORD-104523,SKU-CLE-0041,12,La Lucha Restaurant
2026-08-20,ORD-104524,SKU-OFF-0284,22,Lince Vet Center
20-Aug-26,ORD-104524,SKU-SNA-0057,14,Happy Pet Store
2026-08-20,ORD-104525,SKU-SNA-0244,20,El Tornillo Hardware
20-Aug-26,ORD-104525,SKU-SNA-0292,6,Wong North Supermarkets
20-Aug-26,ORD-104526,SKU-DAI-0184,11,Delta Construction
20-Aug-26,ORD-104527,SKU-PET-0099,9,Lince Vet Center
20-Aug-26,ORD-104528,SKU DAI 0303,3,Wong North Supermarkets
2026-08-20,ORD-104528,SKU-FRO-0296,18,Lince Vet Center
2026-08-20,ORD-104528,SKU-DAI-0072,4,Inkafarma Comas Pharmacy
20/08/2026,ORD-104529,SKU-BEV-0242,27,La Lucha Restaurant
20-Aug-26,ORD-104529,SKU-PET-0227,5,Lucero Minimarket
20-Aug-26,ORD-104530,SKU-BEA-0215,11,Lince Vet Center
20-Aug-26,ORD-104530,SKU-FRO-0238,6,La Lucha Restaurant
2026-08-20,ORD-104531,SKU-FRO-0196,15,La Lucha Restaurant
2026-08-20,ORD-104531,SKU-HAR-0285,6,El Tornillo Hardware
20/08/2026,ORD-104532,SKU-FRO-0238,13,La Lucha Restaurant
2026-08-20,ORD-104533,SKU-DAI-0303,4,El Tornillo Hardware
20-Aug-26,ORD-104533,SKU-BEA-0019,3,Delta Construction
20-Aug-26,ORD-104534,SKU-BEA-0019,1,El Tornillo Hardware
20/08/2026,ORD-104534,SKU-CLE-0240,8,Delta Construction
20-Aug-26,ORD-104535,SKU-DAI-0303,4,Andean Group Offices
2026-08-20,ORD-104537,SKU-HOM-0015,2,Lucero Minimarket
20-Aug-26,ORD-104538,SKU-OFF-0284,19,La Lucha Restaurant
20/08/2026,ORD-104539,SKU FRO 0267,18,Delta Construction
2026-08-20,ORD-104539,SKU-CLE-0276,11,Delta Construction
20/08/2026,ORD-104539,SKU-FRO-0090,15,Inkafarma Comas Pharmacy
20-Aug-26,ORD-104540,SKU-BEA-0062,3,Lince Vet Center
2026-08-20,ORD-104541,SKU-HOM-0289,12,Andean Group Offices
20/08/2026,ORD-104541,SKU-BEV-0219,9,Delta Construction
2026-08-20,ORD-104542, SKU-DAI-0313,3,Delta Construction
20-Aug-26,ORD-104542,SKU-OFF-0225,12,Lince Vet Center
20/08/2026,ORD-104543,SKU-FRO-0278,9,El Tornillo Hardware
20/08/2026,ORD-104543,SKU-BEA-0119,12,Happy Pet Store
2026-08-20,ORD-104544,SKU-FRO-0114,5,Wong North Supermarkets
20-Aug-26,ORD-104544,SKU-BEA-0291,9,Lucero Minimarket
20/08/2026,ORD-104545,SKU-GAR-0287,4,Lucero Minimarket
20/08/2026,ORD-104545,SKU-SNA-0097,7,Lucero Minimarket
20/08/2026,ORD-104546,SKU-OFF-0074,17,San Martin Corner Store
20-Aug-26,ORD-104546,SKU-BEA-0073,15,La Lucha Restaurant
20/08/2026,ORD-104546,SKU-GAR-0111,10,Lucero Minimarket
20-Aug-26,ORD-104547,SKU CLE 0041,4,Andean Group Offices
20-Aug-26,ORD-104547,SKU-BEV-0242,18,Inkafarma Comas Pharmacy
2026-08-20,ORD-104548,SKU-TOO-0279,10,La Lucha Restaurant
20-Aug-26,ORD-104548,SKU-BEV-0180,9,Delta Construction
20-Aug-26,ORD-104549,SKU-BEA-0034,4,San Martin Corner Store
2026-08-20,ORD-104550,SKU-FRO-0014,15,El Tornillo Hardware
2026-08-20,ORD-104550,SKU-FRO-0246,1,Happy Pet Store
20/08/2026,ORD-104550,SKU-DAI-0070,11,Delta Construction
20/08/2026,ORD-104551,SKU-DAI-0072,10,Lince Vet Center
2026-08-20,ORD-104551,SKU-FRO-0288,1,Wong North Supermarkets
2026-08-20,ORD-104552,SKU-GAR-0287,2,Inkafarma Comas Pharmacy
20-Aug-26,ORD-104552, SKU-PET-0270,6,El Tornillo Hardware
20/08/2026,ORD-104552,SKU-GAR-0111,3,La Lucha Restaurant
20/08/2026,ORD-104553,SKU-SNA-0244,2,Delta Construction
2026-08-20,ORD-104553,SKU-DAI-0184,7,El Tornillo Hardware
2026-08-20,ORD-104553,SKU-BEA-0062,1,El Tornillo Hardware
20/08/2026,ORD-104554,SKU-OFF-0283,3,Inkafarma Comas Pharmacy
20-Aug-26,ORD-104554,SKU-DAI-0184,10,Wong North Supermarkets
20/08/2026,ORD-104555,SKU-DAI-0313,23,Andean Group Offices
2026-08-20,ORD-104555,SKU-HAR-0309,16,Happy Pet Store
20-Aug-26,ORD-104556,SKU-SNA-0315,7,Lucero Minimarket
20-Aug-26,ORD-104557,SKU-TOO-0091,13,Lince Vet Center
2026-08-20,ORD-104558,SKU-DAI-0082,7,Inkafarma Comas Pharmacy
20/08/2026,ORD-104559,SKU-BEV-0301,5,Lince Vet Center
2026-08-20,ORD-104560,SKU-DAI-0123,5,Delta Construction
2026-08-20,ORD-104560,SKU-BEV-0311,21,San Martin Corner Store
20-Aug-26,ORD-104560,SKU-FRO-0278,10,Lince Vet Center
20-Aug-26,ORD-104561,SKU-FRO-0261,2,Wong North Supermarkets
20/08/2026,ORD-104561,SKU-PET-0217,13,Lucero Minimarket
2026-08-20,ORD-104561,SKU-SNA-0223,10,San Martin Corner Store
2026-08-20,ORD-104562,SKU-DAI-0169,16,Lucero Minimarket
20/08/2026,ORD-104563,SKU-FRO-0085,9,El Tornillo Hardware
20-Aug-26,ORD-104564,SKU-HOM-0286,3,El Tornillo Hardware
20/08/2026,ORD-104564,SKU-HOM-0015,21,Wong North Supermarkets
2026-08-20,ORD-104566,SKU-BEA-0291,1,San Martin Corner Store
20/08/2026,ORD-104566,sku-bev-0192,4,Delta Construction
2026-08-20,ORD-104566,SKU-PET-0270,9,Inkafarma Comas Pharmacy
2026-08-20,ORD-104567,SKU-SNA-0097,14,Andean Group Offices
2026-08-20,ORD-104567,SKU-OFF-0249,9,Lince Vet Center
20/08/2026,ORD-104567,SKU-FRO-0288,4,Lince Vet Center
20-Aug-26,ORD-104568,SKU-SNA-0315,14,Happy Pet Store
20/08/2026,ORD-104568,SKU-TOO-0295,3,El Tornillo Hardware
20/08/2026,ORD-104569,SKU-FRO-0296,18,El Tornillo Hardware
20/08/2026,ORD-104569,SKU-FRO-0196,15,La Lucha Restaurant
20/08/2026,ORD-104570,SKU-PET-0102,5,Lince Vet Center
2026-08-20,ORD-104570,SKU-BEA-0019,9,Andean Group Offices
20/08/2026,ORD-104571,SKU-PET-0160,1,Inkafarma Comas Pharmacy
20/08/2026,ORD-104571,SKU-TOO-0069,4,La Lucha Restaurant
20/08/2026,ORD-104572,SKU-FRO-0272,25,Happy Pet Store
20/08/2026,ORD-104572,SKU-PET-0040,13,Happy Pet Store
20-Aug-26,ORD-104572,SKU-FRO-0196,12,Wong North Supermarkets
20/08/2026,ORD-104573,SKU-CLE-0263,9,Happy Pet Store
20/08/2026,ORD-104573,SKU-HOM-0204,2,Lucero Minimarket
2026-08-20,ORD-104574,SKU-DAI-0054,2,Inkafarma Comas Pharmacy
20-Aug-26,ORD-104575,SKU-DAI-0169,10,El Tornillo Hardware
2026-08-20,ORD-104576,SKU-GAR-0287,4,Happy Pet Store
20/08/2026,ORD-104576,SKU-SNA-0171,17,Lucero Minimarket
20-Aug-26,ORD-104577,SKU-DAI-0072,16,Happy Pet Store
20-Aug-26,ORD-104577,SKU-BEA-0191,8,Delta Construction
2026-08-20,ORD-104578,SKU-BEV-0176,4,Lucero Minimarket
20/08/2026,ORD-104579,SKU-DAI-0070,3,Andean Group Offices
2026-08-20,ORD-104580,SKU-BEV-0242,6,San Martin Corner Store
20-Aug-26,ORD-104580,SKU-SNA-0171,19,La Lucha Restaurant
20-Aug-26,ORD-104580,SKU-FRO-0090,21,Lince Vet Center
2026-08-20,ORD-104581,SKU-OFF-0257,6,Inkafarma Comas Pharmacy
2026-08-20,ORD-104581,SKU-FRO-0132,27,El Tornillo Hardware
2026-08-20,ORD-104581,SKU-SNA-0223,12,Lucero Minimarket
20-Aug-26,ORD-104582,SKU-CLE-0248,5,Lucero Minimarket
20-Aug-26,ORD-104582,SKU-FRO-0246,4,Wong North Supermarkets
20/08/2026,ORD-104583,SKU-OFF-0060,24,Delta Construction
2026-08-20,ORD-104584,SKU-FRO-0296,19,El Tornillo Hardware
20/08/2026,ORD-104585,SKU-BEA-0126,2,San Martin Corner Store
20-Aug-26,ORD-104585,SKU-CLE-0139,15,Wong North Supermarkets
2026-08-20,ORD-104586,SKU-TOO-0131,11,La Lucha Restaurant
20/08/2026,ORD-104587,SKU-TOO-0245,7,Wong North Supermarkets
20-Aug-26,ORD-104587,SKU-HAR-0266,8,Andean Group Offices
20-Aug-26,ORD-104588,SKU-DAI-0313,6,La Lucha Restaurant
20-Aug-26,ORD-104588,SKU-OFF-0283,13,Lince Vet Center
20-Aug-26,ORD-104589,sku-pet-0270,6,Lucero Minimarket
2026-08-20,ORD-104589,SKU-DAI-0123,8,El Tornillo Hardware
20-Aug-26,ORD-104590,SKU-TOO-0056,4,Lucero Minimarket
2026-08-20,ORD-104591,SKU-DAI-0303,1,Lince Vet Center
20/08/2026,ORD-104591,SKU-BEA-0006,26,Lince Vet Center
20-Aug-26,ORD-104592,SKU-DAI-0184,8,El Tornillo Hardware
2026-08-20,ORD-104592,SKU-FRO-0213,5,Wong North Supermarkets
2026-08-20,ORD-104592,SKU-BEV-0058,22,La Lucha Restaurant
20/08/2026,ORD-104593,SKU-HOM-0316,10,Andean Group Offices
20/08/2026,ORD-104594,SKU-HAR-0309,8,Lince Vet Center
2026-08-20,ORD-104595,SKU-PET-0040,15,Inkafarma Comas Pharmacy
2026-08-20,ORD-104595,SKU-DAI-0072,15,Lucero Minimarket
20/08/2026,ORD-104595, SKU-BEV-0242,1,Inkafarma Comas Pharmacy
20/08/2026,ORD-104596,SKU DAI 0164,4,Andean Group Offices
20/08/2026,ORD-104596,SKU-HAR-0266,2,Happy Pet Store
20/08/2026,ORD-104597,SKU-HOM-0013,6,Lince Vet Center
20-Aug-26,ORD-104597,SKU-DAI-0070,14,Andean Group Offices
20-Aug-26,ORD-104597,sku-too-0245,13,San Martin Corner Store
20-Aug-26,ORD-104598,SKU-HAR-0285,27,El Tornillo Hardware
20/08/2026,ORD-104598,SKU-FRO-0278,9,San Martin Corner Store
20-Aug-26,ORD-104599, SKU-BEA-0019,7,Andean Group Offices
20/08/2026,ORD-104599,SKU-TOO-0131,2,La Lucha Restaurant
20-Aug-26,ORD-104599,SKU-CLE-0041,18,San Martin Corner Store
20/08/2026,ORD-104601,SKU-HOM-0089,2,San Martin Corner Store
20-Aug-26,ORD-104602,SKU-OFF-0140,7,Lince Vet Center
20-Aug-26,ORD-104603,SKU-OFF-0249,6,La Lucha Restaurant
20-Aug-26,ORD-104604,SKU-FRO-0272,8,Delta Construction
20/08/2026,ORD-104605,SKU-GAR-0021,1,Lince Vet Center
2026-08-20,ORD-104606,SKU-DAI-0072,3,Inkafarma Comas Pharmacy
2026-08-20,ORD-104607,SKU-FRO-0132,19,El Tornillo Hardware
20-Aug-26,ORD-104608,SKU-GAR-0229,1,Lucero Minimarket
20/08/2026,ORD-104608,SKU-BEA-0045,14,El Tornillo Hardware
20/08/2026,ORD-104609,SKU-FRO-0261,4,San Martin Corner Store
2026-08-20,ORD-104609,SKU-TOO-0069,12,Inkafarma Comas Pharmacy
20/08/2026,ORD-104610,SKU-PET-0102,1,Lucero Minimarket
20-Aug-26,ORD-104610,SKU-DAI-0070,8,Lucero Minimarket
20/08/2026,ORD-104611,SKU-PET-0155,13,La Lucha Restaurant
20/08/2026,ORD-104611,SKU-DAI-0082,2,Lince Vet Center
20/08/2026,ORD-104611,SKU-FRO-0288,3,Andean Group Offices
20-Aug-26,ORD-104612,sku-off-0284,14,Lucero Minimarket
2026-08-20,ORD-104613,SKU-PET-0027,8,Wong North Supermarkets
20/08/2026,ORD-104613,SKU-FRO-0238,1,El Tornillo Hardware
2026-08-20,ORD-104613,SKU-TOO-0210,1,Inkafarma Comas Pharmacy
20-Aug-26,ORD-104614,SKU-OFF-0007,2,El Tornillo Hardware
20/08/2026,ORD-104614,SKU-DAI-0072,11,Delta Construction
2026-08-20,ORD-104615,SKU-HAR-0309,22,Andean Group Offices
2026-08-20,ORD-104615,SKU-FRO-0196,16,Delta Construction
20-Aug-26,ORD-104615,SKU-FRO-0296,4,Happy Pet Store
20-Aug-26,ORD-104616,SKU-BEA-0151,4,Inkafarma Comas Pharmacy
20/08/2026,ORD-104617,SKU-CLE-0248,3,La Lucha Restaurant
20-Aug-26,ORD-104617,SKU-DAI-0303,1,Lince Vet Center
20-Aug-26,ORD-104618,SKU-BEV-0037,12,Wong North Supermarkets
20-Aug-26,ORD-104618,SKU-HOM-0065,10,Andean Group Offices
20-Aug-26,ORD-104619,SKU-FRO-0213,1,Lucero Minimarket
2026-08-20,ORD-104619,sku-bea-0045,1,Lince Vet Center
20-Aug-26,ORD-104620,SKU-TOO-0049,8,Wong North Supermarkets
2026-08-20,ORD-104621,SKU-OFF-0284,20,Lince Vet Center
20/08/2026,ORD-104622,SKU-OFF-0259,3,Happy Pet Store
2026-08-20,ORD-104623,SKU-GAR-0111,9,Inkafarma Comas Pharmacy
20/08/2026,ORD-104624,SKU-FRO-0296,18,La Lucha Restaurant
20/08/2026,ORD-104624,SKU-PET-0270,7,Inkafarma Comas Pharmacy
20/08/2026,ORD-104624,SKU-GAR-0021,5,Lucero Minimarket
20-Aug-26,ORD-104625,SKU-TOO-0091,13,El Tornillo Hardware
20-Aug-26,ORD-104625, SKU-FRO-0203,5,El Tornillo Hardware
20/08/2026,ORD-104625,sku-too-0026,4,El Tornillo Hardware
20-Aug-26,ORD-104626,SKU-TOO-0122,12,El Tornillo Hardware
20/08/2026,ORD-104626,SKU-BEA-0291,6,Inkafarma Comas Pharmacy
2026-08-20,ORD-104627,SKU-BEA-0191,8,San Martin Corner Store
20/08/2026,ORD-104628,SKU-DAI-0184,7,Lucero Minimarket
20-Aug-26,ORD-104629,SKU-FRO-0272,11,Inkafarma Comas Pharmacy
2026-08-20,ORD-104630,SKU-BEV-0084,1,San Martin Corner Store
20-Aug-26,ORD-104631,SKU-FRO-0179,9,El Tornillo Hardware
20-Aug-26,ORD-104631,SKU-HOM-0316,8,Delta Construction
2026-08-20,ORD-104631,SKU-BEV-0137,13,Inkafarma Comas Pharmacy
20/08/2026,ORD-104632,SKU-BEV-0242,29,San Martin Corner Store
2026-08-20,ORD-104632,SKU-DAI-0313,2,Delta Construction
2026-08-20,ORD-104633,SKU-BEA-0264,3,Inkafarma Comas Pharmacy
20/08/2026,ORD-104633,SKU-DAI-0164,4,Andean Group Offices
2026-08-20,ORD-104634,SKU-FRO-0246,2,Lince Vet Center
20-Aug-26,ORD-104634,SKU-PET-0102,6,Inkafarma Comas Pharmacy
20/08/2026,ORD-104634,SKU-PET-0087,5,Delta Construction
2026-08-20,ORD-104635,SKU-CLE-0231,5,Lince Vet Center
2026-08-20,ORD-104635,SKU-HOM-0092,3,Lucero Minimarket
20/08/2026,ORD-104635,SKU-GAR-0195,8,Inkafarma Comas Pharmacy
2026-08-20,ORD-104636,SKU-FRO-0278,11,Inkafarma Comas Pharmacy
20/08/2026,ORD-104637,SKU-FRO-0136,1,La Lucha Restaurant
20/08/2026,ORD-104637,SKU-HOM-0020,2,Lucero Minimarket
20-Aug-26,ORD-104638,SKU-PET-0102,10,Inkafarma Comas Pharmacy
20/08/2026,ORD-104639,SKU-GAR-0113,7,Lucero Minimarket
2026-08-20,ORD-104639,SKU-HOM-0251,20,Andean Group Offices
2026-08-20,ORD-104640,SKU-OFF-0257,6,Andean Group Offices
20/08/2026,ORD-104640,SKU-DAI-0082,9,El Tornillo Hardware
20/08/2026,ORD-104641,SKU-DAI-0003,11,La Lucha Restaurant
20-Aug-26,ORD-104641,SKU-DAI-0082,4,El Tornillo Hardware
20/08/2026,ORD-104641,SKU-FRO-0278,2,Inkafarma Comas Pharmacy
2026-08-20,ORD-104642,SKU-TOO-0125,9,Happy Pet Store
2026-08-20,ORD-104642,SKU-GAR-0039,16,Happy Pet Store
20-Aug-26,ORD-104643,SKU-PET-0318,16,Delta Construction
20/08/2026,ORD-104643,SKU-DAI-0313,6,Wong North Supermarkets
20-Aug-26,ORD-104644,SKU-DAI-0169,7,La Lucha Restaurant
2026-08-20,ORD-104644,SKU-PET-0087,4,San Martin Corner Store
20/08/2026,ORD-104645,SKU-CLE-0018,20,Lince Vet Center
20-Aug-26,ORD-104646,SKU-BEA-0151,8,Lince Vet Center
20-Aug-26,ORD-104646,SKU-PET-0227,1,El Tornillo Hardware
2026-08-20,ORD-104647, SKU-FRO-0090,22,Happy Pet Store
20-Aug-26,ORD-104647,SKU-OFF-0043,8,Andean Group Offices
20-Aug-26,ORD-104648,SKU-BEA-0215,6,Happy Pet Store
2026-08-20,ORD-104648,SKU-FRO-0179,4,Lucero Minimarket
2026-08-20,ORD-104648, SKU-DAI-0072,18,Lince Vet Center
20-Aug-26,ORD-104650,SKU-FRO-0267,11,Wong North Supermarkets
20-Aug-26,ORD-104650,SKU-PET-0217,7,Wong North Supermarkets
21/08/2026,ORD-104651,SKU-TOO-0279,10,La Lucha Restaurant
21/08/2026,ORD-104651,SKU-OFF-0284,13,Happy Pet Store
21/08/2026,ORD-104652,SKU-DAI-0169,8,Delta Construction
2026-08-21,ORD-104652,SKU-DAI-0070,12,La Lucha Restaurant
2026-08-21,ORD-104653,SKU-SNA-0171,6,Andean Group Offices
21-Aug-26,ORD-104653,SKU-GAR-0111,11,San Martin Corner Store
21/08/2026,ORD-104654,SKU-PET-0318,12,San Martin Corner Store
2026-08-21,ORD-104654,SKU-PET-0155,19,Happy Pet Store
21-Aug-26,ORD-104654,SKU-TOO-0056,4,Happy Pet Store
21-Aug-26,ORD-104655,SKU-PET-0217,8,Andean Group Offices
21/08/2026,ORD-104656,SKU-BEV-0005,3,Andean Group Offices
21/08/2026,ORD-104656,SKU-BEV-0202,4,Lucero Minimarket
21/08/2026,ORD-104657,SKU-CLE-0263,1,El Tornillo Hardware
21-Aug-26,ORD-104657,SKU-PET-0040,8,Andean Group Offices
21-Aug-26,ORD-104658,SKU-HOM-0316,9,Andean Group Offices
21-Aug-26,ORD-104658,SKU-TOO-0125,1,Lucero Minimarket
21/08/2026,ORD-104658,SKU-BEA-0308,1,Delta Construction
21/08/2026,ORD-104659,SKU-SNA-0223,12,Happy Pet Store
21/08/2026,ORD-104659,SKU-GAR-0153,20,Andean Group Offices
2026-08-21,ORD-104659,SKU-BEV-0192,14,Inkafarma Comas Pharmacy
2026-08-21,ORD-104660,SKU-DAI-0164,5,Lince Vet Center
21-Aug-26,ORD-104660,SKU-BEA-0177,5,Lucero Minimarket
21/08/2026,ORD-104660,SKU-BEV-0176,8,Delta Construction
21-Aug-26,ORD-104661,SKU-OFF-0284,2,Happy Pet Store
2026-08-21,ORD-104661,sku-gar-0116,11,San Martin Corner Store
21-Aug-26,ORD-104662,SKU-CLE-0248,6,Lucero Minimarket
21/08/2026,ORD-104662,SKU-FRO-0238,13,Happy Pet Store
21/08/2026,ORD-104663,SKU-HAR-0266,18,Inkafarma Comas Pharmacy
21/08/2026,ORD-104663,SKU-TOO-0279,10,Wong North Supermarkets
21-Aug-26,ORD-104663,SKU-HOM-0020,2,Andean Group Offices
21/08/2026,ORD-104664,SKU-CLE-0276,10,El Tornillo Hardware
21/08/2026,ORD-104664,SKU-HOM-0015,14,Inkafarma Comas Pharmacy
21/08/2026,ORD-104665,SKU-GAR-0021,4,Happy Pet Store
21/08/2026,ORD-104665,SKU-GAR-0195,6,La Lucha Restaurant
21/08/2026,ORD-104667,SKU-FRO-0136,4,San Martin Corner Store
21-Aug-26,ORD-104667,SKU-HOM-0208,13,Andean Group Offices
21-Aug-26,ORD-104668,SKU-DAI-0169,16,Inkafarma Comas Pharmacy
21-Aug-26,ORD-104668,SKU-BEA-0191,4,La Lucha Restaurant
21/08/2026,ORD-104669,SKU-DAI-0082,8,Delta Construction
21/08/2026,ORD-104670,SKU-CLE-0240,1,San Martin Corner Store
2026-08-21,ORD-104671,SKU-PET-0227,2,La Lucha Restaurant
2026-08-21,ORD-104671,SKU-FRO-0278,6,Inkafarma Comas Pharmacy
21-Aug-26,ORD-104672,SKU-FRO-0213,8,Wong North Supermarkets
21-Aug-26,ORD-104673,SKU-DAI-0184,7,La Lucha Restaurant
21-Aug-26,ORD-104673,SKU-BEV-0118,3,Lince Vet Center
2026-08-21,ORD-104673,SKU-GAR-0195,14,Wong North Supermarkets
21-Aug-26,ORD-104674,SKU-FRO-0296,17,San Martin Corner Store
21-Aug-26,ORD-104674,SKU-TOO-0080,2,Happy Pet Store
2026-08-21,ORD-104675,SKU-SNA-0292,5,Delta Construction
21-Aug-26,ORD-104675,SKU-OFF-0228,2,Lince Vet Center
21-Aug-26,ORD-104675,SKU-PET-0318,10,San Martin Corner Store
21/08/2026,ORD-104676,SKU-PET-0106,7,Lucero Minimarket
21/08/2026,ORD-104676,SKU-PET-0099,22,Andean Group Offices
21-Aug-26,ORD-104676,SKU-BEV-0118,5,San Martin Corner Store
21-Aug-26,ORD-104677,SKU-OFF-0010,5,La Lucha Restaurant
2026-08-21,ORD-104677,SKU-PET-0217,14,Lucero Minimarket
21-Aug-26,ORD-104678,SKU-BEA-0291,4,Wong North Supermarkets
2026-08-21,ORD-104678,SKU FRO 0179,3,Happy Pet Store
21-Aug-26,ORD-104679,SKU-BEV-0202,2,Delta Construction
2026-08-21,ORD-104680,SKU-BEA-0034,25,Wong North Supermarkets
21-Aug-26,ORD-104680,SKU-BEV-0242,3,San Martin Corner Store
2026-08-21,ORD-104681,SKU-BEA-0019,9,Happy Pet Store
2026-08-21,ORD-104681,SKU-BEA-0045,17,Lucero Minimarket
21-Aug-26,ORD-104682,SKU-DAI-0164,4,Lucero Minimarket
21/08/2026,ORD-104683,SKU-DAI-0123,1,Happy Pet Store
21/08/2026,ORD-104683,SKU-BEA-0126,10,Lucero Minimarket
21/08/2026,ORD-104683,SKU-SNA-0171,20,La Lucha Restaurant
21-Aug-26,ORD-104684,SKU-SNA-0292,9,Wong North Supermarkets
21/08/2026,ORD-104685,SKU-CLE-0028,15,Delta Construction
2026-08-21,ORD-104685,SKU-BEV-0174,6,La Lucha Restaurant
21-Aug-26,ORD-104686,SKU-HOM-0089,2,Andean Group Offices
21/08/2026,ORD-104686,SKU-FRO-0238,6,Lince Vet Center
21-Aug-26,ORD-104686,SKU-DAI-0070,7,Andean Group Offices
2026-08-21,ORD-104687,SKU-DAI-0123,5,Inkafarma Comas Pharmacy
2026-08-21,ORD-104687,SKU-FRO-0261,5,El Tornillo Hardware
21/08/2026,ORD-104688,SKU-BEV-0037,10,Andean Group Offices
21-Aug-26,ORD-104688,SKU-SNA-0315,4,Andean Group Offices
21/08/2026,ORD-104688,SKU-DAI-0184,17,San Martin Corner Store
21/08/2026,ORD-104689,SKU-BEV-0037,10,Lucero Minimarket
21-Aug-26,ORD-104689,SKU-HOM-0262,11,San Martin Corner Store
2026-08-21,ORD-104689,SKU-BEV-0174,2,Andean Group Offices
2026-08-21,ORD-104690,SKU-OFF-0283,21,Lucero Minimarket
21/08/2026,ORD-104690,SKU-FRO-0203,13,Lince Vet Center
21/08/2026,ORD-104690,SKU-DAI-0303,4,San Martin Corner Store
2026-08-21,ORD-104691,SKU-HOM-0020,1,Andean Group Offices
21-Aug-26,ORD-104691,SKU-SNA-0223,5,Wong North Supermarkets
21/08/2026,ORD-104692,SKU-DAI-0184,8,San Martin Corner Store
21/08/2026,ORD-104693,SKU-BEV-0037,7,Wong North Supermarkets
21-Aug-26,ORD-104694,SKU-BEV-0311,21,Lucero Minimarket
21-Aug-26,ORD-104694,SKU-SNA-0292,2,La Lucha Restaurant
21/08/2026,ORD-104695,SKU-TOO-0049,8,Happy Pet Store
21/08/2026,ORD-104695,SKU-BEV-0137,2,La Lucha Restaurant
21-Aug-26,ORD-104696,SKU-FRO-0213,17,Wong North Supermarkets
2026-08-21,ORD-104696,SKU-GAR-0157,9,Delta Construction
21/08/2026,ORD-104696,SKU-HOM-0316,1,Andean Group Offices
21/08/2026,ORD-104697,SKU-DAI-0082,7,Wong North Supermarkets
2026-08-21,ORD-104697,SKU-DAI-0070,2,San Martin Corner Store
2026-08-21,ORD-104697,SKU-FRO-0014,4,El Tornillo Hardware
21-Aug-26,ORD-104698,SKU-HOM-0127,20,Andean Group Offices
2026-08-21,ORD-104699,SKU-PET-0160,9,La Lucha Restaurant
2026-08-21,ORD-104699,SKU-FRO-0090,23,Wong North Supermarkets
2026-08-21,ORD-104700,SKU-PET-0106,11,Lince Vet Center
21/08/2026,ORD-104700,SKU-HOM-0065,10,Lucero Minimarket
21/08/2026,ORD-104701,SKU-OFF-0228,5,El Tornillo Hardware
2026-08-21,ORD-104701,SKU-OFF-0060,6,San Martin Corner Store
2026-08-21,ORD-104702,SKU-DAI-0164,4,El Tornillo Hardware
2026-08-21,ORD-104702,SKU-GAR-0021,4,La Lucha Restaurant
21/08/2026,ORD-104703,SKU-HOM-0013,2,Happy Pet Store
2026-08-21,ORD-104703,SKU-FRO-0238,2,Delta Construction
21-Aug-26,ORD-104703,SKU-FRO-0114,17,Happy Pet Store
21-Aug-26,ORD-104704,SKU-BEA-0148,1,Andean Group Offices
21/08/2026,ORD-104705,SKU-TOO-0080,1,Lucero Minimarket
21-Aug-26,ORD-104705,SKU-FRO-0278,12,Happy Pet Store
2026-08-21,ORD-104706,SKU-BEV-0118,5,Andean Group Offices
2026-08-21,ORD-104706,SKU-OFF-0236,10,Happy Pet Store
21/08/2026,ORD-104707,SKU-HAR-0285,20,Andean Group Offices
2026-08-21,ORD-104707,SKU-FRO-0267,18,Andean Group Offices
21-Aug-26,ORD-104708,SKU-BEA-0045,15,Delta Construction
2026-08-21,ORD-104708,SKU-SNA-0315,25,Delta Construction
2026-08-21,ORD-104709,SKU-HOM-0166,17,Lucero Minimarket
21-Aug-26,ORD-104709,SKU-SNA-0292,2,El Tornillo Hardware
21-Aug-26,ORD-104710,SKU-OFF-0225,6,Andean Group Offices
21/08/2026,ORD-104710,SKU-OFF-0043,4,El Tornillo Hardware
21/08/2026,ORD-104710,SKU-DAI-0184,2,Happy Pet Store
21/08/2026,ORD-104711,SKU-BEV-0005,2,San Martin Corner Store
21/08/2026,ORD-104712,SKU-CLE-0263,13,Lince Vet Center
21/08/2026,ORD-104713,SKU-CLE-0108,12,Wong North Supermarkets
2026-08-21,ORD-104713,SKU-FRO-0288,4,Lucero Minimarket
2026-08-21,ORD-104713,SKU-DAI-0070,3,San Martin Corner Store
2026-08-21,ORD-104714,SKU-BEA-0291,9,Inkafarma Comas Pharmacy
21/08/2026,ORD-104715,SKU-BEV-0037,9,Happy Pet Store
21-Aug-26,ORD-104715,SKU-DAI-0169,14,San Martin Corner Store
21/08/2026,ORD-104716,SKU-CLE-0018,1,San Martin Corner Store
21/08/2026,ORD-104716,SKU-OFF-0259,3,El Tornillo Hardware
21-Aug-26,ORD-104718,SKU HOM 0065,7,San Martin Corner Store
21-Aug-26,ORD-104718,SKU-SNA-0298,11,San Martin Corner Store
21/08/2026,ORD-104719,SKU-BEA-0310,5,La Lucha Restaurant
2026-08-21,ORD-104719,SKU-DAI-0070,10,La Lucha Restaurant
21-Aug-26,ORD-104720,SKU-TOO-0154,6,Wong North Supermarkets
21/08/2026,ORD-104720,SKU-BEV-0202,5,Happy Pet Store
21-Aug-26,ORD-104721,SKU-BEV-0058,20,Delta Construction
21/08/2026,ORD-104722,SKU-HOM-0015,24,Wong North Supermarkets
21/08/2026,ORD-104722,SKU-DAI-0313,1,Lince Vet Center
21-Aug-26,ORD-104722,SKU-PET-0106,14,El Tornillo Hardware
2026-08-21,ORD-104723,SKU-CLE-0061,24,Delta Construction
2026-08-21,ORD-104723,SKU-CLE-0248,1,Lince Vet Center
21-Aug-26,ORD-104723,SKU-DAI-0123,1,San Martin Corner Store
2026-08-21,ORD-104724,SKU-GAR-0153,19,La Lucha Restaurant
21-Aug-26,ORD-104724,SKU-OFF-0140,11,Lince Vet Center
2026-08-21,ORD-104724,SKU-FRO-0213,10,Lince Vet Center
2026-08-21,ORD-104725,SKU-FRO-0261,4,Inkafarma Comas Pharmacy
2026-08-21,ORD-104725,SKU-DAI-0072,15,Delta Construction
21/08/2026,ORD-104726,SKU-BEA-0312,2,Happy Pet Store
21-Aug-26,ORD-104726,SKU-HOM-0065,1,Andean Group Offices
2026-08-21,ORD-104727,SKU-OFF-0228,2,El Tornillo Hardware
2026-08-21,ORD-104727,SKU-OFF-0249,2,Andean Group Offices
21/08/2026,ORD-104728,SKU-OFF-0236,12,Inkafarma Comas Pharmacy
2026-08-21,ORD-104728,SKU-OFF-0284,1,La Lucha Restaurant
21-Aug-26,ORD-104729,SKU-BEV-0058,16,El Tornillo Hardware
21-Aug-26,ORD-104729,SKU-HAR-0285,17,La Lucha Restaurant
21/08/2026,ORD-104730,SKU-OFF-0228,10,Andean Group Offices
21-Aug-26,ORD-104730,SKU-FRO-0296,19,San Martin Corner Store
2026-08-21,ORD-104731,SKU-GAR-0157,22,Delta Construction
2026-08-21,ORD-104731,SKU-GAR-0195,15,Lince Vet Center
21-Aug-26,ORD-104732,SKU-DAI-0184,13,Lucero Minimarket
2026-08-21,ORD-104732,SKU-HOM-0092,3,El Tornillo Hardware
21-Aug-26,ORD-104732,SKU-FRO-0267,12,Wong North Supermarkets
21/08/2026,ORD-104734,SKU-SNA-0244,4,Inkafarma Comas Pharmacy
21-Aug-26,ORD-104734,SKU-FRO-0278,5,Inkafarma Comas Pharmacy
21-Aug-26,ORD-104735,SKU-FRO-0213,13,Delta Construction
21/08/2026,ORD-104735,SKU-HOM-0208,4,Lince Vet Center
2026-08-21,ORD-104736,SKU-FRO-0238,7,La Lucha Restaurant
21/08/2026,ORD-104736, SKU-HOM-0013,5,La Lucha Restaurant
2026-08-21,ORD-104737,SKU-BEA-0291,5,San Martin Corner Store
21-Aug-26,ORD-104737,SKU-PET-0087,6,Wong North Supermarkets
21/08/2026,ORD-104738,SKU-PET-0099,12,Lucero Minimarket
21-Aug-26,ORD-104738,SKU-DAI-0072,13,La Lucha Restaurant
2026-08-21,ORD-104739,SKU-OFF-0007,4,Happy Pet Store
21-Aug-26,ORD-104742,SKU-PET-0146,5,Lince Vet Center
21-Aug-26,ORD-104742,SKU-PET-0155,8,Happy Pet Store
21-Aug-26,ORD-104743,SKU-CLE-0231,2,Happy Pet Store
21/08/2026,ORD-104743,SKU-SNA-0100,20,Inkafarma Comas Pharmacy
2026-08-21,ORD-104744,SKU-SNA-0244,6,Inkafarma Comas Pharmacy
2026-08-21,ORD-104744,SKU-PET-0155,12,Inkafarma Comas Pharmacy
21/08/2026,ORD-104745,SKU-OFF-0140,15,Inkafarma Comas Pharmacy
21-Aug-26,ORD-104746,SKU-PET-0304,3,La Lucha Restaurant
21/08/2026,ORD-104747,SKU-FRO-0114,12,Happy Pet Store
21-Aug-26,ORD-104747,SKU-HOM-0065,11,Happy Pet Store
21-Aug-26,ORD-104747,SKU-HAR-0093,2,Inkafarma Comas Pharmacy
2026-08-21,ORD-104748,SKU-DAI-0003,10,Lince Vet Center
2026-08-21,ORD-104748,SKU-HOM-0289,2,Lince Vet Center
21-Aug-26,ORD-104749,SKU-FRO-0278,6,San Martin Corner Store
21-Aug-26,ORD-104749,SKU-FRO-0114,14,La Lucha Restaurant
2026-08-21,ORD-104749,SKU-DAI-0184,4,Lince Vet Center
21/08/2026,ORD-104750, SKU-FRO-0014,4,Happy Pet Store
2026-08-21,ORD-104750,SKU-HAR-0266,19,Lucero Minimarket
21/08/2026,ORD-104750,SKU-OFF-0257,6,Wong North Supermarkets
21-Aug-26,ORD-104751,SKU-BEA-0006,17,Andean Group Offices
21/08/2026,ORD-104752,SKU-FRO-0203,19,Lince Vet Center
2026-08-21,ORD-104752,SKU-DAI-0082,3,Lince Vet Center
2026-08-21,ORD-104753,SKU-TOO-0210,4,Happy Pet Store
21-Aug-26,ORD-104753,SKU-OFF-0140,4,Wong North Supermarkets
21/08/2026,ORD-104754,SKU-DAI-0070,13,Inkafarma Comas Pharmacy
21/08/2026,ORD-104754,SKU-CLE-0061,2,Lucero Minimarket
2026-08-21,ORD-104754,SKU-BEA-0119,2,La Lucha Restaurant
2026-08-21,ORD-104755,SKU-DAI-0070,3,San Martin Corner Store
21-Aug-26,ORD-104756,SKU-FRO-0246,2,El Tornillo Hardware
21-Aug-26,ORD-104756,SKU-PET-0227,2,Lucero Minimarket
21-Aug-26,ORD-104756,SKU-BEA-0185,9,Lince Vet Center
21/08/2026,ORD-104757,SKU-BEA-0006,2,La Lucha Restaurant
21-Aug-26,ORD-104757,SKU-FRO-0109,3,Andean Group Offices
21/08/2026,ORD-104758,SKU-HOM-0286,3,Delta Construction
2026-08-21,ORD-104759,SKU-CLE-0263,13,Happy Pet Store
2026-08-21,ORD-104759,SKU-DAI-0184,17,Wong North Supermarkets
21/08/2026,ORD-104759,SKU-CLE-0299,7,Lince Vet Center
2026-08-21,ORD-104760,SKU-TOO-0080,1,Andean Group Offices
21/08/2026,ORD-104761,SKU-FRO-0246,1,Andean Group Offices
21/08/2026,ORD-104761,SKU-HOM-0089,8,El Tornillo Hardware
21/08/2026,ORD-104762,SKU-GAR-0113,5,Happy Pet Store
21-Aug-26,ORD-104762,SKU-CLE-0248,3,Lucero Minimarket
21-Aug-26,ORD-104763,SKU-GAR-0078,8,Happy Pet Store
21-Aug-26,ORD-104763,SKU PET 0040,4,Wong North Supermarkets
21-Aug-26,ORD-104763,SKU DAI 0303,3,Lucero Minimarket
21/08/2026,ORD-104764,SKU-DAI-0003,20,Happy Pet Store
21-Aug-26,ORD-104764,SKU-OFF-0283,15,Wong North Supermarkets
2026-08-21,ORD-104765,SKU-TOO-0080,4,Inkafarma Comas Pharmacy
21-Aug-26,ORD-104766,SKU-HOM-0289,5,Happy Pet Store
2026-08-21,ORD-104766,SKU-DAI-0169,14,San Martin Corner Store
21-Aug-26,ORD-104767,SKU-FRO-0014,12,Wong North Supermarkets
2026-08-21,ORD-104767,SKU-DAI-0164,3,Happy Pet Store
21/08/2026,ORD-104768,SKU-BEA-0177,6,Lince Vet Center
2026-08-21,ORD-104768,SKU-HOM-0262,11,Lince Vet Center
21/08/2026,ORD-104769,SKU-CLE-0061,22,Happy Pet Store
2026-08-21,ORD-104769,SKU-PET-0318,12,Wong North Supermarkets
21-Aug-26,ORD-104770,SKU-TOO-0216,16,Happy Pet Store
21/08/2026,ORD-104770,SKU-SNA-0171,16,Andean Group Offices
21-Aug-26,ORD-104770,SKU-BEA-0019,7,Lucero Minimarket
2026-08-21,ORD-104771,SKU-TOO-0122,3,Lince Vet Center
2026-08-21,ORD-104771,SKU-DAI-0303,2,Inkafarma Comas Pharmacy
21-Aug-26,ORD-104772,SKU-DAI-0169,9,Wong North Supermarkets
21-Aug-26,ORD-104773,SKU-SNA-0199,1,Happy Pet Store
21/08/2026,ORD-104773,SKU-TOO-0067,1,La Lucha Restaurant
2026-08-21,ORD-104774,SKU-HOM-0065,7,Inkafarma Comas Pharmacy
21-Aug-26,ORD-104774,SKU-BEA-0177,3,Lince Vet Center
21-Aug-26,ORD-104775,SKU-BEA-0142,1,Lince Vet Center
2026-08-21,ORD-104775,SKU-GAR-0111,10,Lucero Minimarket
2026-08-21,ORD-104776,SKU-BEA-0094,4,San Martin Corner Store
2026-08-21,ORD-104776,SKU-DAI-0184,18,Andean Group Offices
21-Aug-26,ORD-104777,SKU-GAR-0113,12,Lucero Minimarket
21/08/2026,ORD-104778,SKU-BEV-0084,5,El Tornillo Hardware
2026-08-21,ORD-104779,SKU-BEV-0150,9,San Martin Corner Store
21/08/2026,ORD-104779,SKU-BEA-0151,4,La Lucha Restaurant
21-Aug-26,ORD-104779,SKU-SNA-0171,1,Delta Construction
21-Aug-26,ORD-104780,SKU-FRO-0213,2,Wong North Supermarkets
21/08/2026,ORD-104780,SKU-FRO-0179,4,San Martin Corner Store
21/08/2026,ORD-104781,SKU-OFF-0074,5,Lucero Minimarket
21/08/2026,ORD-104781,SKU-DAI-0169,7,El Tornillo Hardware
21/08/2026,ORD-104782,SKU-TOO-0026,3,Wong North Supermarkets
2026-08-21,ORD-104782,SKU-DAI-0169,13,La Lucha Restaurant
21-Aug-26,ORD-104782,SKU-HOM-0251,3,Lucero Minimarket
2026-08-21,ORD-104783,SKU-GAR-0195,16,Lince Vet Center
21-Aug-26,ORD-104783,SKU-DAI-0184,11,La Lucha Restaurant
21-Aug-26,ORD-104784,SKU-SNA-0057,14,Happy Pet Store
2026-08-21,ORD-104785,SKU-BEA-0193,10,El Tornillo Hardware
21/08/2026,ORD-104785,SKU-DAI-0184,12,El Tornillo Hardware
21/08/2026,ORD-104785,SKU-FRO-0196,10,Lucero Minimarket
2026-08-21,ORD-104786,SKU-GAR-0021,3,Andean Group Offices
2026-08-21,ORD-104787,SKU-DAI-0072,11,Delta Construction
21-Aug-26,ORD-104787,SKU-BEV-0202,2,Delta Construction
21/08/2026,ORD-104788,SKU SNA 0315,7,Lucero Minimarket
21/08/2026,ORD-104788,SKU-OFF-0074,1,Delta Construction
21-Aug-26,ORD-104789,SKU-DAI-0303,3,Inkafarma Comas Pharmacy
21-Aug-26,ORD-104789,SKU-SNA-0292,9,Inkafarma Comas Pharmacy
2026-08-21,ORD-104790,SKU-OFF-0257,2,Andean Group Offices
21-Aug-26,ORD-104791,SKU-DAI-0164,3,San Martin Corner Store
21/08/2026,ORD-104791,SKU-SNA-0030,16,San Martin Corner Store
2026-08-21,ORD-104792,SKU-FRO-0288,2,San Martin Corner Store
21-Aug-26,ORD-104793,SKU-BEV-0174,3,Lince Vet Center
21/08/2026,ORD-104793,SKU-DAI-0054,3,Happy Pet Store
2026-08-21,ORD-104794,SKU-OFF-0228,13,Andean Group Offices
2026-08-21,ORD-104794,SKU-DAI-0303,2,Lince Vet Center
21/08/2026,ORD-104795,SKU-GAR-0157,27,Inkafarma Comas Pharmacy
21/08/2026,ORD-104795,SKU-FRO-0109,4,Happy Pet Store
21-Aug-26,ORD-104796,SKU-TOO-0067,4,Inkafarma Comas Pharmacy
2026-08-21,ORD-104796,SKU-BEV-0058,1,El Tornillo Hardware
2026-08-21,ORD-104797,SKU-HOM-0262,6,Wong North Supermarkets
21/08/2026,ORD-104797,SKU-BEA-0163,3,Wong North Supermarkets
2026-08-21,ORD-104798,SKU-GAR-0153,11,La Lucha Restaurant
2026-08-21,ORD-104798,SKU-BEV-0242,9,Andean Group Offices
21-Aug-26,ORD-104799,SKU-DAI-0313,15,El Tornillo Hardware
21/08/2026,ORD-104799,SKU-PET-0304,18,Happy Pet Store
21-Aug-26,ORD-104799,SKU-GAR-0078,2,Lucero Minimarket
21-Aug-26,ORD-104802,SKU-BEA-0151,5,El Tornillo Hardware
21-Aug-26,ORD-104802,SKU-HOM-0316,2,Lucero Minimarket
21-Aug-26,ORD-104802,SKU-DAI-0123,3,Delta Construction
21-Aug-26,ORD-104803,sku-fro-0278,4,Delta Construction
2026-08-21,ORD-104803,SKU-SNA-0030,4,Andean Group Offices
2026-08-21,ORD-104804,SKU-DAI-0072,7,Lucero Minimarket
2026-08-21,ORD-104804,SKU-DAI-0003,9,Happy Pet Store
21/08/2026,ORD-104805,SKU-DAI-0303,3,San Martin Corner Store
21-Aug-26,ORD-104805,SKU-FRO-0179,1,Happy Pet Store
2026-08-21,ORD-104806,SKU-BEV-0174,6,Delta Construction
21-Aug-26,ORD-104806,SKU-FRO-0090,21,Inkafarma Comas Pharmacy
21/08/2026,ORD-104807,SKU-DAI-0303,1,Andean Group Offices
2026-08-21,ORD-104807,SKU-HOM-0208,7,Inkafarma Comas Pharmacy
2026-08-21,ORD-104808,sku-dai-0072,17,Delta Construction
21-Aug-26,ORD-104808,SKU-DAI-0003,17,Delta Construction
21/08/2026,ORD-104808,SKU-PET-0076,10,Happy Pet Store
2026-08-21,ORD-104809,SKU-DAI-0184,18,San Martin Corner Store
21-Aug-26,ORD-104809,SKU-DAI-0070,5,El Tornillo Hardware
2026-08-21,ORD-104809,SKU-FRO-0238,2,El Tornillo Hardware
2026-08-21,ORD-104810,SKU-SNA-0030,18,Lucero Minimarket
21/08/2026,ORD-104810,SKU-BEA-0308,9,Andean Group Offices
21/08/2026,ORD-104811,SKU-PET-0217,1,Happy Pet Store
21/08/2026,ORD-104812,SKU-GAR-0153,8,Wong North Supermarkets
2026-08-21,ORD-104813,SKU-CLE-0248,7,Lucero Minimarket
21/08/2026,ORD-104813,SKU-FRO-0246,4,Wong North Supermarkets
21/08/2026,ORD-104814,SKU-PET-0099,17,La Lucha Restaurant
2026-08-21,ORD-104814,SKU-GAR-0078,9,Lince Vet Center
21/08/2026,ORD-104815,SKU-BEA-0073,7,Lucero Minimarket
21/08/2026,ORD-104816,SKU-DAI-0082,10,Wong North Supermarkets
21-Aug-26,ORD-104816,SKU-BEA-0062,12,Wong North Supermarkets
21/08/2026,ORD-104817,SKU-HOM-0204,2,Andean Group Offices
21/08/2026,ORD-104817,SKU-BEA-0310,4,Happy Pet Store
21/08/2026,ORD-104818,SKU-BEA-0034,13,Andean Group Offices
21/08/2026,ORD-104818,SKU-FRO-0278,7,Andean Group Offices
21-Aug-26,ORD-104818,SKU-BEV-0180,5,Delta Construction
21-Aug-26,ORD-104819,sku-dai-0082,4,Delta Construction
21/08/2026,ORD-104819,SKU-DAI-0313,8,Lucero Minimarket
21/08/2026,ORD-104820,SKU-FRO-0196,9,Andean Group Offices
21/08/2026,ORD-104820,SKU-DAI-0003,19,Lucero Minimarket
21/08/2026,ORD-104820,SKU-TOO-0216,18,Happy Pet Store
21/08/2026,ORD-104821,SKU-CLE-0248,6,Happy Pet Store
21-Aug-26,ORD-104822,SKU-DAI-0313,1,Andean Group Offices
21-Aug-26,ORD-104822,SKU-OFF-0140,11,San Martin Corner Store
21/08/2026,ORD-104822,SKU-FRO-0109,1,San Martin Corner Store
21-Aug-26,ORD-104823,SKU-BEV-0311,15,Andean Group Offices
21-Aug-26,ORD-104824,SKU-HAR-0309,17,El Tornillo Hardware
21/08/2026,ORD-104824,SKU-TOO-0200,4,San Martin Corner Store
2026-08-21,ORD-104824,SKU-FRO-0196,11,Andean Group Offices
21-Aug-26,ORD-104825,SKU-SNA-0244,10,Delta Construction
21-Aug-26,ORD-104825,SKU-FRO-0132,14,San Martin Corner Store
21/08/2026,ORD-104825,SKU-TOO-0216,24,Happy Pet Store
21/08/2026,ORD-104826,SKU-FRO-0014,3,La Lucha Restaurant
21/08/2026,ORD-104826,SKU-OFF-0259,15,Andean Group Offices
21/08/2026,ORD-104827,SKU-DAI-0123,1,Lince Vet Center
21-Aug-26,ORD-104827,SKU-GAR-0039,2,Delta Construction
21-Aug-26,ORD-104828,SKU-SNA-0199,9,Andean Group Offices
21/08/2026,ORD-104829,SKU-DAI-0072,8,Wong North Supermarkets
2026-08-21,ORD-104829,SKU-CLE-0263,7,Wong North Supermarkets
21/08/2026,ORD-104830,SKU-TOO-0295,8,Lucero Minimarket
2026-08-21,ORD-104830,SKU-BEV-0174,5,San Martin Corner Store
21/08/2026,ORD-104831,SKU-BEV-0037,12,Delta Construction
2026-08-21,ORD-104831,SKU-HOM-0289,5,Andean Group Offices
21/08/2026,ORD-104832,SKU-FRO-0278,9,Inkafarma Comas Pharmacy
2026-08-21,ORD-104832,SKU-HOM-0089,8,San Martin Corner Store
2026-08-21,ORD-104834,SKU-BEV-0037,4,Andean Group Offices
21/08/2026,ORD-104835,SKU-PET-0304,3,Lince Vet Center
21/08/2026,ORD-104835,SKU-FRO-0272,5,Delta Construction
21-Aug-26,ORD-104836,SKU-DAI-0070,10,Wong North Supermarkets
21-Aug-26,ORD-104837,SKU-DAI-0184,2,Lince Vet Center
21-Aug-26,ORD-104837,SKU-CLE-0248,1,San Martin Corner Store
21/08/2026,ORD-104837,SKU-FRO-0136,1,Happy Pet Store
2026-08-21,ORD-104838,SKU-BEV-0118,3,Happy Pet Store
2026-08-21,ORD-104839,SKU-PET-0304,10,Lince Vet Center
21/08/2026,ORD-104839,SKU-GAR-0195,13,Lince Vet Center
2026-08-21,ORD-104839,SKU-BEA-0312,6,La Lucha Restaurant
21-Aug-26,ORD-104840,SKU-SNA-0051,1,La Lucha Restaurant
21/08/2026,ORD-104840,SKU-FRO-0179,6,El Tornillo Hardware
2026-08-21,ORD-104841,SKU-SNA-0199,6,Delta Construction
21/08/2026,ORD-104841,SKU-PET-0304,17,El Tornillo Hardware
21-Aug-26,ORD-104842,SKU-CLE-0041,5,El Tornillo Hardware
2026-08-21,ORD-104842,SKU-SNA-0233,4,La Lucha Restaurant
21/08/2026,ORD-104843,SKU-BEA-0094,5,La Lucha Restaurant
2026-08-21,ORD-104844,SKU-TOO-0295,9,Lince Vet Center
21-Aug-26,ORD-104845,SKU-FRO-0296,2,Wong North Supermarkets
21/08/2026,ORD-104846,SKU-FRO-0296,3,La Lucha Restaurant
21-Aug-26,ORD-104846,SKU-OFF-0140,6,Wong North Supermarkets
2026-08-21,ORD-104847,SKU-PET-0017,3,Happy Pet Store
2026-08-21,ORD-104847,SKU-FRO-0014,7,Andean Group Offices
21/08/2026,ORD-104847,SKU-DAI-0313,17,Andean Group Offices
2026-08-21,ORD-104848,SKU-SNA-0199,18,Happy Pet Store
2026-08-21,ORD-104849,SKU-CLE-0018,22,Andean Group Offices
21/08/2026,ORD-104849,SKU-CLE-0108,3,Inkafarma Comas Pharmacy
21-Aug-26,ORD-104850,SKU-DAI-0313,21,Happy Pet Store
21-Aug-26,ORD-104851,SKU-BEV-0242,9,Lince Vet Center
2026-08-21,ORD-104851,SKU-BEA-0291,8,El Tornillo Hardware
21-Aug-26,ORD-104852,SKU-DAI-0070,14,El Tornillo Hardware
2026-08-21,ORD-104852,SKU-TOO-0216,17,Lucero Minimarket
2026-08-21,ORD-104852,SKU-PET-0040,1,Wong North Supermarkets
2026-08-21,ORD-104853,SKU-BEV-0301,6,La Lucha Restaurant
21/08/2026,ORD-104853,SKU-BEV-0180,7,San Martin Corner Store
21/08/2026,ORD-104853,SKU-OFF-0074,20,El Tornillo Hardware
21/08/2026,ORD-104854,SKU-OFF-0284,3,Happy Pet Store
21/08/2026,ORD-104854,SKU-HOM-0015,1,La Lucha Restaurant
21/08/2026,ORD-104855,SKU-GAR-0195,6,Inkafarma Comas Pharmacy
21/08/2026,ORD-104855,SKU-PET-0076,12,Happy Pet Store
21/08/2026,ORD-104855,SKU-OFF-0249,7,Inkafarma Comas Pharmacy
21/08/2026,ORD-104856,SKU-DAI-0169,5,Wong North Supermarkets
2026-08-21,ORD-104856,SKU-DAI-0303,1,San Martin Corner Store
21/08/2026,ORD-104856,SKU-PET-0155,2,Wong North Supermarkets
21-Aug-26,ORD-104857,sku-bea-0168,15,Andean Group Offices
21/08/2026,ORD-104858,SKU-DAI-0003,13,El Tornillo Hardware
21/08/2026,ORD-104858,SKU-OFF-0283,1,La Lucha Restaurant
21-Aug-26,ORD-104859,SKU-FRO-0272,6,Happy Pet Store
21/08/2026,ORD-104859,SKU-HOM-0204,3,Andean Group Offices
21/08/2026,ORD-104860,SKU-CLE-0248,5,Lince Vet Center
21-Aug-26,ORD-104860,SKU-PET-0155,24,Inkafarma Comas Pharmacy
21-Aug-26,ORD-104861,SKU-DAI-0164,1,Lince Vet Center
2026-08-21,ORD-104861,SKU-HOM-0204,6,Wong North Supermarkets
21-Aug-26,ORD-104862,SKU-BEA-0312,17,Lucero Minimarket
21-Aug-26,ORD-104862,SKU-DAI-0082,3,Delta Construction
21/08/2026,ORD-104862,sku-dai-0003,12,La Lucha Restaurant
2026-08-21,ORD-104863,SKU-GAR-0120,2,Delta Construction
2026-08-21,ORD-104864,SKU-BEA-0126,2,Wong North Supermarkets
22-Aug-26,ORD-104866,SKU-FRO-0267,9,Andean Group Offices
22-Aug-26,ORD-104866,SKU-TOO-0221,6,Andean Group Offices
22/08/2026,ORD-104866,SKU-BEV-0037,11,El Tornillo Hardware
2026-08-22,ORD-104867,SKU-TOO-0279,2,Happy Pet Store
22/08/2026,ORD-104867,SKU-SNA-0051,5,Andean Group Offices
22/08/2026,ORD-104868,SKU-DAI-0313,17,El Tornillo Hardware
2026-08-22,ORD-104868,SKU-BEV-0192,13,El Tornillo Hardware
2026-08-22,ORD-104869,SKU-HAR-0309,8,Wong North Supermarkets
2026-08-22,ORD-104869,SKU-PET-0155,7,Lucero Minimarket
22/08/2026,ORD-104870,SKU-BEA-0062,8,La Lucha Restaurant
2026-08-22,ORD-104870,SKU-BEA-0094,6,El Tornillo Hardware
2026-08-22,ORD-104871,SKU-DAI-0070,8,Andean Group Offices
2026-08-22,ORD-104871,SKU-HOM-0289,1,Inkafarma Comas Pharmacy
22/08/2026,ORD-104872,SKU-SNA-0057,10,Delta Construction
22/08/2026,ORD-104872,SKU-FRO-0296,4,Inkafarma Comas Pharmacy
22-Aug-26,ORD-104873,sku-cle-0248,6,San Martin Corner Store
2026-08-22,ORD-104873,SKU-FRO-0288,4,Happy Pet Store
22/08/2026,ORD-104874,SKU-BEA-0183,4,Delta Construction
2026-08-22,ORD-104874,SKU-DAI-0313,22,Happy Pet Store
22/08/2026,ORD-104874,SKU-DAI-0184,9,Andean Group Offices
2026-08-22,ORD-104875,SKU-OFF-0140,2,Andean Group Offices
22/08/2026,ORD-104875,SKU-CLE-0018,27,Wong North Supermarkets
2026-08-22,ORD-104875,SKU-BEA-0034,2,Lucero Minimarket
22-Aug-26,ORD-104876,SKU-HOM-0065,14,El Tornillo Hardware
22/08/2026,ORD-104876,SKU-FRO-0014,16,Inkafarma Comas Pharmacy
22-Aug-26,ORD-104877,SKU-FRO-0278,5,El Tornillo Hardware
2026-08-22,ORD-104877,SKU-OFF-0140,7,Wong North Supermarkets
22/08/2026,ORD-104877,SKU-FRO-0136,1,Wong North Supermarkets
2026-08-22,ORD-104878,SKU-BEV-0242,1,El Tornillo Hardware
22-Aug-26,ORD-104879,SKU-BEA-0163,2,Delta Construction
2026-08-22,ORD-104880,SKU-PET-0155,14,Wong North Supermarkets
2026-08-22,ORD-104880,SKU-BEA-0168,8,Andean Group Offices
2026-08-22,ORD-104880,SKU-DAI-0070,13,Delta Construction
22/08/2026,ORD-104881,SKU-DAI-0054,5,Lucero Minimarket
22-Aug-26,ORD-104881,SKU-PET-0205,12,Happy Pet Store
2026-08-22,ORD-104881,SKU-FRO-0238,13,El Tornillo Hardware
22-Aug-26,ORD-104882,SKU-GAR-0111,10,Inkafarma Comas Pharmacy
22/08/2026,ORD-104882,SKU-DAI-0184,2,Inkafarma Comas Pharmacy
2026-08-22,ORD-104882,SKU-DAI-0070,8,Inkafarma Comas Pharmacy
22-Aug-26,ORD-104883,SKU-SNA-0298,1,Happy Pet Store
22/08/2026,ORD-104884,SKU-CLE-0240,13,La Lucha Restaurant
22-Aug-26,ORD-104885,SKU-HOM-0316,7,Lucero Minimarket
22/08/2026,ORD-104885,SKU-FRO-0296,19,Delta Construction
22/08/2026,ORD-104886,SKU-BEV-0219,8,El Tornillo Hardware
22/08/2026,ORD-104886,SKU-BEA-0151,8,Lince Vet Center
2026-08-22,ORD-104887,SKU-HOM-0112,3,Lince Vet Center
22-Aug-26,ORD-104887,SKU-OFF-0257,3,Happy Pet Store
2026-08-22,ORD-104887,SKU-HOM-0020,6,La Lucha Restaurant
2026-08-22,ORD-104888,SKU-DAI-0313,6,El Tornillo Hardware
2026-08-22,ORD-104888,SKU-OFF-0249,2,La Lucha Restaurant
22-Aug-26,ORD-104889,SKU-DAI-0123,4,Andean Group Offices
22/08/2026,ORD-104889,SKU-DAI-0070,10,Happy Pet Store
22/08/2026,ORD-104890,SKU-FRO-0278,12,Inkafarma Comas Pharmacy
22-Aug-26,ORD-104890,SKU-OFF-0283,16,Delta Construction
2026-08-22,ORD-104891,SKU-DAI-0082,1,El Tornillo Hardware
2026-08-22,ORD-104891, SKU-OFF-0257,8,Happy Pet Store
22/08/2026,ORD-104891,SKU-TOO-0049,14,Andean Group Offices
2026-08-22,ORD-104892,SKU-SNA-0223,9,La Lucha Restaurant
22/08/2026,ORD-104892,SKU-SNA-0223,16,Lucero Minimarket
2026-08-22,ORD-104892,SKU-DAI-0184,18,Happy Pet Store
22-Aug-26,ORD-104893,SKU-BEV-0202,3,Inkafarma Comas Pharmacy
2026-08-22,ORD-104893,SKU-BEV-0180,13,Inkafarma Comas Pharmacy
2026-08-22,ORD-104894,SKU-CLE-0028,6,Andean Group Offices
22/08/2026,ORD-104894,sku-dai-0313,6,San Martin Corner Store
2026-08-22,ORD-104894,SKU-GAR-0120,11,El Tornillo Hardware
2026-08-22,ORD-104895,SKU-DAI-0082,7,San Martin Corner Store
2026-08-22,ORD-104895,SKU-DAI-0123,6,Inkafarma Comas Pharmacy
2026-08-22,ORD-104896,SKU-GAR-0195,11,Wong North Supermarkets
22/08/2026,ORD-104896,SKU-DAI-0082,1,San Martin Corner Store
22-Aug-26,ORD-104897,SKU-BEV-0202,1,Lucero Minimarket
2026-08-22,ORD-104897,SKU-DAI-0169,2,La Lucha Restaurant
2026-08-22,ORD-104899,SKU-DAI-0003,12,Happy Pet Store
22-Aug-26,ORD-104899,SKU-BEA-0045,20,Inkafarma Comas Pharmacy
2026-08-22,ORD-104901,SKU-FRO-0196,6,San Martin Corner Store
2026-08-22,ORD-104901,SKU-FRO-0090,9,La Lucha Restaurant
22-Aug-26,ORD-104901,SKU-PET-0087,3,El Tornillo Hardware
22-Aug-26,ORD-104902,SKU-DAI-0184,12,Andean Group Offices
22-Aug-26,ORD-104902,SKU-SNA-0057,11,Inkafarma Comas Pharmacy
22/08/2026,ORD-104903,SKU-CLE-0108,4,Andean Group Offices
22-Aug-26,ORD-104904,SKU-PET-0318,18,Lucero Minimarket
2026-08-22,ORD-104905,SKU-PET-0160,4,Lince Vet Center
2026-08-22,ORD-104905,SKU-BEV-0058,9,Lince Vet Center
22/08/2026,ORD-104906,SKU-DAI-0184,17,Delta Construction
2026-08-22,ORD-104906,SKU-BEA-0151,2,La Lucha Restaurant
22/08/2026,ORD-104907,SKU-HOM-0316,2,Andean Group Offices
2026-08-22,ORD-104907,SKU-FRO-0296,19,Wong North Supermarkets
2026-08-22,ORD-104908,SKU-TOO-0221,7,Wong North Supermarkets
2026-08-22,ORD-104908,SKU-FRO-0272,15,Lucero Minimarket
2026-08-22,ORD-104909,SKU-FRO-0014,2,Delta Construction
2026-08-22,ORD-104910,SKU-DAI-0184,12,La Lucha Restaurant
2026-08-22,ORD-104910,SKU-OFF-0283,19,La Lucha Restaurant
22-Aug-26,ORD-104911,SKU-FRO-0203,19,Delta Construction
22/08/2026,ORD-104911,SKU-HOM-0065,7,Happy Pet Store
22-Aug-26,ORD-104912,SKU-GAR-0153,4,La Lucha Restaurant
2026-08-22,ORD-104913,sku-sna-0199,11,Lince Vet Center
22/08/2026,ORD-104914,SKU-DAI-0003,12,Lucero Minimarket
22-Aug-26,ORD-104914,SKU-BEA-0148,3,El Tornillo Hardware
22/08/2026,ORD-104915,sku-hom-0251,9,Andean Group Offices
22/08/2026,ORD-104915,SKU-GAR-0195,6,Andean Group Offices
22/08/2026,ORD-104915,SKU-BEA-0215,3,Lucero Minimarket
22-Aug-26,ORD-104916,SKU-OFF-0225,1,Wong North Supermarkets
22/08/2026,ORD-104916,SKU-BEV-0180,3,Happy Pet Store
2026-08-22,ORD-104917,SKU-HOM-0089,2,Delta Construction
2026-08-22,ORD-104918,SKU-FRO-0246,2,El Tornillo Hardware
22-Aug-26,ORD-104919,SKU-FRO-0213,18,San Martin Corner Store
22/08/2026,ORD-104920,SKU-DAI-0123,4,La Lucha Restaurant
22-Aug-26,ORD-104920,SKU-OFF-0257,2,Andean Group Offices
2026-08-22,ORD-104921,sku-pet-0270,5,Lince Vet Center
22-Aug-26,ORD-104921,SKU-DAI-0072,13,Happy Pet Store
2026-08-22,ORD-104921,SKU-FRO-0213,19,Lucero Minimarket
22/08/2026,ORD-104922,SKU-BEA-0073,8,La Lucha Restaurant
2026-08-22,ORD-104922,SKU-BEA-0310,17,La Lucha Restaurant
22-Aug-26,ORD-104922,SKU-PET-0017,3,Andean Group Offices
22-Aug-26,ORD-104923,SKU-HAR-0254,3,San Martin Corner Store
2026-08-22,ORD-104923,SKU-HOM-0013,2,San Martin Corner Store
2026-08-22,ORD-104924,SKU-CLE-0108,11,El Tornillo Hardware
22/08/2026,ORD-104924,SKU-HOM-0112,10,Inkafarma Comas Pharmacy
2026-08-22,ORD-104925,SKU-GAR-0157,28,San Martin Corner Store
22/08/2026,ORD-104925,SKU-DAI-0054,2,El Tornillo Hardware
22-Aug-26,ORD-104926,SKU-TOO-0125,12,La Lucha Restaurant
2026-08-22,ORD-104927,SKU-CLE-0018,9,El Tornillo Hardware
2026-08-22,ORD-104927,SKU-BEA-0045,17,Delta Construction
22/08/2026,ORD-104928,SKU-DAI-0070,8,Delta Construction
22/08/2026,ORD-104930,SKU-FRO-0238,11,Lince Vet Center
22-Aug-26,ORD-104930,SKU-FRO-0288,3,Delta Construction
22-Aug-26,ORD-104931,SKU-FRO-0272,20,Delta Construction
22-Aug-26,ORD-104932,SKU-DAI-0164,5,Happy Pet Store
22-Aug-26,ORD-104932,SKU-FRO-0246,2,Delta Construction
22/08/2026,ORD-104933,SKU-CLE-0248,8,El Tornillo Hardware
22/08/2026,ORD-104933,SKU-SNA-0315,20,Inkafarma Comas Pharmacy
2026-08-22,ORD-104934,SKU-FRO-0213,22,Lucero Minimarket
22-Aug-26,ORD-104934,SKU-FRO-0114,4,Lucero Minimarket
2026-08-22,ORD-104935,SKU-BEV-0150,10,Lucero Minimarket
22/08/2026,ORD-104935,SKU-DAI-0169,12,Lince Vet Center
22-Aug-26,ORD-104935,SKU-BEA-0045,5,Wong North Supermarkets
2026-08-22,ORD-104936,SKU-DAI-0184,14,Delta Construction
22/08/2026,ORD-104936,SKU-HAR-0285,5,La Lucha Restaurant
22/08/2026,ORD-104937,SKU-FRO-0132,8,Wong North Supermarkets
22-Aug-26,ORD-104937,SKU-BEV-0311,28,Lince Vet Center
22/08/2026,ORD-104938,SKU-TOO-0295,5,Inkafarma Comas Pharmacy
22-Aug-26,ORD-104938,SKU-HOM-0289,8,Delta Construction
22/08/2026,ORD-104938,SKU-PET-0031,4,San Martin Corner Store
22-Aug-26,ORD-104939,SKU-DAI-0070,13,Wong North Supermarkets
22/08/2026,ORD-104939,SKU-SNA-0223,4,Happy Pet Store
22/08/2026,ORD-104940,SKU-TOO-0026,8,Wong North Supermarkets
22-Aug-26,ORD-104940,SKU-TOO-0122,14,Wong North Supermarkets
22/08/2026,ORD-104941,SKU-BEA-0062,5,San Martin Corner Store
2026-08-22,ORD-104942,SKU-HOM-0204,15,El Tornillo Hardware
2026-08-22,ORD-104942,SKU-BEA-0264,2,Andean Group Offices
2026-08-22,ORD-104943,SKU-FRO-0114,4,Lince Vet Center
22/08/2026,ORD-104944,SKU-PET-0318,13,Andean Group Offices
22-Aug-26,ORD-104944,SKU-BEA-0144,1,Lucero Minimarket
2026-08-22,ORD-104945,sku-dai-0070,14,Happy Pet Store
22-Aug-26,ORD-104945,SKU-HOM-0262,8,San Martin Corner Store
22/08/2026,ORD-104946,SKU-DAI-0164,1,San Martin Corner Store
22/08/2026,ORD-104946,SKU-GAR-0157,13,Delta Construction
22/08/2026,ORD-104947,SKU-BEA-0191,1,La Lucha Restaurant
2026-08-22,ORD-104948,SKU-BEV-0174,2,San Martin Corner Store
22/08/2026,ORD-104949,SKU-BEV-0058,24,Wong North Supermarkets
2026-08-22,ORD-104949,SKU-FRO-0203,21,Lince Vet Center
22/08/2026,ORD-104950,SKU-FRO-0272,20,Andean Group Offices
2026-08-22,ORD-104950,SKU-DAI-0313,1,Happy Pet Store
22/08/2026,ORD-104951,SKU-CLE-0018,2,El Tornillo Hardware
22-Aug-26,ORD-104951,SKU-TOO-0026,2,Wong North Supermarkets
22/08/2026,ORD-104951,SKU-BEA-0193,3,Wong North Supermarkets
22/08/2026,ORD-104952,SKU-FRO-0267,14,Wong North Supermarkets
2026-08-22,ORD-104953,SKU-DAI-0313,18,Lince Vet Center
22-Aug-26,ORD-104953,SKU-BEA-0019,10,Wong North Supermarkets
22-Aug-26,ORD-104955,SKU-DAI-0070,12,El Tornillo Hardware
22/08/2026,ORD-104956,SKU-DAI-0072,3,Delta Construction
22/08/2026,ORD-104957,SKU-BEA-0144,4,Lince Vet Center
22-Aug-26,ORD-104958,SKU-SNA-0298,5,Inkafarma Comas Pharmacy
2026-08-22,ORD-104958,SKU-BEA-0185,19,Lucero Minimarket
22/08/2026,ORD-104959,SKU-DAI-0184,16,Lucero Minimarket
22-Aug-26,ORD-104959,SKU-FRO-0213,17,Andean Group Offices
22/08/2026,ORD-104960,SKU-BEA-0177,4,Andean Group Offices
2026-08-22,ORD-104961,SKU-BEV-0311,12,Happy Pet Store
2026-08-22,ORD-104961,SKU-DAI-0123,3,Inkafarma Comas Pharmacy
2026-08-22,ORD-104962,SKU-DAI-0123,3,Lince Vet Center
22/08/2026,ORD-104962,SKU-HAR-0093,9,Inkafarma Comas Pharmacy
22-Aug-26,ORD-104962,SKU-PET-0106,13,Delta Construction
22/08/2026,ORD-104963,SKU-TOO-0295,10,Happy Pet Store
2026-08-22,ORD-104963,SKU-DAI-0303,4,El Tornillo Hardware
22-Aug-26,ORD-104964,SKU-PET-0087,2,La Lucha Restaurant
2026-08-22,ORD-104965,SKU-FRO-0203,23,Lucero Minimarket
22/08/2026,ORD-104965,SKU-TOO-0026,1,Inkafarma Comas Pharmacy
22/08/2026,ORD-104965,SKU-FRO-0296,4,La Lucha Restaurant
22-Aug-26,ORD-104966,SKU-OFF-0225,8,Delta Construction
2026-08-22,ORD-104967,SKU HOM 0204,5,La Lucha Restaurant
2026-08-22,ORD-104968,SKU-PET-0040,19,Inkafarma Comas Pharmacy
2026-08-22,ORD-104968,SKU-GAR-0153,2,El Tornillo Hardware
2026-08-22,ORD-104968,SKU-SNA-0100,5,Happy Pet Store
2026-08-22,ORD-104969,SKU-BEV-0180,14,San Martin Corner Store
22-Aug-26,ORD-104969,SKU-DAI-0082,9,El Tornillo Hardware
22-Aug-26,ORD-104969,SKU-DAI-0169,6,Lucero Minimarket
22-Aug-26,ORD-104970,SKU-BEA-0291,1,Lince Vet Center
22-Aug-26,ORD-104970,SKU-BEA-0045,7,El Tornillo Hardware
2026-08-22,ORD-104971,SKU-SNA-0030,2,Delta Construction
2026-08-22,ORD-104971,SKU-BEA-0168,3,La Lucha Restaurant
22/08/2026,ORD-104971,SKU-BEV-0180,1,Wong North Supermarkets
2026-08-22,ORD-104972,SKU-GAR-0111,18,La Lucha Restaurant
22-Aug-26,ORD-104972,SKU-FRO-0238,15,La Lucha Restaurant
22/08/2026,ORD-104973,SKU-TOO-0069,9,El Tornillo Hardware
22/08/2026,ORD-104973,SKU-HOM-0065,12,Delta Construction
22-Aug-26,ORD-104973,SKU-FRO-0296,12,Happy Pet Store
2026-08-22,ORD-104975,SKU-FRO-0114,7,Lucero Minimarket
22-Aug-26,ORD-104975,SKU-CLE-0209,16,Happy Pet Store
22-Aug-26,ORD-104975,SKU-BEV-0176,6,Delta Construction
22/08/2026,ORD-104976,SKU-FRO-0238,16,Lucero Minimarket
22-Aug-26,ORD-104976,SKU-BEV-0084,17,Happy Pet Store
22/08/2026,ORD-104977,SKU-TOO-0056,4,San Martin Corner Store
22/08/2026,ORD-104977,SKU-SNA-0298,6,Lucero Minimarket
22-Aug-26,ORD-104978,SKU-FRO-0196,7,Inkafarma Comas Pharmacy
2026-08-22,ORD-104978,SKU-BEA-0191,5,Andean Group Offices
22/08/2026,ORD-104979,SKU-BEV-0037,12,Delta Construction
2026-08-22,ORD-104979,SKU-HOM-0127,11,Happy Pet Store
22/08/2026,ORD-104980,SKU-TOO-0026,7,Delta Construction
2026-08-22,ORD-104980,SKU-FRO-0261,2,Happy Pet Store
22-Aug-26,ORD-104981,SKU-DAI-0164,4,Wong North Supermarkets
2026-08-22,ORD-104982,SKU-BEA-0191,9,Andean Group Offices
2026-08-22,ORD-104982,sku-fro-0278,9,El Tornillo Hardware
22/08/2026,ORD-104983,SKU-HOM-0204,9,Lucero Minimarket
22-Aug-26,ORD-104983,SKU-GAR-0116,3,Wong North Supermarkets
22-Aug-26,ORD-104985,SKU-CLE-0276,6,La Lucha Restaurant
22/08/2026,ORD-104985,SKU-GAR-0078,5,San Martin Corner Store
2026-08-22,ORD-104985,SKU-SNA-0233,1,La Lucha Restaurant
22-Aug-26,ORD-104986,SKU-PET-0173,4,Lucero Minimarket
22-Aug-26,ORD-104987,SKU-FRO-0132,21,El Tornillo Hardware
2026-08-22,ORD-104988,SKU-SNA-0057,12,Lucero Minimarket
2026-08-22,ORD-104989,SKU-OFF-0257,7,Happy Pet Store
22/08/2026,ORD-104989,SKU-DAI-0123,1,Happy Pet Store
22/08/2026,ORD-104989,SKU-GAR-0153,16,Wong North Supermarkets
22-Aug-26,ORD-104990,SKU HOM 0112,6,El Tornillo Hardware
2026-08-22,ORD-104990,SKU-BEV-0033,4,San Martin Corner Store
22-Aug-26,ORD-104991,SKU-BEA-0193,2,San Martin Corner Store
22-Aug-26,ORD-104992,SKU-PET-0227,2,Andean Group Offices
2026-08-22,ORD-104992,SKU-OFF-0283,1,Happy Pet Store
2026-08-22,ORD-104993,SKU-BEA-0291,8,Delta Construction
22-Aug-26,ORD-104993,SKU-DAI-0123,4,Lucero Minimarket
22-Aug-26,ORD-104993,SKU-FRO-0261,2,Andean Group Offices
22-Aug-26,ORD-104994,SKU-FRO-0238,9,Andean Group Offices
22-Aug-26,ORD-104995,SKU-BEV-0037,3,San Martin Corner Store
22-Aug-26,ORD-104996,SKU-PET-0173,8,El Tornillo Hardware
22-Aug-26,ORD-104996,SKU-PET-0155,23,La Lucha Restaurant
22-Aug-26,ORD-104996,SKU-PET-0217,10,La Lucha Restaurant
2026-08-22,ORD-104997,SKU-OFF-0140,12,Lucero Minimarket
2026-08-22,ORD-104997,SKU-TOO-0125,5,Delta Construction
22/08/2026,ORD-104998,SKU-FRO-0238,12,Happy Pet Store
22/08/2026,ORD-104998,SKU-FRO-0090,23,El Tornillo Hardware
22-Aug-26,ORD-104998,SKU-DAI-0123,7,El Tornillo Hardware
2026-08-22,ORD-104999,SKU-BEA-0073,20,Andean Group Offices
22-Aug-26,ORD-104999,SKU-BEA-0310,12,Delta Construction
2026-08-22,ORD-104999,SKU-BEV-0174,3,Lucero Minimarket
22/08/2026,ORD-105000,SKU-BEA-0310,7,Inkafarma Comas Pharmacy
2026-08-22,ORD-105000,SKU-HOM-0262,8,Wong North Supermarkets
22/08/2026,ORD-105001,SKU-FRO-0090,4,La Lucha Restaurant
22/08/2026,ORD-105002,SKU-BEA-0142,3,Inkafarma Comas Pharmacy
22-Aug-26,ORD-105002,SKU-GAR-0111,10,San Martin Corner Store
2026-08-22,ORD-105003,SKU-DAI-0072,5,Delta Construction
22-Aug-26,ORD-105003,SKU-DAI-0123,3,Delta Construction
22/08/2026,ORD-105004,SKU-HOM-0204,3,Lucero Minimarket
22/08/2026,ORD-105004,SKU-BEV-0174,5,San Martin Corner Store
22-Aug-26,ORD-105004,SKU-BEV-0219,1,El Tornillo Hardware
2026-08-22,ORD-105005,SKU-DAI-0082,3,El Tornillo Hardware
22-Aug-26,ORD-105005,SKU-DAI-0054,5,Lince Vet Center
22-Aug-26,ORD-105005,SKU-FRO-0109,2,Lince Vet Center
2026-08-22,ORD-105006,SKU-DAI-0184,4,Happy Pet Store
22-Aug-26,ORD-105006,SKU-TOO-0091,26,La Lucha Restaurant
22-Aug-26,ORD-105007,SKU-PET-0270,9,Inkafarma Comas Pharmacy
22-Aug-26,ORD-105007,SKU-FRO-0136,3,Lucero Minimarket
22-Aug-26,ORD-105008,SKU-FRO-0267,2,La Lucha Restaurant
22-Aug-26,ORD-105008,SKU-BEV-0180,13,Happy Pet Store
22-Aug-26,ORD-105009,SKU-BEV-0242,18,La Lucha Restaurant
2026-08-22,ORD-105009,SKU-DAI-0003,7,San Martin Corner Store
2026-08-22,ORD-105010,SKU-FRO-0213,1,Inkafarma Comas Pharmacy
22/08/2026,ORD-105010,SKU-GAR-0195,6,Wong North Supermarkets
2026-08-22,ORD-105010,SKU-OFF-0249,4,Happy Pet Store
22/08/2026,ORD-105011,SKU-PET-0304,8,Andean Group Offices
2026-08-22,ORD-105011,SKU-TOO-0122,11,Lince Vet Center
22-Aug-26,ORD-105012,SKU-FRO-0296,20,Wong North Supermarkets
2026-08-22,ORD-105012,SKU-HAR-0093,9,Andean Group Offices
2026-08-22,ORD-105012,SKU-GAR-0047,3,La Lucha Restaurant
22/08/2026,ORD-105013,SKU-PET-0017,5,La Lucha Restaurant
2026-08-22,ORD-105013,SKU-DAI-0313,5,Happy Pet Store
22/08/2026,ORD-105014,SKU-BEA-0291,9,Andean Group Offices
22/08/2026,ORD-105014, SKU-BEV-0174,6,El Tornillo Hardware
22/08/2026,ORD-105015,SKU-BEA-0215,3,Lince Vet Center
2026-08-22,ORD-105016,SKU-BEV-0150,1,Wong North Supermarkets
22/08/2026,ORD-105016,SKU-HOM-0089,4,Wong North Supermarkets
22/08/2026,ORD-105016,SKU-FRO-0109,1,El Tornillo Hardware
2026-08-22,ORD-105017,SKU-FRO-0278,9,Wong North Supermarkets
22-Aug-26,ORD-105018,SKU-BEV-0311,9,Andean Group Offices
22/08/2026,ORD-105018,SKU-FRO-0296,4,San Martin Corner Store
22/08/2026,ORD-105019,SKU-BEV-0219,2,Wong North Supermarkets
22-Aug-26,ORD-105019,SKU-HAR-0237,13,El Tornillo Hardware
22-Aug-26,ORD-105020,SKU-DAI-0072,18,Happy Pet Store
22/08/2026,ORD-105020,SKU-BEA-0126,2,San Martin Corner Store
22-Aug-26,ORD-105021,SKU-DAI-0123,2,La Lucha Restaurant
22-Aug-26,ORD-105023,SKU-FRO-0246,4,La Lucha Restaurant
2026-08-22,ORD-105023,SKU-DAI-0070,5,La Lucha Restaurant
2026-08-22,ORD-105024,SKU-BEV-0202,4,Andean Group Offices
22/08/2026,ORD-105024,SKU-GAR-0078,1,El Tornillo Hardware
22/08/2026,ORD-105025,SKU-FRO-0132,21,Wong North Supermarkets
22-Aug-26,ORD-105025,SKU-DAI-0082,5,Andean Group Offices
22/08/2026,ORD-105026,SKU-SNA-0171,15,El Tornillo Hardware
22/08/2026,ORD-105026,SKU-DAI-0082,8,Lince Vet Center
2026-08-22,ORD-105026,SKU-PET-0031,5,Inkafarma Comas Pharmacy
22-Aug-26,ORD-105027,SKU-DAI-0054,5,Inkafarma Comas Pharmacy
2026-08-22,ORD-105027,SKU-BEV-0219,6,Andean Group Offices
22/08/2026,ORD-105028,SKU-HOM-0204,10,La Lucha Restaurant
2026-08-22,ORD-105028,SKU-OFF-0074,22,El Tornillo Hardware
22/08/2026,ORD-105028,SKU-PET-0217,11,San Martin Corner Store
22-Aug-26,ORD-105029,SKU-SNA-0057,8,El Tornillo Hardware
2026-08-22,ORD-105030,SKU-DAI-0303,4,Delta Construction
22/08/2026,ORD-105030, SKU-BEV-0301,6,Lucero Minimarket
2026-08-22,ORD-105031,SKU-HOM-0316,8,Delta Construction
22/08/2026,ORD-105031,SKU-DAI-0123,2,Andean Group Offices
2026-08-22,ORD-105031,SKU-OFF-0236,3,Wong North Supermarkets
2026-08-22,ORD-105032,SKU-CLE-0263,13,Happy Pet Store
22/08/2026,ORD-105032, SKU-HOM-0112,18,Inkafarma Comas Pharmacy
2026-08-22,ORD-105033,SKU-DAI-0082,2,El Tornillo Hardware
2026-08-22,ORD-105033,SKU-HOM-0015,14,La Lucha Restaurant
22-Aug-26,ORD-105034,SKU-BEA-0126,5,Lucero Minimarket
22/08/2026,ORD-105035,SKU-FRO-0132,5,San Martin Corner Store
22/08/2026,ORD-105036,SKU-OFF-0283,22,Lince Vet Center
22/08/2026,ORD-105036,SKU-BEA-0177,5,Delta Construction
2026-08-22,ORD-105036, SKU-BEA-0310,3,Delta Construction
22/08/2026,ORD-105037,SKU-BEA-0034,16,Lucero Minimarket
22/08/2026,ORD-105037,SKU-TOO-0125,6,Lucero Minimarket
22-Aug-26,ORD-105037, SKU-FRO-0238,4,Lince Vet Center
22-Aug-26,ORD-105038,SKU-DAI-0184,17,Lince Vet Center
22-Aug-26,ORD-105038,SKU-CLE-0240,19,Delta Construction
22/08/2026,ORD-105039,SKU-PET-0155,1,Lucero Minimarket
22-Aug-26,ORD-105039, SKU-BEA-0177,4,La Lucha Restaurant
22/08/2026,ORD-105039,SKU GAR 0157,20,San Martin Corner Store
2026-08-22,ORD-105040,SKU-SNA-0244,4,Lince Vet Center
22/08/2026,ORD-105041,SKU-DAI-0072,7,San Martin Corner Store
22/08/2026,ORD-105041,SKU-HAR-0266,12,Lucero Minimarket
22/08/2026,ORD-105042,SKU-FRO-0132,26,La Lucha Restaurant
22-Aug-26,ORD-105042,SKU-DAI-0123,2,Andean Group Offices
22-Aug-26,ORD-105044,SKU-SNA-0315,11,El Tornillo Hardware
2026-08-22,ORD-105044,SKU-FRO-0267,13,Lucero Minimarket
22-Aug-26,ORD-105045,SKU-TOO-0049,18,San Martin Corner Store
22/08/2026,ORD-105046,SKU-DAI-0169,12,Andean Group Offices
22/08/2026,ORD-105046,SKU-DAI-0169,10,Lucero Minimarket
22-Aug-26,ORD-105047,SKU-FRO-0196,10,Delta Construction
22-Aug-26,ORD-105047,SKU-DAI-0054,1,San Martin Corner Store
2026-08-22,ORD-105047,SKU-OFF-0225,14,Andean Group Offices
22/08/2026,ORD-105048,SKU-OFF-0225,7,Lucero Minimarket
22-Aug-26,ORD-105049,SKU-PET-0040,7,Happy Pet Store
2026-08-22,ORD-105050,SKU-FRO-0267,16,Inkafarma Comas Pharmacy
22-Aug-26,ORD-105050,SKU-FRO-0238,14,Inkafarma Comas Pharmacy
22/08/2026,ORD-105050, SKU-OFF-0007,4,Andean Group Offices
22/08/2026,ORD-105051,SKU-FRO-0238,13,Lucero Minimarket
2026-08-22,ORD-105052,SKU-TOO-0067,8,Happy Pet Store
22/08/2026,ORD-105052,SKU-DAI-0184,7,Happy Pet Store
2026-08-22,ORD-105053,SKU-HOM-0262,5,Delta Construction
22-Aug-26,ORD-105054,SKU PET 0217,9,Lucero Minimarket
22/08/2026,ORD-105055,sku-dai-0303,1,Delta Construction
22-Aug-26,ORD-105056,SKU-TOO-0125,1,San Martin Corner Store
22/08/2026,ORD-105057,SKU-OFF-0284,9,Lucero Minimarket
22-Aug-26,ORD-105057,SKU-OFF-0140,9,Delta Construction
22/08/2026,ORD-105057,SKU-HOM-0286,5,Delta Construction
22/08/2026,ORD-105058,SKU-FRO-0132,16,Wong North Supermarkets
22/08/2026,ORD-105058,SKU-CLE-0061,19,San Martin Corner Store
22-Aug-26,ORD-105059,SKU-FRO-0179,8,Delta Construction
22-Aug-26,ORD-105060,SKU-OFF-0259,27,Happy Pet Store
22-Aug-26,ORD-105060,SKU-BEV-0174,1,Lince Vet Center
22-Aug-26,ORD-105061,SKU-OFF-0228,21,San Martin Corner Store
22/08/2026,ORD-105061,SKU-FRO-0085,6,El Tornillo Hardware
22-Aug-26,ORD-105062,SKU-CLE-0061,24,Happy Pet Store
2026-08-22,ORD-105063,SKU-OFF-0007,6,Happy Pet Store
22-Aug-26,ORD-105063,SKU-DAI-0184,8,Lucero Minimarket
2026-08-22,ORD-105063,SKU-TOO-0279,2,Wong North Supermarkets
2026-08-22,ORD-105064,SKU-SNA-0046,1,Wong North Supermarkets
22-Aug-26,ORD-105064,SKU-PET-0173,4,Delta Construction
2026-08-22,ORD-105065,SKU-PET-0040,7,Inkafarma Comas Pharmacy
2026-08-22,ORD-105066,SKU-PET-0146,13,Inkafarma Comas Pharmacy
2026-08-22,ORD-105067,SKU-DAI-0123,5,Lucero Minimarket
22/08/2026,ORD-105068,SKU-FRO-0238,3,Lucero Minimarket
2026-08-22,ORD-105069,SKU-OFF-0257,5,San Martin Corner Store
22/08/2026,ORD-105069,SKU-HOM-0020,4,La Lucha Restaurant
22-Aug-26,ORD-105070,SKU-BEV-0176,6,Wong North Supermarkets
22/08/2026,ORD-105071,SKU-BEV-0176,8,La Lucha Restaurant
22/08/2026,ORD-105071,SKU-PET-0318,12,El Tornillo Hardware
22/08/2026,ORD-105072,SKU-HOM-0065,14,La Lucha Restaurant
22/08/2026,ORD-105072,SKU-BEA-0034,11,San Martin Corner Store
2026-08-22,ORD-105073,SKU-HOM-0286,6,Wong North Supermarkets
22/08/2026,ORD-105074,SKU-DAI-0072,2,El Tornillo Hardware
2026-08-22,ORD-105074,SKU-TOO-0295,10,Andean Group Offices
23/08/2026,ORD-105074,SKU-BEA-0045,6,Happy Pet Store
2026-08-23,ORD-105075,SKU-BEA-0034,17,Lince Vet Center
23-Aug-26,ORD-105075,SKU-TOO-0049,22,San Martin Corner Store
23/08/2026,ORD-105076,SKU-HOM-0015,15,Delta Construction
23/08/2026,ORD-105076,SKU-FRO-0296,2,Delta Construction
2026-08-23,ORD-105077,SKU-CLE-0108,11,Lince Vet Center
23-Aug-26,ORD-105078,SKU-FRO-0278,2,Andean Group Offices
23-Aug-26,ORD-105078,SKU-FRO-0278,2,El Tornillo Hardware
2026-08-23,ORD-105078,SKU-BEA-0291,9,Happy Pet Store
23-Aug-26,ORD-105079,SKU BEV 0192,2,Andean Group Offices
2026-08-23,ORD-105079,SKU-DAI-0169,5,San Martin Corner Store
2026-08-23,ORD-105080,SKU-DAI-0184,7,Wong North Supermarkets
23/08/2026,ORD-105081,SKU-OFF-0010,3,Lince Vet Center
23/08/2026,ORD-105082,SKU-HOM-0020,3,Lucero Minimarket
23/08/2026,ORD-105082,SKU-SNA-0199,15,Happy Pet Store
2026-08-23,ORD-105083,SKU-TOO-0200,6,La Lucha Restaurant
23/08/2026,ORD-105084,SKU-BEA-0062,1,Happy Pet Store
23/08/2026,ORD-105085,SKU-DAI-0303,1,Wong North Supermarkets
2026-08-23,ORD-105086,SKU-DAI-0164,1,Happy Pet Store
2026-08-23,ORD-105086,SKU-CLE-0041,14,Lucero Minimarket
23-Aug-26,ORD-105086,SKU-FRO-0109,3,Wong North Supermarkets
23-Aug-26,ORD-105087,SKU-OFF-0249,2,Lucero Minimarket
2026-08-23,ORD-105087,SKU-OFF-0225,1,Andean Group Offices
23-Aug-26,ORD-105087,SKU-PET-0106,9,Delta Construction
23/08/2026,ORD-105088,SKU-HOM-0253,17,El Tornillo Hardware
23/08/2026,ORD-105088,SKU-TOO-0069,7,El Tornillo Hardware
23/08/2026,ORD-105089,SKU-FRO-0213,20,El Tornillo Hardware
2026-08-23,ORD-105089,SKU-TOO-0210,2,Delta Construction
2026-08-23,ORD-105089,SKU-PET-0040,19,Inkafarma Comas Pharmacy
2026-08-23,ORD-105090,SKU-BEA-0264,3,La Lucha Restaurant
23/08/2026,ORD-105090,SKU-DAI-0169,11,Lucero Minimarket
23-Aug-26,ORD-105090,SKU-DAI-0164,4,Andean Group Offices
2026-08-23,ORD-105092,SKU-HAR-0254,11,Andean Group Offices
23/08/2026,ORD-105093,SKU-FRO-0220,3,Inkafarma Comas Pharmacy
2026-08-23,ORD-105093,SKU-TOO-0049,13,La Lucha Restaurant
23/08/2026,ORD-105093,SKU-HAR-0309,1,Delta Construction
23-Aug-26,ORD-105094,SKU-GAR-0195,12,Lince Vet Center
23-Aug-26,ORD-105094,SKU-HOM-0127,5,Delta Construction
23-Aug-26,ORD-105095,SKU-PET-0155,11,Inkafarma Comas Pharmacy
23-Aug-26,ORD-105096,SKU-GAR-0195,10,Inkafarma Comas Pharmacy
23-Aug-26,ORD-105096,SKU-CLE-0240,23,Wong North Supermarkets
23/08/2026,ORD-105097,SKU-DAI-0082,4,Andean Group Offices
2026-08-23,ORD-105097,SKU-HOM-0204,10,El Tornillo Hardware
23-Aug-26,ORD-105098,SKU-FRO-0196,1,Inkafarma Comas Pharmacy
23-Aug-26,ORD-105098,SKU-GAR-0111,13,Inkafarma Comas Pharmacy
23-Aug-26,ORD-105098,SKU-PET-0031,2,Lince Vet Center
2026-08-23,ORD-105099,SKU-DAI-0123,8,Wong North Supermarkets
23-Aug-26,ORD-105099,SKU-BEV-0242,8,San Martin Corner Store
23/08/2026,ORD-105100,SKU-SNA-0057,13,Happy Pet Store
2026-08-23,ORD-105100,SKU-HOM-0020,6,San Martin Corner Store
23/08/2026,ORD-105101,SKU-CLE-0248,1,Happy Pet Store
23-Aug-26,ORD-105102,SKU-PET-0318,5,Lucero Minimarket
23/08/2026,ORD-105102,SKU-BEV-0311,21,San Martin Corner Store
23/08/2026,ORD-105103,SKU-BEA-0168,3,Delta Construction
2026-08-23,ORD-105104,SKU-OFF-0249,4,El Tornillo Hardware
23/08/2026,ORD-105104,SKU-DAI-0313,5,Lucero Minimarket
2026-08-23,ORD-105105,SKU-TOO-0080,5,Wong North Supermarkets
23-Aug-26,ORD-105106,SKU-TOO-0026,5,Andean Group Offices
23/08/2026,ORD-105106,SKU HOM 0127,22,Andean Group Offices
23-Aug-26,ORD-105106,SKU-PET-0024,3,El Tornillo Hardware
23-Aug-26,ORD-105107,SKU-DAI-0070,7,Lince Vet Center
23-Aug-26,ORD-105107,SKU-HOM-0020,6,San Martin Corner Store
2026-08-23,ORD-105108,SKU-HOM-0316,1,Andean Group Offices
2026-08-23,ORD-105108,SKU-OFF-0225,2,Andean Group Offices
23-Aug-26,ORD-105108,SKU-SNA-0188,11,El Tornillo Hardware
23-Aug-26,ORD-105109,SKU-FRO-0090,16,Lucero Minimarket
2026-08-23,ORD-105109,SKU-GAR-0039,1,Delta Construction
2026-08-23,ORD-105110,SKU DAI 0184,11,Inkafarma Comas Pharmacy
23-Aug-26,ORD-105111,SKU-OFF-0284,5,San Martin Corner Store
23-Aug-26,ORD-105111,SKU-DAI-0123,6,Lince Vet Center
23-Aug-26,ORD-105112,SKU-DAI-0169,5,Happy Pet Store
23/08/2026,ORD-105113,SKU-HOM-0089,5,Delta Construction
23/08/2026,ORD-105114,SKU-OFF-0283,19,El Tornillo Hardware
2026-08-23,ORD-105115,SKU-OFF-0140,12,Wong North Supermarkets
2026-08-23,ORD-105116,SKU-HAR-0309,21,San Martin Corner Store
23-Aug-26,ORD-105116,SKU-SNA-0298,2,Inkafarma Comas Pharmacy
23-Aug-26,ORD-105117,SKU-GAR-0078,9,La Lucha Restaurant
23/08/2026,ORD-105117,SKU-DAI-0184,7,Lince Vet Center
23/08/2026,ORD-105118,SKU-FRO-0203,30,Delta Construction
23/08/2026,ORD-105119,SKU-OFF-0010,6,Lince Vet Center
23/08/2026,ORD-105119,SKU-HOM-0286,2,San Martin Corner Store
2026-08-23,ORD-105119,SKU-BEA-0062,12,La Lucha Restaurant
23-Aug-26,ORD-105120,SKU-PET-0017,3,Lince Vet Center
23/08/2026,ORD-105121,SKU-GAR-0111,15,Lucero Minimarket
23/08/2026,ORD-105122,SKU-PET-0099,20,La Lucha Restaurant
23-Aug-26,ORD-105122,SKU CLE 0108,4,La Lucha Restaurant
23-Aug-26,ORD-105123,SKU-FRO-0132,27,El Tornillo Hardware
23/08/2026,ORD-105123,SKU-BEV-0058,6,San Martin Corner Store
23-Aug-26,ORD-105123,SKU-PET-0087,2,Wong North Supermarkets
2026-08-23,ORD-105124,SKU-SNA-0244,21,Delta Construction
23-Aug-26,ORD-105124,SKU-FRO-0109,10,El Tornillo Hardware
2026-08-23,ORD-105125,SKU-OFF-0284,23,Wong North Supermarkets
23/08/2026,ORD-105126,SKU-BEA-0148,1,Delta Construction
23-Aug-26,ORD-105126,SKU-SNA-0244,8,Delta Construction
23/08/2026,ORD-105126,SKU-BEA-0177,1,Andean Group Offices
23/08/2026,ORD-105127,SKU-TOO-0122,11,Andean Group Offices
23-Aug-26,ORD-105127,SKU-GAR-0039,16,Happy Pet Store
2026-08-23,ORD-105128,SKU-DAI-0123,3,Inkafarma Comas Pharmacy
23-Aug-26,ORD-105128,SKU-DAI-0169,4,Andean Group Offices
23-Aug-26,ORD-105128,SKU-BEA-0019,10,El Tornillo Hardware
23/08/2026,ORD-105129,SKU-DAI-0082,6,Wong North Supermarkets
2026-08-23,ORD-105130,SKU-HOM-0166,17,La Lucha Restaurant
23/08/2026,ORD-105130,SKU-DAI-0184,12,Lucero Minimarket
23/08/2026,ORD-105131,SKU-PET-0031,3,Andean Group Offices
23-Aug-26,ORD-105132,SKU-BEA-0274,1,Andean Group Offices
2026-08-23,ORD-105132,SKU-PET-0099,17,Happy Pet Store
2026-08-23,ORD-105133,SKU-FRO-0296,10,Delta Construction
23-Aug-26,ORD-105133,SKU-FRO-0196,6,Andean Group Offices
23/08/2026,ORD-105134,SKU-PET-0205,10,Delta Construction
2026-08-23,ORD-105134,SKU-FRO-0267,2,Andean Group Offices
2026-08-23,ORD-105134,SKU-DAI-0313,4,Lucero Minimarket
23/08/2026,ORD-105135,SKU-DAI-0070,7,Lince Vet Center
23/08/2026,ORD-105135,SKU-OFF-0010,1,Happy Pet Store
23-Aug-26,ORD-105135,SKU-DAI-0054,1,Lince Vet Center
23-Aug-26,ORD-105136,SKU-BEV-0037,1,Lince Vet Center
23-Aug-26,ORD-105136,SKU-TOO-0216,20,Lince Vet Center
23-Aug-26,ORD-105137,SKU-TOO-0279,12,Delta Construction
23/08/2026,ORD-105137,SKU-BEA-0019,11,Happy Pet Store
2026-08-23,ORD-105139,SKU-PET-0270,6,Happy Pet Store
23-Aug-26,ORD-105140,SKU-OFF-0236,9,Wong North Supermarkets
23-Aug-26,ORD-105140,SKU-OFF-0236,6,Wong North Supermarkets
23/08/2026,ORD-105140,SKU-FRO-0114,8,Wong North Supermarkets
23/08/2026,ORD-105141,SKU-PET-0205,12,Lince Vet Center
23-Aug-26,ORD-105141,SKU-HAR-0309,15,Wong North Supermarkets
23-Aug-26,ORD-105141,SKU-PET-0217,6,Delta Construction
23/08/2026,ORD-105142,SKU-OFF-0249,7,Wong North Supermarkets
23/08/2026,ORD-105142,SKU-DAI-0164,1,Wong North Supermarkets
23/08/2026,ORD-105143,SKU-HOM-0127,10,La Lucha Restaurant
23-Aug-26,ORD-105143,SKU-HOM-0286,6,La Lucha Restaurant
2026-08-23,ORD-105143,SKU-HOM-0316,5,La Lucha Restaurant
23/08/2026,ORD-105144,SKU-HOM-0089,6,Lucero Minimarket
23/08/2026,ORD-105144,SKU-CLE-0041,6,Delta Construction
23/08/2026,ORD-105145,SKU-GAR-0111,12,Lucero Minimarket
2026-08-23,ORD-105145,SKU-BEA-0019,6,La Lucha Restaurant
23-Aug-26,ORD-105145,SKU-OFF-0007,7,Happy Pet Store
23-Aug-26,ORD-105146,SKU-PET-0217,5,La Lucha Restaurant
23/08/2026,ORD-105146,SKU-OFF-0043,17,El Tornillo Hardware
23/08/2026,ORD-105147,SKU-DAI-0313,16,Delta Construction
2026-08-23,ORD-105147,SKU-OFF-0074,6,Inkafarma Comas Pharmacy
23-Aug-26,ORD-105148,SKU-SNA-0171,10,Andean Group Offices
2026-08-23,ORD-105148,SKU-SNA-0244,9,Happy Pet Store
23-Aug-26,ORD-105149,SKU-FRO-0246,3,Wong North Supermarkets
23/08/2026,ORD-105149,SKU-DAI-0164,2,Happy Pet Store
2026-08-23,ORD-105151,SKU-BEV-0180,9,Delta Construction
23/08/2026,ORD-105151,SKU-DAI-0082,6,Delta Construction
23-Aug-26,ORD-105151,SKU-FRO-0296,3,Happy Pet Store
23-Aug-26,ORD-105152,SKU-BEV-0037,11,Delta Construction
23-Aug-26,ORD-105152,SKU-DAI-0070,8,Lucero Minimarket
2026-08-23,ORD-105153,SKU-DAI-0313,21,Delta Construction
23-Aug-26,ORD-105153,SKU-OFF-0074,10,Lucero Minimarket
2026-08-23,ORD-105153,SKU-CLE-0209,12,San Martin Corner Store
23/08/2026,ORD-105154,SKU-HAR-0254,13,Lucero Minimarket
2026-08-23,ORD-105155,SKU-BEV-0058,13,Happy Pet Store
2026-08-23,ORD-105155,SKU-DAI-0003,13,San Martin Corner Store
23/08/2026,ORD-105156,SKU-OFF-0284,5,Lucero Minimarket
23-Aug-26,ORD-105156,SKU-TOO-0131,7,San Martin Corner Store
23-Aug-26,ORD-105157,SKU-BEV-0150,4,El Tornillo Hardware
23-Aug-26,ORD-105158,SKU-FRO-0136,4,Lucero Minimarket
2026-08-23,ORD-105159,SKU-HOM-0286,4,Delta Construction
23/08/2026,ORD-105159,SKU-BEV-0037,1,El Tornillo Hardware
23/08/2026,ORD-105159,SKU-BEV-0202,2,Lucero Minimarket
2026-08-23,ORD-105160,SKU-PET-0031,5,Happy Pet Store
23/08/2026,ORD-105160,SKU-FRO-0196,7,Lince Vet Center
23-Aug-26,ORD-105161,SKU-FRO-0278,11,Andean Group Offices
2026-08-23,ORD-105161,SKU-SNA-0199,18,Andean Group Offices
23/08/2026,ORD-105162,SKU-BEV-0311,14,Delta Construction
23/08/2026,ORD-105162,SKU-PET-0270,1,Delta Construction
23-Aug-26,ORD-105163,SKU-FRO-0014,11,La Lucha Restaurant
23/08/2026,ORD-105164,SKU-BEV-0058,13,Happy Pet Store
2026-08-23,ORD-105164,SKU-HOM-0286,6,Lince Vet Center
23-Aug-26,ORD-105165,SKU-PET-0099,27,Happy Pet Store
2026-08-23,ORD-105165,SKU-FRO-0114,8,Wong North Supermarkets
23/08/2026,ORD-105166,SKU-DAI-0072,4,Wong North Supermarkets
2026-08-23,ORD-105166,SKU-CLE-0041,8,Andean Group Offices
23-Aug-26,ORD-105167,SKU-TOO-0221,5,Wong North Supermarkets
2026-08-23,ORD-105167,SKU-BEV-0005,3,El Tornillo Hardware
2026-08-23,ORD-105167,SKU-GAR-0157,3,Lince Vet Center
23-Aug-26,ORD-105168,SKU-HOM-0251,12,Wong North Supermarkets
23-Aug-26,ORD-105168,SKU-TOO-0216,8,El Tornillo Hardware
2026-08-23,ORD-105169,SKU-PET-0227,6,Delta Construction
23/08/2026,ORD-105170,SKU-HOM-0204,5,La Lucha Restaurant
23/08/2026,ORD-105170,SKU-TOO-0091,8,Inkafarma Comas Pharmacy
23/08/2026,ORD-105171,SKU-OFF-0257,6,Delta Construction
23/08/2026,ORD-105171,SKU-DAI-0184,14,San Martin Corner Store
23-Aug-26,ORD-105171,SKU-DAI-0303,1,Andean Group Offices
23-Aug-26,ORD-105172,SKU-GAR-0195,3,Lince Vet Center
2026-08-23,ORD-105172,SKU-PET-0155,26,Inkafarma Comas Pharmacy
23-Aug-26,ORD-105173,SKU-PET-0087,6,Delta Construction
23-Aug-26,ORD-105174,SKU-BEA-0062,8,Lince Vet Center
23-Aug-26,ORD-105175,SKU-OFF-0259,28,Andean Group Offices
23/08/2026,ORD-105175,SKU-DAI-0169,2,Andean Group Offices
23/08/2026,ORD-105176,SKU-SNA-0223,13,Delta Construction
23-Aug-26,ORD-105176,SKU-HOM-0020,2,La Lucha Restaurant
2026-08-23,ORD-105177,SKU-BEV-0180,8,Delta Construction
23-Aug-26,ORD-105177,SKU-HOM-0015,5,Wong North Supermarkets
23-Aug-26,ORD-105177,SKU-FRO-0213,8,Wong North Supermarkets
23-Aug-26,ORD-105178,SKU-OFF-0259,30,Lince Vet Center
2026-08-23,ORD-105178,SKU-TOO-0069,10,Happy Pet Store
23/08/2026,ORD-105179,SKU-DAI-0184,12,Happy Pet Store
23-Aug-26,ORD-105179,SKU-OFF-0010,2,Happy Pet Store
23/08/2026,ORD-105180,SKU-FRO-0109,5,Lucero Minimarket
23/08/2026,ORD-105181,SKU-FRO-0288,2,Happy Pet Store
23-Aug-26,ORD-105181,SKU-TOO-0221,4,La Lucha Restaurant
23-Aug-26,ORD-105182,SKU-GAR-0287,4,Lince Vet Center
2026-08-23,ORD-105182,SKU-FRO-0114,11,Lince Vet Center
23/08/2026,ORD-105183,SKU-FRO-0272,3,San Martin Corner Store
23-Aug-26,ORD-105184,SKU-HOM-0262,14,San Martin Corner Store
2026-08-23,ORD-105184,SKU-DAI-0082,3,Delta Construction
23/08/2026,ORD-105185,SKU-DAI-0123,5,Wong North Supermarkets
23-Aug-26,ORD-105185,SKU-PET-0173,9,Delta Construction
23/08/2026,ORD-105186,SKU-DAI-0303,2,Happy Pet Store
23-Aug-26,ORD-105187,SKU-PET-0031,3,El Tornillo Hardware
2026-08-23,ORD-105187,SKU-GAR-0111,4,Lince Vet Center
23-Aug-26,ORD-105188,SKU-OFF-0284,22,Inkafarma Comas Pharmacy
23/08/2026,ORD-105189,SKU-GAR-0195,10,Andean Group Offices
23/08/2026,ORD-105190,SKU-CLE-0018,14,Delta Construction
23/08/2026,ORD-105190,SKU-BEV-0150,10,Wong North Supermarkets
23-Aug-26,ORD-105192,SKU-OFF-0228,22,Happy Pet Store
23/08/2026,ORD-105193,SKU PET 0173,8,Inkafarma Comas Pharmacy
23-Aug-26,ORD-105193,SKU-GAR-0195,10,Delta Construction
2026-08-23,ORD-105194,SKU-SNA-0097,6,Inkafarma Comas Pharmacy
23-Aug-26,ORD-105194,SKU-BEV-0311,27,Inkafarma Comas Pharmacy
2026-08-23,ORD-105194,SKU-BEV-0192,4,La Lucha Restaurant
23-Aug-26,ORD-105195,SKU-SNA-0223,11,Lucero Minimarket
23/08/2026,ORD-105195,SKU-DAI-0164,5,Lince Vet Center
23-Aug-26,ORD-105196,SKU-DAI-0303,1,Happy Pet Store
23/08/2026,ORD-105196,SKU-TOO-0091,23,San Martin Corner Store
2026-08-23,ORD-105197,SKU-HAR-0285,2,San Martin Corner Store
2026-08-23,ORD-105198,SKU-FRO-0238,2,La Lucha Restaurant
2026-08-23,ORD-105198,SKU-PET-0318,17,Lucero Minimarket
23/08/2026,ORD-105198,SKU-DAI-0303,3,Lince Vet Center
2026-08-23,ORD-105200,SKU-FRO-0196,14,Andean Group Offices
23-Aug-26,ORD-105201,SKU-DAI-0072,1,Andean Group Offices
23/08/2026,ORD-105201,SKU-PET-0087,6,La Lucha Restaurant
2026-08-23,ORD-105202,SKU-FRO-0136,6,La Lucha Restaurant
2026-08-23,ORD-105202, SKU-DAI-0184,14,San Martin Corner Store
23-Aug-26,ORD-105203,SKU-GAR-0039,7,Andean Group Offices
23/08/2026,ORD-105203,SKU-TOO-0049,9,Andean Group Offices
23/08/2026,ORD-105205,SKU-TOO-0216,16,Delta Construction
23-Aug-26,ORD-105205,SKU-FRO-0132,14,Delta Construction
23/08/2026,ORD-105206,SKU-BEA-0144,2,Inkafarma Comas Pharmacy
2026-08-23,ORD-105206,SKU-FRO-0213,15,Lucero Minimarket
2026-08-23,ORD-105206,SKU-CLE-0018,13,El Tornillo Hardware
23-Aug-26,ORD-105207,SKU-FRO-0296,8,Wong North Supermarkets
23-Aug-26,ORD-105207,SKU-FRO-0014,4,Happy Pet Store
2026-08-23,ORD-105208,SKU-FRO-0272,27,Happy Pet Store
2026-08-23,ORD-105209,SKU-DAI-0070,11,Inkafarma Comas Pharmacy
23/08/2026,ORD-105209,SKU-PET-0017,5,El Tornillo Hardware
23-Aug-26,ORD-105209,SKU-SNA-0171,2,Happy Pet Store
2026-08-23,ORD-105210,SKU-FRO-0203,11,Andean Group Offices
23-Aug-26,ORD-105213,SKU-FRO-0114,17,Delta Construction
23/08/2026,ORD-105213,sku-pet-0076,12,Lince Vet Center
2026-08-23,ORD-105213,SKU-SNA-0030,9,Andean Group Offices
23-Aug-26,ORD-105214,SKU-FRO-0288,4,La Lucha Restaurant
23/08/2026,ORD-105214,SKU-OFF-0007,8,Inkafarma Comas Pharmacy
23/08/2026,ORD-105215,SKU-FRO-0213,17,El Tornillo Hardware
23/08/2026,ORD-105216,SKU-HOM-0262,13,Delta Construction
23/08/2026,ORD-105217,SKU-TOO-0200,21,Happy Pet Store
2026-08-23,ORD-105218,SKU-DAI-0070,2,Lince Vet Center
23-Aug-26,ORD-105218,SKU-FRO-0196,4,Lucero Minimarket
23-Aug-26,ORD-105218,SKU-DAI-0072,9,San Martin Corner Store
23-Aug-26,ORD-105219,SKU-FRO-0238,1,Wong North Supermarkets
2026-08-23,ORD-105219,SKU-GAR-0157,25,El Tornillo Hardware
23/08/2026,ORD-105219,SKU-PET-0270,9,San Martin Corner Store
23/08/2026,ORD-105220,SKU-TOO-0122,10,Wong North Supermarkets
2026-08-23,ORD-105220,sku-dai-0070,14,Lucero Minimarket
23/08/2026,ORD-105220,SKU-FRO-0238,8,Lince Vet Center
23/08/2026,ORD-105221,SKU-TOO-0295,1,La Lucha Restaurant
2026-08-23,ORD-105221,SKU-GAR-0021,8,Lince Vet Center
23-Aug-26,ORD-105222,SKU-TOO-0210,12,Lince Vet Center
23/08/2026,ORD-105222,SKU-BEV-0202,6,Happy Pet Store
23-Aug-26,ORD-105223,SKU-HOM-0089,4,El Tornillo Hardware
2026-08-23,ORD-105224,SKU-DAI-0070,10,La Lucha Restaurant
23/08/2026,ORD-105225,SKU-DAI-0123,5,El Tornillo Hardware
2026-08-23,ORD-105225,SKU-SNA-0315,8,Wong North Supermarkets
2026-08-23,ORD-105226,SKU-TOO-0080,4,Wong North Supermarkets
23-Aug-26,ORD-105227,SKU-FRO-0238,11,Lucero Minimarket
23/08/2026,ORD-105227,SKU-DAI-0082,1,El Tornillo Hardware
2026-08-23,ORD-105228,SKU-GAR-0113,3,Lince Vet Center
23-Aug-26,ORD-105228,sku-too-0049,9,Inkafarma Comas Pharmacy
23/08/2026,ORD-105229,SKU-FRO-0267,7,Lince Vet Center
23-Aug-26,ORD-105229,SKU-GAR-0113,6,El Tornillo Hardware
23-Aug-26,ORD-105229,SKU-OFF-0007,4,Inkafarma Comas Pharmacy
2026-08-23,ORD-105230,SKU-HOM-0112,13,Delta Construction
2026-08-23,ORD-105230,sku-dai-0082,1,Lucero Minimarket
23-Aug-26,ORD-105230,SKU-FRO-0090,27,Lucero Minimarket
2026-08-23,ORD-105231,SKU-BEA-0177,6,Inkafarma Comas Pharmacy
23-Aug-26,ORD-105231,SKU-HOM-0127,5,Inkafarma Comas Pharmacy
23-Aug-26,ORD-105232,SKU-DAI-0313,3,Andean Group Offices
2026-08-23,ORD-105232,SKU-CLE-0108,6,San Martin Corner Store
2026-08-23,ORD-105233,SKU-OFF-0228,4,Happy Pet Store
23-Aug-26,ORD-105233,SKU-CLE-0240,22,El Tornillo Hardware
2026-08-23,ORD-105234,SKU-FRO-0085,4,Andean Group Offices
2026-08-23,ORD-105234,SKU-FRO-0278,12,Inkafarma Comas Pharmacy
2026-08-23,ORD-105234,SKU-BEV-0176,8,Delta Construction
2026-08-23,ORD-105235,SKU-BEV-0037,5,Lince Vet Center
2026-08-23,ORD-105235,SKU-FRO-0220,7,Happy Pet Store
2026-08-23,ORD-105235,SKU-OFF-0074,24,San Martin Corner Store
23-Aug-26,ORD-105236,SKU-PET-0102,1,Wong North Supermarkets
23-Aug-26,ORD-105237,SKU-DAI-0313,3,La Lucha Restaurant
23/08/2026,ORD-105238,SKU-BEA-0073,18,Inkafarma Comas Pharmacy
2026-08-23,ORD-105238,SKU-TOO-0026,3,Delta Construction
23-Aug-26,ORD-105239,SKU-BEA-0308,2,Wong North Supermarkets
23/08/2026,ORD-105239,SKU-BEA-0096,8,San Martin Corner Store
23/08/2026,ORD-105239,SKU-DAI-0123,4,Happy Pet Store
23/08/2026,ORD-105240,SKU-HOM-0289,8,Inkafarma Comas Pharmacy
23/08/2026,ORD-105241,SKU-FRO-0296,10,El Tornillo Hardware
23/08/2026,ORD-105241,SKU-GAR-0039,5,San Martin Corner Store
2026-08-23,ORD-105241,SKU-HAR-0309,14,Andean Group Offices
23-Aug-26,ORD-105242,SKU-OFF-0228,12,Lince Vet Center
23-Aug-26,ORD-105242,SKU-TOO-0216,3,Andean Group Offices
2026-08-23,ORD-105243,SKU-CLE-0263,3,Lucero Minimarket
2026-08-23,ORD-105243,SKU-BEV-0311,21,San Martin Corner Store
2026-08-23,ORD-105244,SKU-GAR-0157,20,Wong North Supermarkets
2026-08-23,ORD-105244,sku-hom-0316,10,Wong North Supermarkets
23/08/2026,ORD-105245,SKU-TOO-0069,7,Andean Group Offices
23/08/2026,ORD-105245,SKU-OFF-0074,9,Wong North Supermarkets
2026-08-23,ORD-105246,SKU-TOO-0067,2,Inkafarma Comas Pharmacy
23/08/2026,ORD-105246,SKU DAI 0169,16,San Martin Corner Store
23/08/2026,ORD-105247,SKU-OFF-0007,7,La Lucha Restaurant
2026-08-23,ORD-105248,SKU-FRO-0196,13,Happy Pet Store
23/08/2026,ORD-105248,SKU-HOM-0112,2,El Tornillo Hardware
23-Aug-26,ORD-105249,SKU-CLE-0041,9,San Martin Corner Store
2026-08-23,ORD-105249,SKU-FRO-0246,1,Andean Group Offices
23-Aug-26,ORD-105250,SKU-DAI-0184,14,Delta Construction
23-Aug-26,ORD-105250,SKU-FRO-0288,2,Andean Group Offices
23/08/2026,ORD-105251,SKU-BEA-0126,3,Inkafarma Comas Pharmacy
23/08/2026,ORD-105252,SKU-BEV-0176,9,Happy Pet Store
23/08/2026,ORD-105253,SKU-HOM-0166,3,San Martin Corner Store
2026-08-23,ORD-105253,SKU-HOM-0286,1,Andean Group Offices
2026-08-23,ORD-105254,SKU-HOM-0262,12,San Martin Corner Store
2026-08-23,ORD-105255,SKU-TOO-0091,13,Happy Pet Store
23-Aug-26,ORD-105255,SKU-GAR-0157,7,Wong North Supermarkets
23-Aug-26,ORD-105256,SKU-BEV-0180,16,Andean Group Offices
2026-08-23,ORD-105256,SKU-OFF-0284,21,Wong North Supermarkets
23/08/2026,ORD-105257,SKU-PET-0031,2,Delta Construction
2026-08-23,ORD-105258,SKU-SNA-0223,8,La Lucha Restaurant
23/08/2026,ORD-105258,SKU-DAI-0070,14,Lince Vet Center
2026-08-23,ORD-105259,SKU-TOO-0131,14,Andean Group Offices
2026-08-23,ORD-105260,SKU-DAI-0082,10,La Lucha Restaurant
23-Aug-26,ORD-105260,SKU-CLE-0108,9,Delta Construction
23/08/2026,ORD-105262,SKU-DAI-0082,4,Delta Construction
23/08/2026,ORD-105262,SKU-BEA-0191,10,Delta Construction
23/08/2026,ORD-105263,SKU-FRO-0136,3,Lucero Minimarket
23/08/2026,ORD-105264,SKU-HAR-0237,16,Delta Construction
2026-08-23,ORD-105264,SKU-FRO-0238,10,Andean Group Offices
2026-08-23,ORD-105265,SKU-GAR-0113,10,San Martin Corner Store
23/08/2026,ORD-105265,SKU-PET-0099,12,Lucero Minimarket
2026-08-23,ORD-105266,SKU-FRO-0213,7,Inkafarma Comas Pharmacy
23/08/2026,ORD-105266,SKU-BEA-0119,27,Lucero Minimarket
23/08/2026,ORD-105268,SKU-HOM-0112,11,Lince Vet Center
23-Aug-26,ORD-105268,SKU-FRO-0296,12,Lince Vet Center
2026-08-23,ORD-105268,SKU-SNA-0100,13,Delta Construction
23-Aug-26,ORD-105269,SKU-BEA-0168,5,Lucero Minimarket
2026-08-23,ORD-105269,SKU-HOM-0020,5,La Lucha Restaurant
23/08/2026,ORD-105269, SKU-HAR-0266,18,El Tornillo Hardware
2026-08-23,ORD-105270,SKU-SNA-0292,12,Lince Vet Center
2026-08-23,ORD-105271,SKU-DAI-0184,11,Happy Pet Store
2026-08-23,ORD-105271,SKU-OFF-0284,3,Lince Vet Center
2026-08-23,ORD-105272,SKU-DAI-0070,4,Inkafarma Comas Pharmacy
23/08/2026,ORD-105272,SKU-PET-0102,7,Andean Group Offices
2026-08-23,ORD-105272,SKU-BEA-0310,17,Happy Pet Store
23-Aug-26,ORD-105274,SKU-SNA-0223,5,Lucero Minimarket
23/08/2026,ORD-105274,SKU-HAR-0254,10,El Tornillo Hardware
23-Aug-26,ORD-105275,SKU-PET-0318,17,Delta Construction
2026-08-23,ORD-105275, SKU-DAI-0072,15,Lucero Minimarket
23-Aug-26,ORD-105275,SKU-HOM-0112,7,San Martin Corner Store
2026-08-23,ORD-105276,SKU-CLE-0263,10,Lucero Minimarket
2026-08-23,ORD-105276,SKU-PET-0087,3,Delta Construction
24-Aug-26,ORD-105276,SKU-BEV-0150,10,Wong North Supermarkets
2026-08-24,ORD-105277,SKU-FRO-0296,4,Delta Construction
24/08/2026,ORD-105277,SKU-BEA-0126,2,Wong North Supermarkets
2026-08-24,ORD-105278,SKU-FRO-0272,13,Lucero Minimarket
24/08/2026,ORD-105278,SKU-DAI-0313,4,Inkafarma Comas Pharmacy
24-Aug-26,ORD-105280,SKU-FRO-0196,13,Lucero Minimarket
2026-08-24,ORD-105281,SKU DAI 0070,6,Delta Construction
2026-08-24,ORD-105281,SKU-FRO-0288,1,El Tornillo Hardware
2026-08-24,ORD-105281,SKU-BEV-0084,10,El Tornillo Hardware
24/08/2026,ORD-105282,SKU-OFF-0283,4,El Tornillo Hardware
2026-08-24,ORD-105282,SKU-FRO-0238,5,Andean Group Offices
2026-08-24,ORD-105283,SKU-DAI-0072,13,Lince Vet Center
24-Aug-26,ORD-105283,SKU-CLE-0248,5,San Martin Corner Store
2026-08-24,ORD-105283,SKU-FRO-0179,5,La Lucha Restaurant
2026-08-24,ORD-105284,SKU-CLE-0018,23,Happy Pet Store
24/08/2026,ORD-105284,SKU-PET-0040,17,El Tornillo Hardware
2026-08-24,ORD-105284,SKU-BEA-0062,1,Delta Construction
24-Aug-26,ORD-105285,SKU-BEA-0168,16,Lince Vet Center
24-Aug-26,ORD-105285,SKU-HOM-0089,9,Lince Vet Center
24/08/2026,ORD-105286,SKU-BEA-0177,5,Inkafarma Comas Pharmacy
2026-08-24,ORD-105286,SKU-HOM-0065,7,Andean Group Offices
2026-08-24,ORD-105287,SKU-CLE-0240,18,Delta Construction
24/08/2026,ORD-105287,SKU-HOM-0065,2,El Tornillo Hardware
2026-08-24,ORD-105288,SKU-HOM-0289,8,Lucero Minimarket
24-Aug-26,ORD-105288,SKU-BEV-0118,6,El Tornillo Hardware
2026-08-24,ORD-105289,SKU-PET-0227,6,El Tornillo Hardware
24-Aug-26,ORD-105289,SKU-HOM-0208,9,Lince Vet Center
24/08/2026,ORD-105289,SKU-FRO-0196,16,Lucero Minimarket
24/08/2026,ORD-105290,SKU-FRO-0109,10,Wong North Supermarkets
24-Aug-26,ORD-105291,SKU-PET-0087,3,San Martin Corner Store
2026-08-24,ORD-105292,SKU-FRO-0246,3,Lucero Minimarket
2026-08-24,ORD-105292,SKU-BEV-0311,12,El Tornillo Hardware
24-Aug-26,ORD-105293,SKU-GAR-0113,12,Inkafarma Comas Pharmacy
2026-08-24,ORD-105294,SKU-HOM-0253,10,El Tornillo Hardware
2026-08-24,ORD-105294,SKU-OFF-0283,18,Delta Construction
2026-08-24,ORD-105295,SKU-DAI-0303,3,Wong North Supermarkets
24-Aug-26,ORD-105295,SKU-FRO-0085,14,Delta Construction
2026-08-24,ORD-105295,SKU-DAI-0123,3,El Tornillo Hardware
24-Aug-26,ORD-105296,SKU-FRO-0090,17,Inkafarma Comas Pharmacy
2026-08-24,ORD-105297,SKU-HOM-0316,2,Inkafarma Comas Pharmacy
24-Aug-26,ORD-105297,SKU-FRO-0136,6,San Martin Corner Store
2026-08-24,ORD-105298,SKU-OFF-0010,4,San Martin Corner Store
2026-08-24,ORD-105298,SKU-SNA-0057,17,Lucero Minimarket
24-Aug-26,ORD-105299,SKU-HOM-0204,2,Inkafarma Comas Pharmacy
24/08/2026,ORD-105299,sku-fro-0114,19,Happy Pet Store
2026-08-24,ORD-105300,SKU-DAI-0184,5,El Tornillo Hardware
24-Aug-26,ORD-105300,SKU-DAI-0184,8,Inkafarma Comas Pharmacy
24/08/2026,ORD-105300,SKU-CLE-0209,1,La Lucha Restaurant
2026-08-24,ORD-105301,SKU-TOO-0080,2,Wong North Supermarkets
2026-08-24,ORD-105301,SKU-OFF-0043,7,San Martin Corner Store
24/08/2026,ORD-105302,SKU-DAI-0303,2,Lucero Minimarket
24-Aug-26,ORD-105302, SKU-TOO-0049,4,Lucero Minimarket
2026-08-24,ORD-105302,SKU-GAR-0021,8,Inkafarma Comas Pharmacy
24-Aug-26,ORD-105303,SKU-BEV-0037,6,Inkafarma Comas Pharmacy
24-Aug-26,ORD-105303,SKU-DAI-0184,12,El Tornillo Hardware
2026-08-24,ORD-105304,SKU-OFF-0284,10,Happy Pet Store
24/08/2026,ORD-105304,SKU-OFF-0284,15,Andean Group Offices
24/08/2026,ORD-105305,SKU-HOM-0089,8,Lince Vet Center
24-Aug-26,ORD-105305,SKU-BEA-0126,2,Wong North Supermarkets
2026-08-24,ORD-105306,SKU-BEA-0062,1,Delta Construction
2026-08-24,ORD-105306,SKU-OFF-0007,2,Lucero Minimarket
24-Aug-26,ORD-105307,SKU-PET-0087,5,La Lucha Restaurant
24/08/2026,ORD-105308,SKU-CLE-0248,7,Andean Group Offices
24/08/2026,ORD-105309,SKU-HOM-0286,6,Lucero Minimarket
24-Aug-26,ORD-105309,SKU-GAR-0120,2,San Martin Corner Store
2026-08-24,ORD-105310,SKU-DAI-0072,14,El Tornillo Hardware
24-Aug-26,ORD-105310,SKU-BEV-0202,6,San Martin Corner Store
24-Aug-26,ORD-105311,SKU-PET-0173,7,La Lucha Restaurant
24/08/2026,ORD-105312,SKU-PET-0027,1,El Tornillo Hardware
2026-08-24,ORD-105312,SKU-TOO-0210,12,Lucero Minimarket
24/08/2026,ORD-105313,SKU-HOM-0316,4,Wong North Supermarkets
24-Aug-26,ORD-105313,SKU-FRO-0272,17,Andean Group Offices
24-Aug-26,ORD-105314,SKU-CLE-0209,5,El Tornillo Hardware
24/08/2026,ORD-105315,SKU-HAR-0266,12,La Lucha Restaurant
2026-08-24,ORD-105316,SKU-HOM-0020,5,San Martin Corner Store
24-Aug-26,ORD-105316,SKU-BEA-0264,2,Lucero Minimarket
24-Aug-26,ORD-105316,SKU-DAI-0303,2,Lince Vet Center
2026-08-24,ORD-105317,SKU-OFF-0259,29,Wong North Supermarkets
24-Aug-26,ORD-105317,SKU-DAI-0313,13,San Martin Corner Store
2026-08-24,ORD-105318,SKU-HOM-0020,2,Delta Construction
24/08/2026,ORD-105319,SKU-BEA-0151,2,San Martin Corner Store
24-Aug-26,ORD-105320,SKU-BEA-0142,6,San Martin Corner Store
24/08/2026,ORD-105321,SKU-OFF-0140,12,Andean Group Offices
24-Aug-26,ORD-105321,SKU-GAR-0078,2,Andean Group Offices
24-Aug-26,ORD-105322,SKU-CLE-0061,20,Andean Group Offices
2026-08-24,ORD-105322,SKU-BEV-0180,17,Lucero Minimarket
24/08/2026,ORD-105324,SKU-BEA-0045,19,Inkafarma Comas Pharmacy
2026-08-24,ORD-105324,SKU-FRO-0090,17,La Lucha Restaurant
2026-08-24,ORD-105324,SKU-FRO-0136,5,Lucero Minimarket
24-Aug-26,ORD-105325,SKU-FRO-0246,2,Happy Pet Store
24-Aug-26,ORD-105326,SKU-DAI-0169,6,San Martin Corner Store
2026-08-24,ORD-105327,SKU-FRO-0014,3,Andean Group Offices
2026-08-24,ORD-105327,SKU-TOO-0210,13,Lucero Minimarket
24/08/2026,ORD-105328,SKU-SNA-0051,1,Happy Pet Store
2026-08-24,ORD-105328,SKU-FRO-0261,4,Inkafarma Comas Pharmacy
2026-08-24,ORD-105329,SKU-PET-0106,4,El Tornillo Hardware
2026-08-24,ORD-105330,SKU-DAI-0184,12,La Lucha Restaurant
24/08/2026,ORD-105330,SKU-BEV-0219,7,Lucero Minimarket
24-Aug-26,ORD-105332,SKU-GAR-0287,4,La Lucha Restaurant
2026-08-24,ORD-105332,SKU-OFF-0284,14,La Lucha Restaurant
24-Aug-26,ORD-105333,SKU-HAR-0237,6,Inkafarma Comas Pharmacy
24/08/2026,ORD-105333,SKU-PET-0270,5,Inkafarma Comas Pharmacy
2026-08-24,ORD-105333,SKU-DAI-0070,2,Lucero Minimarket
24-Aug-26,ORD-105334,SKU-FRO-0114,12,San Martin Corner Store
24/08/2026,ORD-105335,SKU-GAR-0113,20,Lucero Minimarket
2026-08-24,ORD-105336,SKU-FRO-0090,12,Inkafarma Comas Pharmacy
2026-08-24,ORD-105336,SKU-DAI-0070,14,Happy Pet Store
24/08/2026,ORD-105336,SKU-FRO-0179,9,San Martin Corner Store
24-Aug-26,ORD-105337,SKU-FRO-0296,20,Happy Pet Store
2026-08-24,ORD-105337,SKU-FRO-0136,5,Happy Pet Store
24/08/2026,ORD-105337,SKU-FRO-0014,9,Delta Construction
24/08/2026,ORD-105338,SKU-BEA-0312,8,Inkafarma Comas Pharmacy
24/08/2026,ORD-105338,SKU-DAI-0072,12,Wong North Supermarkets
24-Aug-26,ORD-105338,SKU-FRO-0196,16,Happy Pet Store
24/08/2026,ORD-105340,SKU-BEV-0311,16,La Lucha Restaurant
24/08/2026,ORD-105340,SKU-DAI-0070,8,Andean Group Offices
24/08/2026,ORD-105342,SKU-DAI-0169,6,Delta Construction
24-Aug-26,ORD-105342,SKU-TOO-0131,3,La Lucha Restaurant
24/08/2026,ORD-105342,SKU-DAI-0303,4,La Lucha Restaurant
24/08/2026,ORD-105343,SKU-GAR-0250,6,Andean Group Offices
24-Aug-26,ORD-105344,SKU-CLE-0282,4,Lince Vet Center
24/08/2026,ORD-105344,SKU-SNA-0188,9,Wong North Supermarkets
24/08/2026,ORD-105345,SKU-BEA-0163,5,Lucero Minimarket
2026-08-24,ORD-105345,SKU-PET-0017,4,La Lucha Restaurant
24/08/2026,ORD-105346,SKU-PET-0102,5,Wong North Supermarkets
24/08/2026,ORD-105346,SKU-TOO-0221,5,Lince Vet Center
24-Aug-26,ORD-105346,SKU-TOO-0091,11,Inkafarma Comas Pharmacy
24/08/2026,ORD-105347,SKU-GAR-0120,4,Lucero Minimarket
24/08/2026,ORD-105347,SKU-FRO-0272,22,Inkafarma Comas Pharmacy
24/08/2026,ORD-105348,SKU-HOM-0015,22,Wong North Supermarkets
24-Aug-26,ORD-105348,SKU-BEA-0191,4,Happy Pet Store
24-Aug-26,ORD-105349,SKU-BEA-0062,10,Happy Pet Store
24/08/2026,ORD-105349,SKU-HAR-0285,25,Lucero Minimarket
24-Aug-26,ORD-105350,SKU-PET-0304,14,La Lucha Restaurant
24/08/2026,ORD-105351,SKU-DAI-0072,6,El Tornillo Hardware
24-Aug-26,ORD-105352,SKU-BEV-0174,3,Happy Pet Store
24-Aug-26,ORD-105352,SKU-OFF-0010,5,Wong North Supermarkets
24/08/2026,ORD-105353,SKU-FRO-0278,3,Lince Vet Center
24/08/2026,ORD-105353,SKU-BEA-0148,1,Inkafarma Comas Pharmacy
24-Aug-26,ORD-105354,SKU-FRO-0203,3,Lucero Minimarket
24-Aug-26,ORD-105355,SKU-GAR-0153,3,Andean Group Offices
24/08/2026,ORD-105356,SKU-FRO-0090,24,Inkafarma Comas Pharmacy
2026-08-24,ORD-105357,SKU-HOM-0112,12,Inkafarma Comas Pharmacy
24/08/2026,ORD-105357,SKU-OFF-0225,4,Lucero Minimarket
24-Aug-26,ORD-105358,SKU-BEA-0151,7,La Lucha Restaurant
24-Aug-26,ORD-105359,SKU-FRO-0213,16,Wong North Supermarkets
2026-08-24,ORD-105359,SKU-DAI-0169,7,San Martin Corner Store
24-Aug-26,ORD-105360,SKU-TOO-0049,3,Delta Construction
24/08/2026,ORD-105360,SKU-PET-0087,1,Wong North Supermarkets
24-Aug-26,ORD-105361,SKU-OFF-0228,4,Delta Construction
2026-08-24,ORD-105361,SKU-GAR-0157,27,Andean Group Offices
24-Aug-26,ORD-105362,SKU-BEA-0144,3,Lucero Minimarket
24-Aug-26,ORD-105363,SKU-PET-0017,5,Delta Construction
2026-08-24,ORD-105363,SKU-DAI-0184,17,Delta Construction
2026-08-24,ORD-105364,SKU-OFF-0284,2,Lince Vet Center
24/08/2026,ORD-105364,SKU-PET-0040,14,Inkafarma Comas Pharmacy
24-Aug-26,ORD-105365,SKU-HOM-0015,2,Andean Group Offices
24-Aug-26,ORD-105365,SKU-CLE-0018,23,El Tornillo Hardware
24/08/2026,ORD-105366,SKU-CLE-0108,12,Lucero Minimarket
24/08/2026,ORD-105366,SKU-HOM-0089,1,Lince Vet Center
2026-08-24,ORD-105367,SKU-OFF-0283,15,Delta Construction
24/08/2026,ORD-105367,SKU-DAI-0169,5,Andean Group Offices
24-Aug-26,ORD-105368,SKU-PET-0155,16,Lucero Minimarket
2026-08-24,ORD-105368,SKU-CLE-0061,27,Happy Pet Store
24/08/2026,ORD-105368,SKU-BEA-0034,9,Inkafarma Comas Pharmacy
2026-08-24,ORD-105369,SKU-HOM-0208,6,Lucero Minimarket
2026-08-24,ORD-105369,SKU-DAI-0003,9,El Tornillo Hardware
24-Aug-26,ORD-105369,SKU-OFF-0060,23,El Tornillo Hardware
2026-08-24,ORD-105370,SKU-FRO-0278,12,La Lucha Restaurant
24/08/2026,ORD-105370,SKU-GAR-0116,27,Lucero Minimarket
2026-08-24,ORD-105371,SKU-CLE-0276,1,Lucero Minimarket
24-Aug-26,ORD-105371,SKU-FRO-0179,3,Wong North Supermarkets
24-Aug-26,ORD-105371,SKU-GAR-0111,1,Andean Group Offices
24/08/2026,ORD-105372,SKU-TOO-0295,9,El Tornillo Hardware
24/08/2026,ORD-105374,SKU-HAR-0237,9,La Lucha Restaurant
24/08/2026,ORD-105374,SKU-CLE-0041,10,Wong North Supermarkets
2026-08-24,ORD-105375,SKU-BEV-0311,25,San Martin Corner Store
24-Aug-26,ORD-105375,SKU-CLE-0248,1,Lucero Minimarket
2026-08-24,ORD-105376,SKU-DAI-0082,5,Happy Pet Store
2026-08-24,ORD-105376,SKU-BEV-0301,6,Lince Vet Center
24/08/2026,ORD-105377,SKU-FRO-0220,2,El Tornillo Hardware
24-Aug-26,ORD-105379,SKU-TOO-0210,13,La Lucha Restaurant
24/08/2026,ORD-105379,SKU-FRO-0288,4,El Tornillo Hardware
24/08/2026,ORD-105379,SKU-PET-0217,13,Inkafarma Comas Pharmacy
2026-08-24,ORD-105380,SKU-HOM-0166,1,El Tornillo Hardware
24-Aug-26,ORD-105380,SKU-FRO-0085,9,El Tornillo Hardware
2026-08-24,ORD-105381,SKU-DAI-0123,4,Happy Pet Store
24/08/2026,ORD-105381,SKU-DAI-0070,8,La Lucha Restaurant
24/08/2026,ORD-105381,SKU-FRO-0246,4,Lucero Minimarket
24-Aug-26,ORD-105382,SKU-DAI-0313,21,Inkafarma Comas Pharmacy
24-Aug-26,ORD-105382,SKU-OFF-0249,5,Andean Group Offices
24-Aug-26,ORD-105383,SKU-DAI-0184,7,La Lucha Restaurant
24-Aug-26,ORD-105383,SKU-PET-0173,6,San Martin Corner Store
24/08/2026,ORD-105384,SKU-CLE-0061,8,Lince Vet Center
2026-08-24,ORD-105385,SKU-OFF-0228,15,Wong North Supermarkets
24/08/2026,ORD-105386,SKU-BEA-0177,4,La Lucha Restaurant
24-Aug-26,ORD-105386,SKU-OFF-0007,3,Wong North Supermarkets
24/08/2026,ORD-105386,SKU-FRO-0278,12,Andean Group Offices
24/08/2026,ORD-105387,SKU-BEA-0019,8,San Martin Corner Store
24-Aug-26,ORD-105387,SKU-FRO-0196,15,Lince Vet Center
2026-08-24,ORD-105387,SKU-TOO-0216,24,Lucero Minimarket
2026-08-24,ORD-105388,SKU-FRO-0090,25,El Tornillo Hardware
24/08/2026,ORD-105389,SKU-BEA-0148,1,Lince Vet Center
24-Aug-26,ORD-105389,SKU-TOO-0080,1,Lucero Minimarket
24-Aug-26,ORD-105390,SKU-FRO-0203,4,Andean Group Offices
24/08/2026,ORD-105391,SKU-TOO-0069,11,El Tornillo Hardware
24-Aug-26,ORD-105392,SKU-PET-0155,14,Inkafarma Comas Pharmacy
2026-08-24,ORD-105392,SKU-OFF-0249,6,El Tornillo Hardware
24-Aug-26,ORD-105392,SKU-FRO-0179,6,Lince Vet Center
24/08/2026,ORD-105393,SKU-BEA-0045,12,Wong North Supermarkets
2026-08-24,ORD-105393,SKU-DAI-0003,16,Lince Vet Center
24-Aug-26,ORD-105394,SKU-DAI-0003,13,Inkafarma Comas Pharmacy
24/08/2026,ORD-105394,SKU-PET-0318,5,Inkafarma Comas Pharmacy
2026-08-24,ORD-105394,SKU-FRO-0220,6,Lucero Minimarket
24/08/2026,ORD-105395,SKU-CLE-0139,16,Delta Construction
2026-08-24,ORD-105396,SKU-BEA-0215,13,Lucero Minimarket
24-Aug-26,ORD-105396,SKU FRO 0196,7,Wong North Supermarkets
24-Aug-26,ORD-105396,SKU-BEA-0310,14,Andean Group Offices
24-Aug-26,ORD-105397,SKU-FRO-0114,1,La Lucha Restaurant
24-Aug-26,ORD-105397,SKU-PET-0318,10,Delta Construction
2026-08-24,ORD-105398,SKU-PET-0087,6,Lince Vet Center
24/08/2026,ORD-105399,SKU-HOM-0253,13,Lucero Minimarket
24-Aug-26,ORD-105400,SKU-CLE-0041,14,Andean Group Offices
24-Aug-26,ORD-105400,SKU-DAI-0082,6,Wong North Supermarkets
2026-08-24,ORD-105400,SKU-TOO-0080,3,Lucero Minimarket
2026-08-24,ORD-105401,SKU-PET-0040,8,Wong North Supermarkets
24/08/2026,ORD-105402,SKU-BEV-0192,8,Lucero Minimarket
2026-08-24,ORD-105403,SKU-DAI-0313,3,Delta Construction
24-Aug-26,ORD-105404,SKU-BEV-0150,9,San Martin Corner Store
24-Aug-26,ORD-105404,SKU-TOO-0221,6,El Tornillo Hardware
24-Aug-26,ORD-105404,SKU FRO 0278,4,Happy Pet Store
24/08/2026,ORD-105405,SKU-SNA-0199,13,Lince Vet Center
24/08/2026,ORD-105405,SKU-SNA-0292,10,Wong North Supermarkets
24-Aug-26,ORD-105406,SKU-CLE-0240,19,Lince Vet Center
24/08/2026,ORD-105406,SKU-PET-0173,10,Lince Vet Center
2026-08-24,ORD-105406,SKU-BEV-0174,4,Inkafarma Comas Pharmacy
2026-08-24,ORD-105407,SKU-CLE-0061,2,Lince Vet Center
24-Aug-26,ORD-105407,SKU-BEV-0242,19,Happy Pet Store
24-Aug-26,ORD-105408,SKU-FRO-0136,1,Happy Pet Store
2026-08-24,ORD-105409,SKU-DAI-0054,8,Delta Construction
2026-08-24,ORD-105409,SKU-TOO-0080,2,Happy Pet Store
2026-08-24,ORD-105410,SKU-DAI-0054,10,Delta Construction
24-Aug-26,ORD-105411,SKU-FRO-0179,4,La Lucha Restaurant
2026-08-24,ORD-105411,SKU-BEV-0084,14,Andean Group Offices
2026-08-24,ORD-105412,SKU-DAI-0054,4,Happy Pet Store
24-Aug-26,ORD-105412,SKU-FRO-0238,6,Lucero Minimarket
2026-08-24,ORD-105413,SKU-TOO-0067,4,Andean Group Offices
24/08/2026,ORD-105413,SKU-FRO-0278,4,Delta Construction
24-Aug-26,ORD-105413,SKU-GAR-0287,2,Delta Construction
24-Aug-26,ORD-105414,SKU DAI 0164,6,La Lucha Restaurant
24-Aug-26,ORD-105414,SKU-FRO-0114,13,Andean Group Offices
24-Aug-26,ORD-105415,SKU-OFF-0284,24,Wong North Supermarkets
24-Aug-26,ORD-105415,SKU-TOO-0279,1,La Lucha Restaurant
24/08/2026,ORD-105415,SKU-PET-0040,22,Andean Group Offices
24/08/2026,ORD-105416,SKU-BEA-0142,8,Andean Group Offices
2026-08-24,ORD-105416,SKU-FRO-0090,10,Delta Construction
24-Aug-26,ORD-105417,SKU-BEV-0242,25,El Tornillo Hardware
24/08/2026,ORD-105417,sku-dai-0169,14,Delta Construction
24/08/2026,ORD-105418,SKU GAR 0195,10,Happy Pet Store
24-Aug-26,ORD-105419,SKU-CLE-0018,23,Wong North Supermarkets
24-Aug-26,ORD-105420,SKU-OFF-0249,2,Inkafarma Comas Pharmacy
24/08/2026,ORD-105421,SKU-HOM-0208,17,Wong North Supermarkets
2026-08-24,ORD-105421,SKU-FRO-0196,9,El Tornillo Hardware
24-Aug-26,ORD-105422,SKU-DAI-0303,3,Lince Vet Center
2026-08-24,ORD-105423,SKU-PET-0024,18,La Lucha Restaurant
24-Aug-26,ORD-105423,SKU-OFF-0283,9,San Martin Corner Store
2026-08-24,ORD-105424,SKU-BEA-0168,7,Happy Pet Store
2026-08-24,ORD-105424,SKU-GAR-0039,4,El Tornillo Hardware
2026-08-24,ORD-105424, SKU-TOO-0221,2,Lince Vet Center
2026-08-24,ORD-105426,SKU-HOM-0015,3,Andean Group Offices
2026-08-24,ORD-105426,SKU-TOO-0026,8,Happy Pet Store
24/08/2026,ORD-105426,SKU-SNA-0199,2,Lince Vet Center
24/08/2026,ORD-105427,SKU-FRO-0179,7,Inkafarma Comas Pharmacy
2026-08-24,ORD-105427,SKU-OFF-0257,3,La Lucha Restaurant
24/08/2026,ORD-105427,SKU-FRO-0109,3,Lucero Minimarket
24-Aug-26,ORD-105428,SKU-HAR-0285,21,Inkafarma Comas Pharmacy
2026-08-24,ORD-105428,SKU-HOM-0127,11,Lince Vet Center
2026-08-24,ORD-105429,SKU-BEV-0174,4,Delta Construction
24-Aug-26,ORD-105430,SKU-OFF-0236,11,Delta Construction
2026-08-24,ORD-105430,SKU-DAI-0072,16,Lucero Minimarket
24/08/2026,ORD-105430,SKU-DAI-0054,4,Lince Vet Center
2026-08-24,ORD-105431,SKU-HOM-0316,4,Wong North Supermarkets
2026-08-24,ORD-105432,SKU-BEV-0242,26,Lucero Minimarket
24/08/2026,ORD-105432,SKU-GAR-0157,5,Wong North Supermarkets
2026-08-24,ORD-105433,SKU-BEV-0174,2,La Lucha Restaurant
2026-08-24,ORD-105433,SKU-DAI-0164,1,La Lucha Restaurant
24/08/2026,ORD-105434,SKU-OFF-0236,12,Lucero Minimarket
2026-08-24,ORD-105435,SKU-BEV-0176,7,Lucero Minimarket
24-Aug-26,ORD-105435,SKU-BEA-0062,9,San Martin Corner Store
2026-08-24,ORD-105436,SKU-CLE-0282,2,Delta Construction
24/08/2026,ORD-105436,SKU-BEV-0180,1,Inkafarma Comas Pharmacy
24-Aug-26,ORD-105438,SKU-BEA-0191,7,La Lucha Restaurant
2026-08-24,ORD-105438,SKU-PET-0217,10,Andean Group Offices
2026-08-24,ORD-105439,SKU-FRO-0272,11,Andean Group Offices
24-Aug-26,ORD-105440,SKU-OFF-0140,2,Andean Group Offices
2026-08-24,ORD-105441,SKU-OFF-0283,21,El Tornillo Hardware
24-Aug-26,ORD-105441,SKU-SNA-0244,27,Lucero Minimarket
2026-08-24,ORD-105442,SKU-DAI-0184,15,Lucero Minimarket
24-Aug-26,ORD-105442,SKU-BEV-0058,3,Andean Group Offices
24/08/2026,ORD-105443,SKU-TOO-0216,7,Lince Vet Center
2026-08-24,ORD-105444,SKU-DAI-0303,2,El Tornillo Hardware
24/08/2026,ORD-105444,sku-off-0140,5,Andean Group Offices
24/08/2026,ORD-105445,SKU-BEA-0138,1,Delta Construction
2026-08-24,ORD-105446,SKU-PET-0017,4,Delta Construction
2026-08-24,ORD-105446,SKU-TOO-0172,11,Andean Group Offices
24-Aug-26,ORD-105446,SKU-BEA-0291,5,La Lucha Restaurant
2026-08-24,ORD-105447,SKU-TOO-0125,3,Andean Group Offices
24-Aug-26,ORD-105447,SKU-BEA-0193,3,San Martin Corner Store
24-Aug-26,ORD-105448,SKU-HOM-0089,3,Wong North Supermarkets
24-Aug-26,ORD-105448,SKU-TOO-0091,24,Lucero Minimarket
24/08/2026,ORD-105449,SKU-PET-0102,2,Happy Pet Store
24/08/2026,ORD-105450,SKU-TOO-0131,8,Inkafarma Comas Pharmacy
2026-08-24,ORD-105451,SKU-FRO-0213,22,El Tornillo Hardware
24/08/2026,ORD-105451,SKU-BEA-0045,2,Lince Vet Center
24/08/2026,ORD-105452,SKU-TOO-0154,4,Delta Construction
2026-08-24,ORD-105452,SKU-DAI-0313,1,Wong North Supermarkets
24-Aug-26,ORD-105453,SKU-DAI-0123,4,Inkafarma Comas Pharmacy
24-Aug-26,ORD-105453,SKU-OFF-0043,12,Andean Group Offices
24-Aug-26,ORD-105453,SKU-HOM-0013,8,San Martin Corner Store
24-Aug-26,ORD-105454,SKU-DAI-0070,11,Delta Construction
24-Aug-26,ORD-105454,SKU-OFF-0257,8,Inkafarma Comas Pharmacy
2026-08-24,ORD-105454,SKU-FRO-0246,4,Happy Pet Store
2026-08-24,ORD-105455,SKU-BEA-0191,1,El Tornillo Hardware
2026-08-24,ORD-105455,SKU-DAI-0184,16,San Martin Corner Store
2026-08-24,ORD-105456,SKU-FRO-0213,14,Andean Group Offices
2026-08-24,ORD-105456,SKU-BEA-0312,12,Happy Pet Store
24/08/2026,ORD-105457,SKU-DAI-0123,8,Happy Pet Store
2026-08-24,ORD-105457,SKU-SNA-0315,12,San Martin Corner Store
24-Aug-26,ORD-105457,SKU-DAI-0123,4,Inkafarma Comas Pharmacy
24/08/2026,ORD-105458,SKU-DAI-0003,12,Delta Construction
24/08/2026,ORD-105458,SKU-HOM-0286,3,Delta Construction
2026-08-24,ORD-105459,SKU-HAR-0237,2,La Lucha Restaurant
2026-08-24,ORD-105459,SKU-OFF-0140,9,Lince Vet Center
24/08/2026,ORD-105460,SKU-FRO-0203,5,Happy Pet Store
24/08/2026,ORD-105460,SKU-HOM-0289,2,Delta Construction
24-Aug-26,ORD-105461,SKU-OFF-0259,22,Delta Construction
24/08/2026,ORD-105461,SKU-BEA-0308,3,Lucero Minimarket
24-Aug-26,ORD-105462,SKU-GAR-0157,13,Wong North Supermarkets
2026-08-24,ORD-105462,SKU-HOM-0015,15,La Lucha Restaurant
24/08/2026,ORD-105462,SKU-DAI-0303,1,San Martin Corner Store
24/08/2026,ORD-105463,SKU-DAI-0303,3,Inkafarma Comas Pharmacy
2026-08-24,ORD-105464,SKU-TOO-0131,7,Happy Pet Store
24/08/2026,ORD-105464,SKU-BEV-0058,6,Andean Group Offices
24-Aug-26,ORD-105465,SKU-HOM-0289,4,San Martin Corner Store
24/08/2026,ORD-105466,SKU-HOM-0015,7,Andean Group Offices
2026-08-24,ORD-105466,SKU-FRO-0132,21,Andean Group Offices
24-Aug-26,ORD-105468,SKU-DAI-0123,4,San Martin Corner Store
2026-08-24,ORD-105468,SKU-FRO-0090,11,Lucero Minimarket
24/08/2026,ORD-105469,SKU-HOM-0015,9,Lucero Minimarket
24/08/2026,ORD-105469,SKU-PET-0087,6,Wong North Supermarkets
24-Aug-26,ORD-105470,SKU-FRO-0278,4,Inkafarma Comas Pharmacy
24-Aug-26,ORD-105470,SKU-SNA-0292,12,La Lucha Restaurant
2026-08-24,ORD-105471,SKU-BEV-0242,4,Lince Vet Center
2026-08-24,ORD-105471,SKU-PET-0155,12,Andean Group Offices
24-Aug-26,ORD-105471, SKU-HAR-0285,28,Inkafarma Comas Pharmacy
2026-08-24,ORD-105472,SKU-DAI-0003,15,Lince Vet Center
24-Aug-26,ORD-105473,SKU-FRO-0272,25,Wong North Supermarkets
2026-08-24,ORD-105473,SKU-BEV-0219,8,Delta Construction
2026-08-24,ORD-105473,SKU-DAI-0070,13,Andean Group Offices
24/08/2026,ORD-105474,SKU-CLE-0240,16,Happy Pet Store
2026-08-24,ORD-105474,SKU-HOM-0316,7,Lucero Minimarket
24-Aug-26,ORD-105475,SKU-DAI-0169,3,Lucero Minimarket
24-Aug-26,ORD-105475,SKU-HOM-0127,17,Delta Construction
24/08/2026,ORD-105476,SKU-DAI-0072,17,El Tornillo Hardware
2026-08-24,ORD-105476,SKU-BEA-0126,7,Wong North Supermarkets
24-Aug-26,ORD-105477,SKU-HAR-0237,7,Lucero Minimarket
2026-08-24,ORD-105477,SKU-GAR-0157,9,Lince Vet Center
24/08/2026,ORD-105478, SKU-BEV-0118,4,San Martin Corner Store
2026-08-24,ORD-105478,SKU-FRO-0109,1,Wong North Supermarkets
24-Aug-26,ORD-105479,SKU-TOO-0131,17,Andean Group Offices
24-Aug-26,ORD-105479,SKU-PET-0227,1,Wong North Supermarkets
24-Aug-26,ORD-105480,SKU-CLE-0108,1,Andean Group Offices
24-Aug-26,ORD-105480,SKU-OFF-0007,8,La Lucha Restaurant
2026-08-24,ORD-105481, SKU-HOM-0316,9,El Tornillo Hardware
24/08/2026,ORD-105481,SKU-GAR-0153,7,Lucero Minimarket
2026-08-24,ORD-105482,SKU-TOO-0210,4,Lucero Minimarket
24-Aug-26,ORD-105482,SKU-HOM-0020,6,Happy Pet Store
2026-08-24,ORD-105483,SKU-PET-0076,5,El Tornillo Hardware
24-Aug-26,ORD-105483, SKU-FRO-0136,7,Wong North Supermarkets
24-Aug-26,ORD-105484,SKU-HOM-0127,7,Lucero Minimarket
2026-08-24,ORD-105484,SKU-CLE-0018,12,Wong North Supermarkets
2026-08-24,ORD-105484,SKU-SNA-0292,7,Lince Vet Center
24/08/2026,ORD-105485,SKU-DAI-0184,14,La Lucha Restaurant
24-Aug-26,ORD-105485,SKU-FRO-0179,8,Wong North Supermarkets
24-Aug-26,ORD-105485,SKU-FRO-0085,1,Lucero Minimarket
24-Aug-26,ORD-105486,SKU-DAI-0082,7,Lince Vet Center
24-Aug-26,ORD-105487,SKU-DAI-0184,11,Andean Group Offices
24-Aug-26,ORD-105488,SKU-DAI-0313,20,La Lucha Restaurant
24/08/2026,ORD-105489,SKU FRO 0278,12,El Tornillo Hardware
24-Aug-26,ORD-105489,SKU-GAR-0287,7,Happy Pet Store
24-Aug-26,ORD-105489,SKU-OFF-0140,10,San Martin Corner Store
24/08/2026,ORD-105490,SKU-HOM-0089,8,Lucero Minimarket
24/08/2026,ORD-105491,SKU-HAR-0254,8,Delta Construction
24/08/2026,ORD-105492,SKU-FRO-0085,7,Delta Construction
2026-08-24,ORD-105492,SKU-OFF-0249,9,Andean Group Offices
2026-08-25,ORD-105492,SKU-HAR-0309,17,Happy Pet Store
25/08/2026,ORD-105493,SKU-BEV-0037,9,Andean Group Offices
25/08/2026,ORD-105493,SKU-PET-0146,12,San Martin Corner Store
25-Aug-26,ORD-105495,SKU-FRO-0014,15,Lince Vet Center
25-Aug-26,ORD-105495,SKU-SNA-0315,15,Lince Vet Center
2026-08-25,ORD-105496,SKU-BEA-0312,18,Happy Pet Store
2026-08-25,ORD-105496,SKU CLE 0299,20,El Tornillo Hardware
25/08/2026,ORD-105497,SKU-BEA-0019,2,Delta Construction
2026-08-25,ORD-105497,SKU-CLE-0028,9,Inkafarma Comas Pharmacy
25-Aug-26,ORD-105497,SKU-BEA-0291,4,Happy Pet Store
2026-08-25,ORD-105498,SKU-OFF-0283,1,Delta Construction
2026-08-25,ORD-105498,SKU-OFF-0010,7,El Tornillo Hardware
25/08/2026,ORD-105498,SKU-CLE-0041,12,El Tornillo Hardware
2026-08-25,ORD-105499,SKU-HOM-0204,3,Delta Construction
25-Aug-26,ORD-105499,SKU-PET-0227,3,Andean Group Offices
2026-08-25,ORD-105500,SKU-BEA-0045,11,Wong North Supermarkets
25/08/2026,ORD-105501,SKU-SNA-0057,14,La Lucha Restaurant
25-Aug-26,ORD-105502,SKU-BEA-0034,20,Lucero Minimarket
25-Aug-26,ORD-105502,SKU-TOO-0221,3,Inkafarma Comas Pharmacy
25-Aug-26,ORD-105503,SKU-HOM-0127,5,La Lucha Restaurant
25-Aug-26,ORD-105503,SKU-BEA-0291,1,Lince Vet Center
2026-08-25,ORD-105504,SKU-HAR-0285,6,Inkafarma Comas Pharmacy
2026-08-25,ORD-105504,SKU-DAI-0313,18,Andean Group Offices
2026-08-25,ORD-105504,SKU-BEV-0202,3,San Martin Corner Store
25/08/2026,ORD-105505,SKU-BEA-0177,1,Andean Group Offices
2026-08-25,ORD-105505,SKU-OFF-0007,8,La Lucha Restaurant
25/08/2026,ORD-105505,SKU-PET-0040,10,San Martin Corner Store
2026-08-25,ORD-105507,SKU-DAI-0184,18,Inkafarma Comas Pharmacy
2026-08-25,ORD-105507,SKU-DAI-0169,2,Happy Pet Store
25-Aug-26,ORD-105508,SKU-CLE-0240,22,Lucero Minimarket
25-Aug-26,ORD-105508,SKU-TOO-0049,9,Andean Group Offices
2026-08-25,ORD-105508,SKU-DAI-0054,1,Happy Pet Store
25/08/2026,ORD-105509,SKU-DAI-0072,16,La Lucha Restaurant
25/08/2026,ORD-105509,SKU-SNA-0171,21,Lince Vet Center
25-Aug-26,ORD-105510,SKU-DAI-0123,7,El Tornillo Hardware
2026-08-25,ORD-105511,SKU-OFF-0259,8,Delta Construction
25/08/2026,ORD-105511,SKU-HOM-0112,8,La Lucha Restaurant
25/08/2026,ORD-105512,SKU-BEV-0176,1,Lince Vet Center
2026-08-25,ORD-105512,SKU-TOO-0067,3,Wong North Supermarkets
25/08/2026,ORD-105513,SKU-BEA-0312,21,Delta Construction
2026-08-25,ORD-105514,SKU-BEV-0058,15,El Tornillo Hardware
2026-08-25,ORD-105514,SKU-FRO-0179,2,Andean Group Offices
2026-08-25,ORD-105514,SKU-FRO-0213,2,Lucero Minimarket
25-Aug-26,ORD-105515,SKU-FRO-0196,13,Wong North Supermarkets
2026-08-25,ORD-105516,SKU-FRO-0272,9,Delta Construction
2026-08-25,ORD-105516,SKU-HOM-0089,7,La Lucha Restaurant
25-Aug-26,ORD-105516,SKU-TOO-0200,20,Delta Construction
25/08/2026,ORD-105517,SKU-FRO-0296,7,Happy Pet Store
25-Aug-26,ORD-105517,SKU-BEV-0118,2,Lince Vet Center
25-Aug-26,ORD-105517,SKU-OFF-0249,3,Lucero Minimarket
25/08/2026,ORD-105518,SKU-HOM-0020,3,Lucero Minimarket
25-Aug-26,ORD-105518,SKU-BEV-0242,23,Lucero Minimarket
2026-08-25,ORD-105519,sku-hom-0020,4,La Lucha Restaurant
25-Aug-26,ORD-105519,SKU-HOM-0289,7,El Tornillo Hardware
2026-08-25,ORD-105520,SKU-GAR-0195,20,La Lucha Restaurant
2026-08-25,ORD-105520,SKU-PET-0031,3,Andean Group Offices
25-Aug-26,ORD-105521, SKU-DAI-0169,6,Lince Vet Center
25/08/2026,ORD-105521,SKU-CLE-0041,11,Lince Vet Center
25-Aug-26,ORD-105522,SKU-PET-0017,1,Lince Vet Center
25/08/2026,ORD-105522,SKU-GAR-0047,3,Lucero Minimarket
25/08/2026,ORD-105522,SKU-OFF-0007,4,Wong North Supermarkets
25-Aug-26,ORD-105523,SKU-BEA-0312,9,Lince Vet Center
25-Aug-26,ORD-105523,SKU-SNA-0298,14,El Tornillo Hardware
25-Aug-26,ORD-105524,SKU-CLE-0108,6,Inkafarma Comas Pharmacy
2026-08-25,ORD-105524,SKU-BEA-0264,3,Lince Vet Center
2026-08-25,ORD-105524,SKU-CLE-0018,10,La Lucha Restaurant
25/08/2026,ORD-105525,SKU-HOM-0127,19,El Tornillo Hardware
25-Aug-26,ORD-105526,SKU-DAI-0184,14,San Martin Corner Store
2026-08-25,ORD-105526,SKU-BEA-0045,20,Wong North Supermarkets
2026-08-25,ORD-105527,SKU-OFF-0283,18,Happy Pet Store
25/08/2026,ORD-105527,SKU-FRO-0014,4,La Lucha Restaurant
2026-08-25,ORD-105527,SKU-SNA-0100,2,San Martin Corner Store
25/08/2026,ORD-105528,SKU-BEV-0137,13,La Lucha Restaurant
25/08/2026,ORD-105528,SKU-SNA-0244,21,Delta Construction
25/08/2026,ORD-105528,SKU-DAI-0003,4,Delta Construction
2026-08-25,ORD-105529,SKU-OFF-0228,3,Delta Construction
25/08/2026,ORD-105530,SKU-HOM-0204,3,Happy Pet Store
2026-08-25,ORD-105531,SKU-DAI-0054,5,El Tornillo Hardware
2026-08-25,ORD-105531,SKU OFF 0284,16,San Martin Corner Store
2026-08-25,ORD-105531,SKU-PET-0318,13,Delta Construction
25/08/2026,ORD-105532,SKU-SNA-0292,8,Lince Vet Center
2026-08-25,ORD-105532,SKU-OFF-0284,24,El Tornillo Hardware
2026-08-25,ORD-105532,SKU-PET-0217,9,Lince Vet Center
25-Aug-26,ORD-105533,SKU-BEA-0126,5,Lucero Minimarket
25-Aug-26,ORD-105533,SKU-BEV-0242,14,Inkafarma Comas Pharmacy
25-Aug-26,ORD-105533,SKU-DAI-0169,9,Andean Group Offices
25/08/2026,ORD-105535,SKU-GAR-0021,8,Lucero Minimarket
25/08/2026,ORD-105536,SKU-GAR-0021,6,Andean Group Offices
25-Aug-26,ORD-105536, SKU-BEV-0176,2,Wong North Supermarkets
25-Aug-26,ORD-105537,SKU-FRO-0213,17,Lince Vet Center
25-Aug-26,ORD-105539,SKU-HOM-0089,7,Inkafarma Comas Pharmacy
2026-08-25,ORD-105540,SKU-DAI-0054,10,Andean Group Offices
2026-08-25,ORD-105540,SKU-FRO-0213,17,Wong North Supermarkets
2026-08-25,ORD-105541,SKU-FRO-0238,10,Andean Group Offices
25/08/2026,ORD-105541,SKU-DAI-0070,13,El Tornillo Hardware
25-Aug-26,ORD-105541,SKU-BEV-0033,2,Lucero Minimarket
25-Aug-26,ORD-105542,SKU-SNA-0199,10,La Lucha Restaurant
25/08/2026,ORD-105543,SKU-DAI-0072,17,La Lucha Restaurant
25-Aug-26,ORD-105544,SKU-DAI-0184,17,Delta Construction
25/08/2026,ORD-105545,SKU-CLE-0231,1,San Martin Corner Store
25-Aug-26,ORD-105545,SKU-DAI-0164,5,Lince Vet Center
25/08/2026,ORD-105546,SKU-PET-0173,9,Lince Vet Center
25/08/2026,ORD-105546,SKU-DAI-0003,4,Wong North Supermarkets
25-Aug-26,ORD-105548,SKU-OFF-0236,5,Happy Pet Store
25-Aug-26,ORD-105549,SKU-BEV-0150,10,Andean Group Offices
25/08/2026,ORD-105549,SKU-OFF-0043,7,Wong North Supermarkets
25/08/2026,ORD-105550,SKU-FRO-0267,6,Wong North Supermarkets
2026-08-25,ORD-105550,SKU-DAI-0313,16,Inkafarma Comas Pharmacy
25/08/2026,ORD-105551,SKU-FRO-0179,7,El Tornillo Hardware
25/08/2026,ORD-105551, SKU-BEV-0174,1,El Tornillo Hardware
25-Aug-26,ORD-105552,SKU-GAR-0078,3,Lucero Minimarket
25-Aug-26,ORD-105552,SKU-GAR-0153,12,Delta Construction
25-Aug-26,ORD-105553,SKU-SNA-0298,2,Delta Construction
25/08/2026,ORD-105553,SKU-DAI-0184,13,Delta Construction
2026-08-25,ORD-105554,SKU-FRO-0085,8,Happy Pet Store
25/08/2026,ORD-105554,SKU-DAI-0184,18,San Martin Corner Store
25/08/2026,ORD-105555,SKU-HOM-0286,5,Delta Construction
25/08/2026,ORD-105555,SKU-FRO-0296,14,Happy Pet Store
25-Aug-26,ORD-105555,SKU-HOM-0316,8,Lince Vet Center
25/08/2026,ORD-105556,SKU-BEA-0191,1,La Lucha Restaurant
25-Aug-26,ORD-105556,SKU-CLE-0061,2,Delta Construction
25-Aug-26,ORD-105556,SKU-BEA-0291,3,Andean Group Offices
2026-08-25,ORD-105557,SKU-HOM-0015,22,San Martin Corner Store
25-Aug-26,ORD-105558,SKU-PET-0217,7,Lince Vet Center
25/08/2026,ORD-105558,SKU-PET-0106,1,San Martin Corner Store
25-Aug-26,ORD-105559,SKU-CLE-0263,3,Wong North Supermarkets
25-Aug-26,ORD-105560,SKU-FRO-0296,1,El Tornillo Hardware
25/08/2026,ORD-105561,SKU-OFF-0140,10,Lucero Minimarket
25/08/2026,ORD-105561,SKU-CLE-0108,11,Delta Construction
25-Aug-26,ORD-105562,SKU-BEA-0144,8,La Lucha Restaurant
2026-08-25,ORD-105562,SKU-BEA-0312,10,San Martin Corner Store
2026-08-25,ORD-105562,SKU-BEA-0126,6,El Tornillo Hardware
25/08/2026,ORD-105563,SKU-DAI-0164,5,San Martin Corner Store
25-Aug-26,ORD-105563,SKU-GAR-0287,7,Inkafarma Comas Pharmacy
2026-08-25,ORD-105564,SKU-FRO-0213,11,Lince Vet Center
25/08/2026,ORD-105565,SKU-HAR-0285,21,La Lucha Restaurant
2026-08-25,ORD-105565,SKU-SNA-0188,23,Inkafarma Comas Pharmacy
25-Aug-26,ORD-105566,SKU-OFF-0283,17,Inkafarma Comas Pharmacy
2026-08-25,ORD-105566,SKU-FRO-0132,26,Delta Construction
25-Aug-26,ORD-105566,SKU-PET-0027,1,Andean Group Offices
2026-08-25,ORD-105568,SKU-DAI-0082,3,Inkafarma Comas Pharmacy
2026-08-25,ORD-105568,SKU-SNA-0292,4,Lince Vet Center
25-Aug-26,ORD-105569,SKU-DAI-0169,15,Delta Construction
25-Aug-26,ORD-105570,SKU-PET-0087,5,El Tornillo Hardware
25-Aug-26,ORD-105570,SKU-OFF-0249,2,Delta Construction
2026-08-25,ORD-105570,SKU-DAI-0303,4,San Martin Corner Store
25-Aug-26,ORD-105572,SKU-DAI-0303,1,Lince Vet Center
2026-08-25,ORD-105574,SKU-DAI-0082,7,Wong North Supermarkets
25-Aug-26,ORD-105574,SKU-PET-0076,3,La Lucha Restaurant
25/08/2026,ORD-105575,SKU-BEV-0311,27,Delta Construction
25/08/2026,ORD-105575,SKU-BEA-0151,6,San Martin Corner Store
25-Aug-26,ORD-105576,SKU-HAR-0285,28,Lucero Minimarket
25-Aug-26,ORD-105577,SKU-HOM-0316,3,San Martin Corner Store
25/08/2026,ORD-105577,SKU-TOO-0216,7,Inkafarma Comas Pharmacy
25-Aug-26,ORD-105577,SKU-PET-0087,5,Andean Group Offices
25-Aug-26,ORD-105578,SKU-DAI-0184,15,Lince Vet Center
25-Aug-26,ORD-105578,SKU-SNA-0244,13,Delta Construction
2026-08-25,ORD-105579,SKU-OFF-0257,6,La Lucha Restaurant
25/08/2026,ORD-105580,SKU-FRO-0238,2,Delta Construction
2026-08-25,ORD-105580,SKU-BEA-0215,7,La Lucha Restaurant
2026-08-25,ORD-105581,SKU-GAR-0120,12,Lince Vet Center
2026-08-25,ORD-105582,SKU-TOO-0069,3,El Tornillo Hardware
25/08/2026,ORD-105582,SKU-BEV-0033,2,Wong North Supermarkets
25/08/2026,ORD-105582,SKU-DAI-0313,21,Delta Construction
2026-08-25,ORD-105583,SKU-GAR-0229,3,Wong North Supermarkets
2026-08-25,ORD-105584,SKU SNA 0171,9,Lucero Minimarket
25/08/2026,ORD-105584,SKU-FRO-0267,17,El Tornillo Hardware
25-Aug-26,ORD-105585,SKU-GAR-0021,5,Lucero Minimarket
25/08/2026,ORD-105585,SKU-HOM-0013,2,Andean Group Offices
25/08/2026,ORD-105585,SKU-FRO-0238,1,Lince Vet Center
2026-08-25,ORD-105586,SKU-FRO-0238,10,Happy Pet Store
25/08/2026,ORD-105587,SKU-PET-0024,17,El Tornillo Hardware
25-Aug-26,ORD-105588,SKU-DAI-0082,8,Andean Group Offices
25-Aug-26,ORD-105588,SKU-GAR-0195,14,Lince Vet Center
25/08/2026,ORD-105589,SKU-BEA-0062,8,Inkafarma Comas Pharmacy
25/08/2026,ORD-105589,SKU-CLE-0018,9,Delta Construction
25-Aug-26,ORD-105589,SKU-GAR-0195,17,Wong North Supermarkets
25/08/2026,ORD-105590,SKU-FRO-0238,1,Inkafarma Comas Pharmacy
2026-08-25,ORD-105590,SKU-PET-0017,3,Lince Vet Center
25-Aug-26,ORD-105591,SKU-TOO-0216,4,La Lucha Restaurant
25-Aug-26,ORD-105592,SKU-PET-0017,1,Inkafarma Comas Pharmacy
2026-08-25,ORD-105592,SKU-DAI-0070,14,Wong North Supermarkets
25/08/2026,ORD-105593,SKU-GAR-0153,5,La Lucha Restaurant
2026-08-25,ORD-105594,SKU-DAI-0303,4,San Martin Corner Store
2026-08-25,ORD-105594,SKU-DAI-0082,5,La Lucha Restaurant
25/08/2026,ORD-105595,SKU-BEA-0215,7,Happy Pet Store
25/08/2026,ORD-105595,SKU-DAI-0169,6,Lince Vet Center
25/08/2026,ORD-105597,SKU-DAI-0303,4,Happy Pet Store
25/08/2026,ORD-105597,SKU-PET-0270,9,La Lucha Restaurant
2026-08-25,ORD-105598,SKU-BEV-0219,6,Wong North Supermarkets
2026-08-25,ORD-105599,SKU-FRO-0278,1,El Tornillo Hardware
25-Aug-26,ORD-105599,SKU-HAR-0309,12,Lucero Minimarket
25-Aug-26,ORD-105600,SKU-PET-0040,3,Lince Vet Center
25/08/2026,ORD-105600,SKU-BEV-0311,23,Delta Construction
25-Aug-26,ORD-105601,SKU-DAI-0169,10,Happy Pet Store
25/08/2026,ORD-105601,SKU-DAI-0123,7,Happy Pet Store
25/08/2026,ORD-105601,SKU-GAR-0039,7,Happy Pet Store
2026-08-25,ORD-105602,SKU-FRO-0179,10,Lince Vet Center
25-Aug-26,ORD-105602,SKU-GAR-0078,9,Happy Pet Store
25-Aug-26,ORD-105603,SKU-FRO-0196,5,Inkafarma Comas Pharmacy
2026-08-25,ORD-105603,SKU-FRO-0090,18,San Martin Corner Store
2026-08-25,ORD-105603,SKU-OFF-0257,4,San Martin Corner Store
25-Aug-26,ORD-105604,SKU-DAI-0303,1,Lucero Minimarket
25/08/2026,ORD-105605,SKU-BEV-0219,5,Happy Pet Store
25-Aug-26,ORD-105605,SKU-PET-0102,2,El Tornillo Hardware
25-Aug-26,ORD-105606,SKU-BEA-0312,20,Andean Group Offices
25/08/2026,ORD-105606,SKU-BEV-0058,16,Happy Pet Store
25-Aug-26,ORD-105606,SKU-GAR-0287,4,Happy Pet Store
2026-08-25,ORD-105607, SKU-DAI-0313,10,La Lucha Restaurant
25-Aug-26,ORD-105607,SKU-BEA-0019,10,Lince Vet Center
25/08/2026,ORD-105607,sku-bev-0242,8,Andean Group Offices
2026-08-25,ORD-105608,SKU-PET-0318,10,Wong North Supermarkets
25-Aug-26,ORD-105608,SKU-PET-0173,2,San Martin Corner Store
2026-08-25,ORD-105609,SKU-DAI-0184,10,San Martin Corner Store
25/08/2026,ORD-105609,SKU-FRO-0014,10,Inkafarma Comas Pharmacy
2026-08-25,ORD-105609,SKU-OFF-0259,30,El Tornillo Hardware
25/08/2026,ORD-105610,SKU-DAI-0072,11,Happy Pet Store
25-Aug-26,ORD-105611,SKU-DAI-0082,1,La Lucha Restaurant
25/08/2026,ORD-105611,SKU-TOO-0245,24,Wong North Supermarkets
25/08/2026,ORD-105613,SKU-BEA-0191,3,Wong North Supermarkets
2026-08-25,ORD-105613,SKU-DAI-0070,7,Delta Construction
25-Aug-26,ORD-105614,SKU-BEV-0242,25,Delta Construction
2026-08-25,ORD-105614,SKU-HOM-0112,8,Lince Vet Center
25-Aug-26,ORD-105615,SKU-BEA-0177,1,Wong North Supermarkets
25-Aug-26,ORD-105615,SKU-GAR-0021,2,Inkafarma Comas Pharmacy
25/08/2026,ORD-105616,SKU-GAR-0021,6,La Lucha Restaurant
25/08/2026,ORD-105616,SKU-PET-0087,5,El Tornillo Hardware
25-Aug-26,ORD-105617,SKU-BEV-0202,1,Lince Vet Center
25/08/2026,ORD-105617,SKU-PET-0040,19,Inkafarma Comas Pharmacy
25/08/2026,ORD-105617, SKU-DAI-0169,12,Andean Group Offices
2026-08-25,ORD-105618,SKU-PET-0318,16,El Tornillo Hardware
25/08/2026,ORD-105619,SKU-DAI-0184,12,La Lucha Restaurant
25-Aug-26,ORD-105620,SKU-DAI-0054,2,Andean Group Offices
2026-08-25,ORD-105620,SKU-TOO-0069,12,Inkafarma Comas Pharmacy
2026-08-25,ORD-105621,SKU-DAI-0003,20,Delta Construction
25/08/2026,ORD-105621,SKU-CLE-0282,2,El Tornillo Hardware
25-Aug-26,ORD-105622,SKU-HAR-0266,4,El Tornillo Hardware
2026-08-25,ORD-105622, SKU-BEA-0045,13,Lucero Minimarket
25/08/2026,ORD-105622,SKU-BEA-0193,9,Wong North Supermarkets
25-Aug-26,ORD-105623,SKU-GAR-0157,10,Lucero Minimarket
25-Aug-26,ORD-105623,SKU-HOM-0286,6,Delta Construction
25-Aug-26,ORD-105624,SKU-CLE-0263,11,Inkafarma Comas Pharmacy
25/08/2026,ORD-105625,SKU-OFF-0140,4,Lince Vet Center
2026-08-25,ORD-105625,SKU-FRO-0288,1,San Martin Corner Store
25-Aug-26,ORD-105626,SKU-OFF-0140,6,San Martin Corner Store
25-Aug-26,ORD-105627,SKU-BEV-0242,21,Inkafarma Comas Pharmacy
25-Aug-26,ORD-105627,SKU-CLE-0240,2,Andean Group Offices
25-Aug-26,ORD-105627,SKU-BEA-0177,5,Lucero Minimarket
25-Aug-26,ORD-105628,SKU-PET-0027,3,Happy Pet Store
2026-08-25,ORD-105628,SKU-HOM-0089,4,Delta Construction
25-Aug-26,ORD-105629,SKU-TOO-0125,12,Lucero Minimarket
2026-08-25,ORD-105629,SKU-BEA-0144,8,El Tornillo Hardware
25/08/2026,ORD-105629,SKU-BEA-0193,9,Happy Pet Store
25-Aug-26,ORD-105630,SKU-DAI-0123,6,Lucero Minimarket
25-Aug-26,ORD-105631,SKU-FRO-0109,2,Wong North Supermarkets
2026-08-25,ORD-105631,SKU-SNA-0030,16,Happy Pet Store
2026-08-25,ORD-105632,SKU-HOM-0065,10,Wong North Supermarkets
25/08/2026,ORD-105632,SKU-SNA-0097,10,El Tornillo Hardware
2026-08-25,ORD-105633,SKU-BEA-0045,11,Happy Pet Store
25/08/2026,ORD-105633,SKU-FRO-0109,2,Lucero Minimarket
2026-08-25,ORD-105633, SKU-FRO-0261,6,Lince Vet Center
25-Aug-26,ORD-105634,SKU-FRO-0288,1,Happy Pet Store
25-Aug-26,ORD-105634,SKU-GAR-0157,18,San Martin Corner Store
25-Aug-26,ORD-105635,SKU-OFF-0225,11,Lucero Minimarket
25/08/2026,ORD-105635,sku-gar-0021,6,Happy Pet Store
25-Aug-26,ORD-105635,SKU-CLE-0041,8,La Lucha Restaurant
2026-08-25,ORD-105636,SKU-FRO-0085,15,Wong North Supermarkets
2026-08-25,ORD-105637,SKU-DAI-0169,14,Delta Construction
25/08/2026,ORD-105637,SKU-HAR-0093,8,Wong North Supermarkets
2026-08-25,ORD-105637,SKU-SNA-0046,8,San Martin Corner Store
2026-08-25,ORD-105638,SKU-SNA-0319,2,Happy Pet Store
25/08/2026,ORD-105638,SKU-HAR-0309,21,El Tornillo Hardware
2026-08-25,ORD-105639,SKU-FRO-0014,1,El Tornillo Hardware
2026-08-25,ORD-105640,SKU-DAI-0072,7,Andean Group Offices
25/08/2026,ORD-105641,SKU-PET-0087,6,San Martin Corner Store
2026-08-25,ORD-105641,SKU-BEV-0242,3,Delta Construction
2026-08-25,ORD-105642,SKU-FRO-0272,5,El Tornillo Hardware
25/08/2026,ORD-105642,SKU-GAR-0287,1,Happy Pet Store
25/08/2026,ORD-105642,SKU-FRO-0246,3,Lince Vet Center
25-Aug-26,ORD-105643,SKU-GAR-0078,5,La Lucha Restaurant
2026-08-25,ORD-105644,SKU BEA 0142,16,El Tornillo Hardware
25-Aug-26,ORD-105645,SKU-GAR-0021,4,Inkafarma Comas Pharmacy
2026-08-25,ORD-105645,SKU-BEV-0242,3,La Lucha Restaurant
25/08/2026,ORD-105645,SKU-OFF-0236,1,Wong North Supermarkets
25-Aug-26,ORD-105646,SKU-TOO-0200,12,Lucero Minimarket
25-Aug-26,ORD-105646,SKU-OFF-0228,11,El Tornillo Hardware
25-Aug-26,ORD-105647,SKU-HOM-0013,10,San Martin Corner Store
25-Aug-26,ORD-105648,SKU-PET-0102,4,Happy Pet Store
25/08/2026,ORD-105648,SKU-HAR-0266,15,Wong North Supermarkets
25/08/2026,ORD-105649,SKU-DAI-0070,14,La Lucha Restaurant
25-Aug-26,ORD-105649,SKU-GAR-0111,4,San Martin Corner Store
2026-08-25,ORD-105649,SKU-HOM-0208,3,Wong North Supermarkets
2026-08-25,ORD-105650,SKU-BEA-0094,3,El Tornillo Hardware
25/08/2026,ORD-105650,SKU-HOM-0262,3,La Lucha Restaurant
25/08/2026,ORD-105651,SKU-TOO-0131,20,Wong North Supermarkets
25/08/2026,ORD-105651,SKU-FRO-0114,11,Delta Construction
25/08/2026,ORD-105652,SKU-OFF-0074,13,Wong North Supermarkets
25/08/2026,ORD-105653,SKU DAI 0082,7,San Martin Corner Store
25-Aug-26,ORD-105654,SKU-HOM-0289,5,La Lucha Restaurant
25-Aug-26,ORD-105655,SKU-SNA-0097,8,El Tornillo Hardware
25/08/2026,ORD-105655,SKU-FRO-0114,17,Wong North Supermarkets
25/08/2026,ORD-105656,SKU-FRO-0267,13,Delta Construction
2026-08-25,ORD-105656,SKU-SNA-0199,14,San Martin Corner Store
2026-08-25,ORD-105657,SKU-FRO-0136,1,San Martin Corner Store
2026-08-25,ORD-105658,SKU-HOM-0020,2,Wong North Supermarkets
2026-08-25,ORD-105659,SKU-FRO-0272,28,La Lucha Restaurant
25/08/2026,ORD-105660,SKU-BEA-0215,16,San Martin Corner Store
2026-08-25,ORD-105661,SKU-GAR-0195,16,Lucero Minimarket
25/08/2026,ORD-105661,SKU-OFF-0283,4,Lince Vet Center
2026-08-25,ORD-105662,SKU-DAI-0303,3,Wong North Supermarkets
2026-08-25,ORD-105662,SKU-BEA-0193,4,Inkafarma Comas Pharmacy
25-Aug-26,ORD-105663,SKU-GAR-0111,4,Inkafarma Comas Pharmacy
25-Aug-26,ORD-105663,SKU-CLE-0248,3,El Tornillo Hardware
25/08/2026,ORD-105663,SKU-DAI-0313,4,Delta Construction
25-Aug-26,ORD-105665,SKU-FRO-0213,3,Lucero Minimarket
25-Aug-26,ORD-105665,SKU-TOO-0080,5,El Tornillo Hardware
25-Aug-26,ORD-105666,SKU-DAI-0054,10,Delta Construction
25-Aug-26,ORD-105666,SKU-FRO-0196,8,El Tornillo Hardware
25/08/2026,ORD-105667,SKU-PET-0270,2,San Martin Corner Store
25/08/2026,ORD-105667,SKU-OFF-0284,4,Andean Group Offices
2026-08-25,ORD-105667,SKU-GAR-0195,10,Lince Vet Center
2026-08-25,ORD-105668,SKU-OFF-0257,4,Andean Group Offices
25/08/2026,ORD-105669,SKU-DAI-0123,5,La Lucha Restaurant
25/08/2026,ORD-105670,SKU-DAI-0169,10,Happy Pet Store
25-Aug-26,ORD-105671,SKU-FRO-0203,12,Inkafarma Comas Pharmacy
25/08/2026,ORD-105671,SKU-OFF-0249,1,Delta Construction
25/08/2026,ORD-105672,SKU-BEV-0084,9,San Martin Corner Store
2026-08-25,ORD-105672,SKU-CLE-0209,6,Wong North Supermarkets
2026-08-25,ORD-105672,SKU-TOO-0080,3,Lince Vet Center
25/08/2026,ORD-105673,SKU-FRO-0136,1,Lince Vet Center
2026-08-25,ORD-105673,SKU-OFF-0228,8,Wong North Supermarkets
2026-08-25,ORD-105674,SKU-BEA-0045,15,San Martin Corner Store
25/08/2026,ORD-105674,SKU-GAR-0111,14,Andean Group Offices
2026-08-25,ORD-105674,SKU-DAI-0169,16,San Martin Corner Store
25-Aug-26,ORD-105675,SKU-FRO-0246,2,Happy Pet Store
25/08/2026,ORD-105676,SKU-TOO-0125,8,Happy Pet Store
25/08/2026,ORD-105676,SKU-PET-0173,6,La Lucha Restaurant
25/08/2026,ORD-105677,SKU-OFF-0257,8,Delta Construction
2026-08-25,ORD-105678,SKU-PET-0031,2,Happy Pet Store
25-Aug-26,ORD-105679,SKU-HOM-0065,6,Wong North Supermarkets
2026-08-25,ORD-105679,SKU-BEA-0148,2,Happy Pet Store
2026-08-25,ORD-105679,SKU-OFF-0257,2,San Martin Corner Store
25-Aug-26,ORD-105680,SKU-CLE-0139,15,Inkafarma Comas Pharmacy
2026-08-25,ORD-105680,SKU-GAR-0195,20,El Tornillo Hardware
25/08/2026,ORD-105681,SKU-PET-0017,2,San Martin Corner Store
25-Aug-26,ORD-105681,SKU-OFF-0225,5,La Lucha Restaurant
25-Aug-26,ORD-105681,SKU-HAR-0309,3,La Lucha Restaurant
25/08/2026,ORD-105682,SKU-TOO-0091,7,La Lucha Restaurant
25-Aug-26,ORD-105683,SKU-GAR-0111,3,Lince Vet Center
2026-08-25,ORD-105683,SKU-SNA-0223,11,Delta Construction
25-Aug-26,ORD-105684,SKU FRO 0238,5,La Lucha Restaurant
25/08/2026,ORD-105684,SKU-HOM-0286,6,Lucero Minimarket
25-Aug-26,ORD-105684,SKU-OFF-0259,22,Happy Pet Store
2026-08-25,ORD-105685,SKU-OFF-0140,15,Lince Vet Center
25-Aug-26,ORD-105686,SKU-OFF-0074,24,El Tornillo Hardware
25-Aug-26,ORD-105687,SKU-FRO-0179,9,Happy Pet Store
2026-08-25,ORD-105688,SKU-DAI-0313,8,Wong North Supermarkets
25/08/2026,ORD-105689,SKU-TOO-0210,14,Inkafarma Comas Pharmacy
25-Aug-26,ORD-105690,SKU-OFF-0283,12,Inkafarma Comas Pharmacy
25/08/2026,ORD-105690,SKU-CLE-0248,5,El Tornillo Hardware
2026-08-25,ORD-105691,SKU-OFF-0043,18,Delta Construction
25/08/2026,ORD-105692,SKU-DAI-0164,1,Wong North Supermarkets
25/08/2026,ORD-105692, SKU-SNA-0100,20,Andean Group Offices
25-Aug-26,ORD-105693,SKU-OFF-0228,5,El Tornillo Hardware
25-Aug-26,ORD-105693,SKU-PET-0040,23,Lince Vet Center
25-Aug-26,ORD-105694,SKU-SNA-0057,6,Inkafarma Comas Pharmacy
2026-08-25,ORD-105694,SKU-FRO-0272,12,Lince Vet Center
25-Aug-26,ORD-105695,SKU-HOM-0015,4,San Martin Corner Store
25/08/2026,ORD-105696,SKU-FRO-0090,25,El Tornillo Hardware
2026-08-25,ORD-105696,SKU-BEA-0215,1,Delta Construction
2026-08-25,ORD-105697,SKU-OFF-0249,8,Andean Group Offices
25/08/2026,ORD-105697,SKU DAI 0303,1,La Lucha Restaurant
2026-08-25,ORD-105698,SKU-FRO-0196,9,Andean Group Offices
25-Aug-26,ORD-105698,SKU-OFF-0257,8,San Martin Corner Store
2026-08-25,ORD-105699,SKU-CLE-0041,3,Lucero Minimarket
25/08/2026,ORD-105699,SKU-DAI-0054,3,Delta Construction
25-Aug-26,ORD-105700,SKU-BEA-0177,2,Inkafarma Comas Pharmacy
2026-08-25,ORD-105700,SKU-TOO-0080,5,Lince Vet Center
25/08/2026,ORD-105701,SKU-SNA-0057,3,Happy Pet Store
25-Aug-26,ORD-105701,SKU-OFF-0228,20,Inkafarma Comas Pharmacy
2026-08-25,ORD-105701,SKU-PET-0173,5,Lucero Minimarket
2026-08-25,ORD-105702,SKU-GAR-0113,4,Delta Construction
25/08/2026,ORD-105703,SKU-GAR-0153,19,Wong North Supermarkets
25-Aug-26,ORD-105703,SKU-DAI-0313,24,La Lucha Restaurant
25-Aug-26,ORD-105704,SKU-BEA-0312,9,Inkafarma Comas Pharmacy
25/08/2026,ORD-105704,SKU-BEA-0215,4,Lucero Minimarket
2026-08-25,ORD-105704,SKU-OFF-0284,1,Lucero Minimarket
25-Aug-26,ORD-105705,SKU-SNA-0199,11,Lucero Minimarket
25-Aug-26,ORD-105705,SKU-HOM-0204,10,Andean Group Offices
2026-08-25,ORD-105706,SKU-FRO-0090,7,San Martin Corner Store
2026-08-25,ORD-105706,SKU-FRO-0109,10,San Martin Corner Store
2026-08-25,ORD-105708,SKU-SNA-0030,6,La Lucha Restaurant
25-Aug-26,ORD-105708,SKU-FRO-0179,10,El Tornillo Hardware
2026-08-25,ORD-105708,SKU-BEA-0215,1,Lince Vet Center
25-Aug-26,ORD-105709,SKU-DAI-0164,4,La Lucha Restaurant
25/08/2026,ORD-105709,SKU-DAI-0123,4,El Tornillo Hardware
2026-08-25,ORD-105710,SKU-FRO-0278,6,Lucero Minimarket
25/08/2026,ORD-105710,SKU-DAI-0054,1,Andean Group Offices
25/08/2026,ORD-105710,SKU-DAI-0072,18,Inkafarma Comas Pharmacy
25/08/2026,ORD-105711,SKU-SNA-0030,14,Delta Construction
25/08/2026,ORD-105711,SKU-OFF-0225,8,El Tornillo Hardware
25/08/2026,ORD-105712,SKU-HAR-0309,8,San Martin Corner Store
25/08/2026,ORD-105712,SKU-FRO-0136,7,Delta Construction
25-Aug-26,ORD-105713,SKU-TOO-0122,12,El Tornillo Hardware
2026-08-25,ORD-105713,SKU-BEV-0311,1,Lince Vet Center
2026-08-25,ORD-105714,SKU-BEV-0150,8,Delta Construction
25-Aug-26,ORD-105714,SKU-HOM-0013,2,El Tornillo Hardware
25/08/2026,ORD-105714,SKU-BEV-0176,10,Lucero Minimarket
25-Aug-26,ORD-105715,SKU-DAI-0303,1,Inkafarma Comas Pharmacy
25-Aug-26,ORD-105715,SKU-TOO-0069,7,El Tornillo Hardware
2026-08-25,ORD-105715,SKU-FRO-0246,2,La Lucha Restaurant
25-Aug-26,ORD-105716,SKU-BEA-0144,5,Happy Pet Store
26-Aug-26,ORD-105718,SKU-FRO-0278,10,Lucero Minimarket
26/08/2026,ORD-105718,SKU-OFF-0257,8,Lince Vet Center
2026-08-26,ORD-105718,SKU-CLE-0282,11,Lucero Minimarket
26-Aug-26,ORD-105719,SKU-FRO-0296,17,San Martin Corner Store
26-Aug-26,ORD-105719,SKU-FRO-0132,28,San Martin Corner Store
26/08/2026,ORD-105719,SKU-DAI-0184,6,Delta Construction
2026-08-26,ORD-105720,SKU-BEA-0183,10,Wong North Supermarkets
26-Aug-26,ORD-105720,SKU-SNA-0315,13,San Martin Corner Store
26-Aug-26,ORD-105720,SKU-HOM-0316,1,Wong North Supermarkets
26-Aug-26,ORD-105721,SKU-FRO-0136,2,Inkafarma Comas Pharmacy
26-Aug-26,ORD-105721,SKU-PET-0017,2,Delta Construction
26/08/2026,ORD-105722,SKU-DAI-0123,5,La Lucha Restaurant
26-Aug-26,ORD-105722,SKU-FRO-0196,13,Lince Vet Center
26-Aug-26,ORD-105722,SKU-HAR-0285,2,Lucero Minimarket
2026-08-26,ORD-105723,SKU-DAI-0184,7,San Martin Corner Store
26/08/2026,ORD-105723,SKU-FRO-0014,7,San Martin Corner Store
26-Aug-26,ORD-105724,SKU-FRO-0272,15,Wong North Supermarkets
2026-08-26,ORD-105724,SKU-DAI-0054,3,La Lucha Restaurant
2026-08-26,ORD-105725,SKU-DAI-0123,7,La Lucha Restaurant
2026-08-26,ORD-105725,SKU-FRO-0179,9,Wong North Supermarkets
26/08/2026,ORD-105725,SKU-DAI-0123,3,Lucero Minimarket
26-Aug-26,ORD-105726,SKU-GAR-0078,6,Andean Group Offices
26-Aug-26,ORD-105726,SKU-FRO-0267,17,Wong North Supermarkets
26/08/2026,ORD-105727,SKU-DAI-0003,15,Inkafarma Comas Pharmacy
26-Aug-26,ORD-105727,SKU-FRO-0246,4,Delta Construction
2026-08-26,ORD-105727,SKU-BEV-0150,1,Andean Group Offices
26/08/2026,ORD-105728,SKU-BEV-0192,5,Lince Vet Center
2026-08-26,ORD-105728,SKU-SNA-0292,10,Happy Pet Store
2026-08-26,ORD-105730,SKU-BEA-0151,4,Happy Pet Store
2026-08-26,ORD-105730,SKU-OFF-0284,5,Delta Construction
2026-08-26,ORD-105731,SKU-BEA-0264,6,Happy Pet Store
26-Aug-26,ORD-105731,SKU-BEA-0126,1,Happy Pet Store
26/08/2026,ORD-105731,SKU-FRO-0136,8,Lucero Minimarket
26/08/2026,ORD-105732,SKU-PET-0146,12,Wong North Supermarkets
26-Aug-26,ORD-105733,SKU-HOM-0253,13,Andean Group Offices
26/08/2026,ORD-105733,SKU-DAI-0303,3,El Tornillo Hardware
2026-08-26,ORD-105734,SKU-BEA-0177,2,Wong North Supermarkets
26/08/2026,ORD-105735, SKU-DAI-0123,3,Delta Construction
26-Aug-26,ORD-105736,SKU-FRO-0272,27,Delta Construction
2026-08-26,ORD-105736,SKU-OFF-0228,12,Lince Vet Center
26/08/2026,ORD-105736,SKU-HOM-0020,4,Wong North Supermarkets
2026-08-26,ORD-105737,SKU-BEA-0096,10,Delta Construction
2026-08-26,ORD-105738,SKU-FRO-0238,16,Lince Vet Center
26-Aug-26,ORD-105738,SKU-FRO-0090,26,Inkafarma Comas Pharmacy
2026-08-26,ORD-105738,SKU-DAI-0082,6,Delta Construction
26/08/2026,ORD-105739,SKU-HOM-0208,14,Lince Vet Center
26/08/2026,ORD-105739,SKU-OFF-0140,5,Andean Group Offices
26/08/2026,ORD-105739,SKU-HOM-0316,2,Wong North Supermarkets
26/08/2026,ORD-105740,SKU-HAR-0285,2,Andean Group Offices
2026-08-26,ORD-105740,SKU-BEV-0202,5,El Tornillo Hardware
26-Aug-26,ORD-105741,SKU-HOM-0286,3,San Martin Corner Store
26/08/2026,ORD-105741, SKU-TOO-0279,12,Inkafarma Comas Pharmacy
2026-08-26,ORD-105742,SKU-FRO-0296,1,Delta Construction
26-Aug-26,ORD-105742,SKU-FRO-0196,5,Lucero Minimarket
26/08/2026,ORD-105742,SKU-TOO-0200,7,La Lucha Restaurant
2026-08-26,ORD-105743,SKU-FRO-0267,6,La Lucha Restaurant
26/08/2026,ORD-105743,SKU-BEV-0311,7,El Tornillo Hardware
26/08/2026,ORD-105743,SKU-BEV-0174,5,Andean Group Offices
2026-08-26,ORD-105744,SKU-HOM-0020,6,San Martin Corner Store
2026-08-26,ORD-105744,SKU-PET-0318,3,Wong North Supermarkets
26-Aug-26,ORD-105745,SKU-FRO-0136,4,La Lucha Restaurant
2026-08-26,ORD-105746,SKU-GAR-0153,13,San Martin Corner Store
2026-08-26,ORD-105746,SKU-GAR-0021,7,San Martin Corner Store
26/08/2026,ORD-105747,SKU-CLE-0248,7,Lucero Minimarket
26/08/2026,ORD-105747,SKU-PET-0227,2,Delta Construction
26-Aug-26,ORD-105748,SKU-CLE-0061,27,Lince Vet Center
26/08/2026,ORD-105748,SKU-BEA-0126,5,Delta Construction
26/08/2026,ORD-105749,SKU-HOM-0204,15,La Lucha Restaurant
26-Aug-26,ORD-105749,SKU-SNA-0199,12,San Martin Corner Store
2026-08-26,ORD-105750,SKU-HOM-0065,5,Delta Construction
26/08/2026,ORD-105750,SKU-FRO-0267,7,Lince Vet Center
2026-08-26,ORD-105750,SKU-FRO-0090,10,Lince Vet Center
26-Aug-26,ORD-105751,SKU-PET-0318,2,El Tornillo Hardware
26-Aug-26,ORD-105751,SKU-CLE-0263,9,San Martin Corner Store
26/08/2026,ORD-105752,SKU-SNA-0292,7,El Tornillo Hardware
2026-08-26,ORD-105752,SKU-DAI-0313,24,Lucero Minimarket
26/08/2026,ORD-105752,SKU-TOO-0122,1,Delta Construction
26-Aug-26,ORD-105753,SKU-FRO-0196,13,Inkafarma Comas Pharmacy
2026-08-26,ORD-105753,SKU-DAI-0184,18,La Lucha Restaurant
26-Aug-26,ORD-105753,SKU-HOM-0286,3,La Lucha Restaurant
26/08/2026,ORD-105754,SKU-FRO-0267,7,Wong North Supermarkets
26/08/2026,ORD-105755,SKU-PET-0040,3,El Tornillo Hardware
2026-08-26,ORD-105755,SKU-TOO-0122,1,El Tornillo Hardware
26/08/2026,ORD-105756,SKU-TOO-0125,1,Wong North Supermarkets
26/08/2026,ORD-105757,SKU-DAI-0070,8,La Lucha Restaurant
2026-08-26,ORD-105757,SKU-FRO-0085,6,Inkafarma Comas Pharmacy
2026-08-26,ORD-105757, SKU-TOO-0172,20,La Lucha Restaurant
26-Aug-26,ORD-105758,SKU-DAI-0184,11,Happy Pet Store
2026-08-26,ORD-105758,SKU-DAI-0169,13,Wong North Supermarkets
26-Aug-26,ORD-105758,SKU-DAI-0184,3,Andean Group Offices
26-Aug-26,ORD-105759,SKU-DAI-0169,11,Lucero Minimarket
2026-08-26,ORD-105759,SKU-BEA-0291,2,El Tornillo Hardware
26-Aug-26,ORD-105759,SKU-DAI-0082,2,Lucero Minimarket
26-Aug-26,ORD-105760,SKU-TOO-0279,10,Inkafarma Comas Pharmacy
26/08/2026,ORD-105760,sku-bea-0312,19,Inkafarma Comas Pharmacy
26-Aug-26,ORD-105760,SKU-FRO-0246,1,Inkafarma Comas Pharmacy
2026-08-26,ORD-105761,SKU-OFF-0140,9,San Martin Corner Store
2026-08-26,ORD-105761,SKU-GAR-0078,9,Delta Construction
26/08/2026,ORD-105762,SKU-DAI-0184,18,Andean Group Offices
2026-08-26,ORD-105762,SKU-BEV-0311,19,Andean Group Offices
26-Aug-26,ORD-105762,SKU-HAR-0309,17,Delta Construction
2026-08-26,ORD-105763,SKU-TOO-0049,2,El Tornillo Hardware
26-Aug-26,ORD-105763,SKU-CLE-0041,15,Happy Pet Store
2026-08-26,ORD-105764,sku-dai-0070,8,Happy Pet Store
2026-08-26,ORD-105764,SKU-CLE-0018,1,Inkafarma Comas Pharmacy
26/08/2026,ORD-105765,SKU-BEA-0291,10,Inkafarma Comas Pharmacy
2026-08-26,ORD-105765,SKU-DAI-0313,4,El Tornillo Hardware
26-Aug-26,ORD-105766,SKU-HOM-0065,7,Andean Group Offices
26-Aug-26,ORD-105766,SKU-TOO-0125,3,Inkafarma Comas Pharmacy
26/08/2026,ORD-105766,SKU-OFF-0140,5,Wong North Supermarkets
26-Aug-26,ORD-105767,SKU-GAR-0116,12,El Tornillo Hardware
26-Aug-26,ORD-105768,SKU-OFF-0249,8,Lince Vet Center
26-Aug-26,ORD-105768,SKU-HAR-0285,7,San Martin Corner Store
2026-08-26,ORD-105769,SKU-BEA-0045,14,Happy Pet Store
2026-08-26,ORD-105769,SKU-GAR-0157,18,Delta Construction
26-Aug-26,ORD-105770,SKU-FRO-0213,10,Wong North Supermarkets
2026-08-26,ORD-105770,SKU-OFF-0060,12,La Lucha Restaurant
2026-08-26,ORD-105770,SKU-FRO-0085,7,El Tornillo Hardware
26/08/2026,ORD-105772,SKU-CLE-0299,18,Delta Construction
26/08/2026,ORD-105772,SKU-BEA-0308,7,Happy Pet Store
26/08/2026,ORD-105773,SKU CLE 0263,6,Inkafarma Comas Pharmacy
26-Aug-26,ORD-105773,SKU-FRO-0179,4,Wong North Supermarkets
2026-08-26,ORD-105775,SKU-OFF-0284,13,La Lucha Restaurant
26-Aug-26,ORD-105775,SKU-FRO-0278,3,Wong North Supermarkets
26/08/2026,ORD-105775,SKU-BEA-0045,14,Inkafarma Comas Pharmacy
26-Aug-26,ORD-105776,SKU-OFF-0074,11,Lince Vet Center
2026-08-26,ORD-105776,SKU-DAI-0184,4,El Tornillo Hardware
26/08/2026,ORD-105777,SKU-HAR-0266,10,El Tornillo Hardware
2026-08-26,ORD-105778,SKU-GAR-0039,15,Lucero Minimarket
26/08/2026,ORD-105779,SKU-PET-0040,23,El Tornillo Hardware
26-Aug-26,ORD-105779,SKU-DAI-0082,9,Delta Construction
2026-08-26,ORD-105779,SKU-OFF-0228,12,Inkafarma Comas Pharmacy
26/08/2026,ORD-105780,SKU-BEA-0291,4,Andean Group Offices
26/08/2026,ORD-105781,SKU-OFF-0284,3,San Martin Corner Store
26/08/2026,ORD-105781,SKU-OFF-0259,1,San Martin Corner Store
26/08/2026,ORD-105782,SKU-OFF-0140,14,Lucero Minimarket
26/08/2026,ORD-105783,SKU-PET-0155,25,Inkafarma Comas Pharmacy
26-Aug-26,ORD-105784,SKU-DAI-0184,13,Lince Vet Center
2026-08-26,ORD-105785,SKU-OFF-0257,4,Wong North Supermarkets
2026-08-26,ORD-105785,SKU-SNA-0244,8,Andean Group Offices
26-Aug-26,ORD-105785,SKU-FRO-0296,12,Inkafarma Comas Pharmacy
26-Aug-26,ORD-105786,SKU-FRO-0267,4,Andean Group Offices
2026-08-26,ORD-105786,SKU-PET-0087,3,San Martin Corner Store
26-Aug-26,ORD-105787,SKU-HOM-0127,6,Andean Group Offices
26/08/2026,ORD-105787,SKU-SNA-0171,19,Lince Vet Center
26-Aug-26,ORD-105788,SKU-FRO-0278,11,San Martin Corner Store
26/08/2026,ORD-105788,SKU-DAI-0313,11,La Lucha Restaurant
2026-08-26,ORD-105788,SKU-CLE-0248,5,Lince Vet Center
26-Aug-26,ORD-105789,SKU-TOO-0049,15,Wong North Supermarkets
26/08/2026,ORD-105789,SKU-FRO-0288,1,San Martin Corner Store
26/08/2026,ORD-105790,SKU-DAI-0169,3,Happy Pet Store
26/08/2026,ORD-105790,SKU-SNA-0199,2,Delta Construction
2026-08-26,ORD-105791,SKU-DAI-0313,23,Wong North Supermarkets
26/08/2026,ORD-105791,SKU-OFF-0283,22,Wong North Supermarkets
26/08/2026,ORD-105792,SKU-PET-0106,16,Delta Construction
26-Aug-26,ORD-105792,SKU-BEV-0219,3,El Tornillo Hardware
26/08/2026,ORD-105792,SKU-DAI-0082,2,Lince Vet Center
2026-08-26,ORD-105793,SKU-BEV-0202,5,Inkafarma Comas Pharmacy
26/08/2026,ORD-105794,SKU-BEA-0073,15,Happy Pet Store
26/08/2026,ORD-105794,SKU-FRO-0196,2,El Tornillo Hardware
2026-08-26,ORD-105795,SKU-FRO-0288,2,Wong North Supermarkets
26/08/2026,ORD-105795,SKU-BEA-0264,2,Lucero Minimarket
26-Aug-26,ORD-105796,SKU-HAR-0309,10,San Martin Corner Store
2026-08-26,ORD-105796,SKU-BEV-0219,8,Lince Vet Center
26-Aug-26,ORD-105797,SKU-DAI-0082,8,Wong North Supermarkets
26/08/2026,ORD-105798,SKU-CLE-0139,9,La Lucha Restaurant
26-Aug-26,ORD-105799,SKU-CLE-0018,4,El Tornillo Hardware
26/08/2026,ORD-105800,SKU-OFF-0225,17,San Martin Corner Store
26/08/2026,ORD-105800,SKU-BEA-0019,4,Lucero Minimarket
26/08/2026,ORD-105801,SKU-BEV-0219,5,Lucero Minimarket
2026-08-26,ORD-105801,SKU-OFF-0284,15,San Martin Corner Store
26/08/2026,ORD-105801,SKU-FRO-0213,1,Delta Construction
26-Aug-26,ORD-105802,SKU-FRO-0288,2,Wong North Supermarkets
26-Aug-26,ORD-105803,SKU-DAI-0184,1,Lince Vet Center
26-Aug-26,ORD-105803,SKU-BEA-0177,5,Delta Construction
26-Aug-26,ORD-105804,SKU-OFF-0284,12,Delta Construction
26-Aug-26,ORD-105804,SKU-DAI-0303,2,La Lucha Restaurant
26/08/2026,ORD-105805,SKU-DAI-0169,10,El Tornillo Hardware
26/08/2026,ORD-105805,SKU-CLE-0231,3,San Martin Corner Store
26-Aug-26,ORD-105806,SKU-HOM-0204,8,Wong North Supermarkets
26/08/2026,ORD-105807,SKU-FRO-0196,7,Andean Group Offices
26-Aug-26,ORD-105807,SKU-SNA-0100,7,Lucero Minimarket
26/08/2026,ORD-105807,SKU-BEA-0126,7,Andean Group Offices
2026-08-26,ORD-105808,SKU-FRO-0267,14,Lince Vet Center
26/08/2026,ORD-105808,SKU-OFF-0257,4,Lucero Minimarket
2026-08-26,ORD-105809,SKU-CLE-0282,1,Delta Construction
2026-08-26,ORD-105809,SKU-FRO-0109,7,Delta Construction
2026-08-26,ORD-105810,SKU-OFF-0257,5,San Martin Corner Store
26/08/2026,ORD-105810,SKU-OFF-0010,3,La Lucha Restaurant
26/08/2026,ORD-105812,SKU-BEV-0162,4,Inkafarma Comas Pharmacy
2026-08-26,ORD-105812,SKU-HOM-0013,4,Wong North Supermarkets
26/08/2026,ORD-105813,SKU-OFF-0259,30,Happy Pet Store
26-Aug-26,ORD-105813,SKU-TOO-0221,5,San Martin Corner Store
26-Aug-26,ORD-105814,SKU-TOO-0049,2,Lince Vet Center
26/08/2026,ORD-105815,SKU-BEA-0191,9,Delta Construction
26/08/2026,ORD-105815,SKU-TOO-0026,1,San Martin Corner Store
26-Aug-26,ORD-105816,SKU-BEA-0062,10,El Tornillo Hardware
26-Aug-26,ORD-105816,SKU-DAI-0164,4,El Tornillo Hardware
26-Aug-26,ORD-105817,SKU-GAR-0021,7,La Lucha Restaurant
26/08/2026,ORD-105817,SKU-BEV-0084,20,Delta Construction
2026-08-26,ORD-105818,SKU-CLE-0240,13,Happy Pet Store
26-Aug-26,ORD-105819,SKU-FRO-0272,5,Happy Pet Store
26/08/2026,ORD-105820,SKU-FRO-0109,3,Lince Vet Center
26-Aug-26,ORD-105820,SKU-BEA-0291,9,Inkafarma Comas Pharmacy
26/08/2026,ORD-105820, SKU-BEV-0174,5,La Lucha Restaurant
26/08/2026,ORD-105821,SKU-HAR-0309,19,La Lucha Restaurant
26-Aug-26,ORD-105821,SKU-GAR-0195,19,Lince Vet Center
2026-08-26,ORD-105822,SKU-GAR-0195,5,El Tornillo Hardware
2026-08-26,ORD-105823,SKU-HOM-0286,5,Lince Vet Center
26-Aug-26,ORD-105823,SKU-TOO-0216,17,Inkafarma Comas Pharmacy
26/08/2026,ORD-105823,SKU-FRO-0272,5,Inkafarma Comas Pharmacy
2026-08-26,ORD-105824,SKU FRO 0132,15,Lince Vet Center
26-Aug-26,ORD-105824,SKU-TOO-0221,7,San Martin Corner Store
26-Aug-26,ORD-105824,SKU-GAR-0039,8,Delta Construction
2026-08-26,ORD-105825,SKU-BEA-0312,14,Lince Vet Center
26-Aug-26,ORD-105826,SKU-FRO-0196,11,Inkafarma Comas Pharmacy
2026-08-26,ORD-105826,SKU-FRO-0267,1,San Martin Corner Store
2026-08-26,ORD-105826,SKU-GAR-0111,15,Inkafarma Comas Pharmacy
26-Aug-26,ORD-105827,SKU-FRO-0213,5,San Martin Corner Store
26-Aug-26,ORD-105828,SKU-BEV-0037,4,San Martin Corner Store
26-Aug-26,ORD-105828,SKU-BEV-0037,2,Lucero Minimarket
26/08/2026,ORD-105828,SKU-SNA-0097,5,San Martin Corner Store
26/08/2026,ORD-105829,SKU-TOO-0122,5,El Tornillo Hardware
26-Aug-26,ORD-105829,SKU-FRO-0136,7,El Tornillo Hardware
26/08/2026,ORD-105830,SKU-FRO-0132,24,Lucero Minimarket
2026-08-26,ORD-105831,SKU-BEA-0144,7,Andean Group Offices
26-Aug-26,ORD-105831,SKU-BEA-0019,9,Lince Vet Center
26/08/2026,ORD-105832,SKU-SNA-0046,11,Inkafarma Comas Pharmacy
2026-08-26,ORD-105832,SKU-BEA-0045,19,Lince Vet Center
2026-08-26,ORD-105833,SKU-BEV-0219,12,Lince Vet Center
26-Aug-26,ORD-105833,SKU-CLE-0041,16,San Martin Corner Store
26-Aug-26,ORD-105834,SKU-SNA-0100,3,La Lucha Restaurant
2026-08-26,ORD-105834,SKU-BEA-0185,13,Delta Construction
26-Aug-26,ORD-105835,SKU-SNA-0223,5,Lince Vet Center
2026-08-26,ORD-105836,SKU-DAI-0164,6,Lucero Minimarket
2026-08-26,ORD-105837,SKU-PET-0040,15,Inkafarma Comas Pharmacy
26-Aug-26,ORD-105838,SKU-OFF-0228,13,Wong North Supermarkets
26-Aug-26,ORD-105838,SKU-PET-0102,7,La Lucha Restaurant
26/08/2026,ORD-105839,SKU-HAR-0266,3,Wong North Supermarkets
26/08/2026,ORD-105840,SKU-TOO-0279,12,Andean Group Offices
26/08/2026,ORD-105840,SKU-BEV-0162,9,Andean Group Offices
26/08/2026,ORD-105840,SKU-BEA-0073,21,Lince Vet Center
2026-08-26,ORD-105841,SKU-FRO-0238,13,Wong North Supermarkets
26/08/2026,ORD-105841,SKU BEA 0310,1,Inkafarma Comas Pharmacy
2026-08-26,ORD-105842,SKU-DAI-0082,7,Inkafarma Comas Pharmacy
2026-08-26,ORD-105842,SKU-FRO-0238,13,Lince Vet Center
26/08/2026,ORD-105843,SKU-FRO-0114,5,Andean Group Offices
26-Aug-26,ORD-105844,SKU-DAI-0082,6,Happy Pet Store
2026-08-26,ORD-105844,SKU-DAI-0072,2,Lucero Minimarket
26-Aug-26,ORD-105845,SKU-DAI-0164,6,La Lucha Restaurant
2026-08-26,ORD-105846,SKU-DAI-0082,6,Happy Pet Store
26-Aug-26,ORD-105846,SKU-BEA-0006,9,El Tornillo Hardware
26-Aug-26,ORD-105847,SKU-TOO-0221,7,Lucero Minimarket
2026-08-26,ORD-105847,SKU-SNA-0100,17,Delta Construction
26-Aug-26,ORD-105847,SKU-FRO-0090,12,Delta Construction
26/08/2026,ORD-105848,SKU-DAI-0313,22,Lince Vet Center
2026-08-26,ORD-105849,SKU-TOO-0069,7,Delta Construction
26-Aug-26,ORD-105849, SKU-SNA-0244,5,El Tornillo Hardware
2026-08-26,ORD-105850,SKU-FRO-0267,5,Inkafarma Comas Pharmacy
26/08/2026,ORD-105851,SKU-SNA-0233,1,La Lucha Restaurant
26-Aug-26,ORD-105851,SKU-PET-0146,10,San Martin Corner Store
26-Aug-26,ORD-105852,SKU-DAI-0082,8,San Martin Corner Store
2026-08-26,ORD-105852,SKU-CLE-0041,5,Lucero Minimarket
26-Aug-26,ORD-105852,SKU-HOM-0127,9,San Martin Corner Store
26/08/2026,ORD-105853,SKU-BEA-0177,5,Lince Vet Center
26/08/2026,ORD-105853,SKU-DAI-0082,3,Delta Construction
26-Aug-26,ORD-105854,SKU-FRO-0085,4,Happy Pet Store
26/08/2026,ORD-105855,SKU-FRO-0238,7,La Lucha Restaurant
2026-08-26,ORD-105855,SKU-TOO-0067,4,Lince Vet Center
2026-08-26,ORD-105856,SKU-DAI-0303,3,Wong North Supermarkets
26-Aug-26,ORD-105856,SKU-DAI-0072,11,Inkafarma Comas Pharmacy
26-Aug-26,ORD-105856,SKU-OFF-0140,3,La Lucha Restaurant
2026-08-26,ORD-105857,SKU-SNA-0292,4,Inkafarma Comas Pharmacy
26/08/2026,ORD-105857,SKU-HAR-0309,16,Delta Construction
2026-08-26,ORD-105858,SKU-TOO-0245,17,Happy Pet Store
26/08/2026,ORD-105858,SKU-BEA-0045,12,Lince Vet Center
26/08/2026,ORD-105858,SKU-OFF-0284,9,Happy Pet Store
26-Aug-26,ORD-105859,SKU-BEA-0045,19,Wong North Supermarkets
26/08/2026,ORD-105859,SKU-DAI-0303,4,Lince Vet Center
26/08/2026,ORD-105860,SKU-DAI-0072,6,San Martin Corner Store
26/08/2026,ORD-105860,SKU-GAR-0113,7,Lucero Minimarket
26/08/2026,ORD-105861,SKU-GAR-0153,2,La Lucha Restaurant
26/08/2026,ORD-105861,SKU-TOO-0069,5,El Tornillo Hardware
26/08/2026,ORD-105862,SKU-FRO-0272,5,Wong North Supermarkets
26/08/2026,ORD-105862,SKU-DAI-0054,7,Lince Vet Center
26/08/2026,ORD-105863,SKU-FRO-0213,18,Happy Pet Store
26/08/2026,ORD-105863,SKU-FRO-0261,4,Happy Pet Store
2026-08-26,ORD-105863,SKU-OFF-0257,3,Andean Group Offices
2026-08-26,ORD-105864,SKU-BEV-0180,3,Lince Vet Center
26/08/2026,ORD-105864,SKU-PET-0217,11,Andean Group Offices
26/08/2026,ORD-105865,SKU-BEA-0177,3,El Tornillo Hardware
2026-08-26,ORD-105866,SKU-BEV-0180,11,La Lucha Restaurant
26-Aug-26,ORD-105866,SKU-OFF-0257,6,El Tornillo Hardware
26-Aug-26,ORD-105867,SKU-PET-0227,1,Happy Pet Store
26-Aug-26,ORD-105867,SKU-FRO-0288,2,Inkafarma Comas Pharmacy
26-Aug-26,ORD-105868,SKU-PET-0040,5,Delta Construction
2026-08-26,ORD-105868,SKU-DAI-0169,14,Inkafarma Comas Pharmacy
26/08/2026,ORD-105869,SKU-FRO-0278,10,La Lucha Restaurant
2026-08-26,ORD-105869,SKU-GAR-0157,10,Wong North Supermarkets
2026-08-26,ORD-105870,SKU-PET-0270,7,Inkafarma Comas Pharmacy
26-Aug-26,ORD-105870,SKU-DAI-0082,4,San Martin Corner Store
2026-08-26,ORD-105870,SKU-SNA-0223,11,Lucero Minimarket
26-Aug-26,ORD-105871,SKU-OFF-0140,3,Wong North Supermarkets
26/08/2026,ORD-105871,SKU-OFF-0228,22,La Lucha Restaurant
26-Aug-26,ORD-105872,SKU-FRO-0272,18,Happy Pet Store
26/08/2026,ORD-105872,SKU-BEA-0019,2,Inkafarma Comas Pharmacy
26-Aug-26,ORD-105873,SKU-OFF-0225,3,La Lucha Restaurant
26-Aug-26,ORD-105873,SKU-DAI-0054,7,Inkafarma Comas Pharmacy
2026-08-26,ORD-105874,SKU-OFF-0007,6,La Lucha Restaurant
26-Aug-26,ORD-105874,SKU-FRO-0238,15,Lucero Minimarket
26-Aug-26,ORD-105875,SKU-PET-0099,8,Lince Vet Center
2026-08-26,ORD-105875,SKU-BEA-0308,14,La Lucha Restaurant
2026-08-26,ORD-105876,SKU-PET-0227,4,Andean Group Offices
26/08/2026,ORD-105876,SKU-FRO-0136,7,Lucero Minimarket
26/08/2026,ORD-105877,SKU-FRO-0267,10,Andean Group Offices
26-Aug-26,ORD-105878,SKU-TOO-0210,12,Wong North Supermarkets
26/08/2026,ORD-105878,SKU-FRO-0196,10,El Tornillo Hardware
26-Aug-26,ORD-105879,SKU-HAR-0254,13,Delta Construction
2026-08-26,ORD-105879,SKU-PET-0106,8,Inkafarma Comas Pharmacy
2026-08-26,ORD-105880,SKU-TOO-0080,2,Happy Pet Store
26/08/2026,ORD-105881,SKU-HOM-0289,8,Lucero Minimarket
26/08/2026,ORD-105882,SKU-SNA-0097,5,Delta Construction
26-Aug-26,ORD-105882,SKU-FRO-0179,4,San Martin Corner Store
2026-08-26,ORD-105882,SKU-FRO-0213,1,San Martin Corner Store
2026-08-26,ORD-105883,SKU-HOM-0020,2,Inkafarma Comas Pharmacy
2026-08-26,ORD-105883,SKU-OFF-0249,3,Inkafarma Comas Pharmacy
26-Aug-26,ORD-105884,SKU-HOM-0166,18,Lince Vet Center
26-Aug-26,ORD-105885,SKU-PET-0106,6,La Lucha Restaurant
2026-08-26,ORD-105886,SKU-DAI-0169,6,El Tornillo Hardware
2026-08-26,ORD-105887,SKU-GAR-0111,10,Lucero Minimarket
26-Aug-26,ORD-105887,SKU-CLE-0209,12,Andean Group Offices
26-Aug-26,ORD-105887,SKU-CLE-0231,6,San Martin Corner Store
2026-08-26,ORD-105888,SKU-FRO-0196,7,Wong North Supermarkets
26-Aug-26,ORD-105888,SKU-HOM-0204,5,Happy Pet Store
2026-08-26,ORD-105889,SKU-DAI-0313,9,Inkafarma Comas Pharmacy
26-Aug-26,ORD-105889,SKU-BEV-0005,4,Wong North Supermarkets
2026-08-26,ORD-105890,SKU-GAR-0078,4,Happy Pet Store
26/08/2026,ORD-105890,SKU-BEV-0005,1,Lince Vet Center
26-Aug-26,ORD-105891,SKU-CLE-0018,13,Delta Construction
2026-08-26,ORD-105891,SKU-DAI-0184,12,Andean Group Offices
2026-08-26,ORD-105892,SKU-DAI-0082,2,Lucero Minimarket
26/08/2026,ORD-105893,SKU-BEV-0176,8,Wong North Supermarkets
2026-08-26,ORD-105894,SKU-DAI-0184,12,Happy Pet Store
2026-08-26,ORD-105894, SKU-HOM-0286,2,Lince Vet Center
26-Aug-26,ORD-105895,SKU-HOM-0262,9,Lince Vet Center
26-Aug-26,ORD-105895,SKU-TOO-0125,6,Andean Group Offices
26-Aug-26,ORD-105895,SKU-CLE-0231,4,San Martin Corner Store
26-Aug-26,ORD-105896,SKU-OFF-0259,13,La Lucha Restaurant
26/08/2026,ORD-105896,SKU-GAR-0078,7,San Martin Corner Store
26-Aug-26,ORD-105897,SKU-OFF-0010,8,Delta Construction
26/08/2026,ORD-105897,SKU-FRO-0267,6,La Lucha Restaurant
26-Aug-26,ORD-105898,SKU-PET-0173,2,Wong North Supermarkets
26-Aug-26,ORD-105898,SKU-DAI-0123,1,El Tornillo Hardware
26/08/2026,ORD-105898,SKU-BEA-0264,8,Wong North Supermarkets
2026-08-26,ORD-105900,SKU-BEV-0174,1,San Martin Corner Store
26/08/2026,ORD-105901,SKU-PET-0087,3,La Lucha Restaurant
26/08/2026,ORD-105901,SKU-FRO-0114,4,Andean Group Offices
26-Aug-26,ORD-105902,SKU-SNA-0319,1,San Martin Corner Store
2026-08-26,ORD-105903,SKU-BEA-0096,7,San Martin Corner Store
26/08/2026,ORD-105903,SKU-DAI-0313,5,El Tornillo Hardware
26-Aug-26,ORD-105903,SKU-GAR-0039,9,Lucero Minimarket
26/08/2026,ORD-105904,SKU-HOM-0020,3,Inkafarma Comas Pharmacy
26-Aug-26,ORD-105904,SKU-BEA-0062,6,Happy Pet Store
2026-08-26,ORD-105905,SKU-DAI-0184,16,Happy Pet Store
26-Aug-26,ORD-105905,SKU-TOO-0067,4,Happy Pet Store
2026-08-26,ORD-105905,SKU-FRO-0267,1,Wong North Supermarkets
26/08/2026,ORD-105906,SKU-BEA-0291,8,Inkafarma Comas Pharmacy
2026-08-26,ORD-105906,SKU-BEA-0062,1,Happy Pet Store
2026-08-26,ORD-105907,SKU-FRO-0090,11,Happy Pet Store
26-Aug-26,ORD-105907,SKU-TOO-0154,6,Andean Group Offices
2026-08-26,ORD-105908,SKU-DAI-0082,7,San Martin Corner Store
26-Aug-26,ORD-105908,SKU-FRO-0272,3,Wong North Supermarkets
26-Aug-26,ORD-105908,SKU-PET-0155,30,San Martin Corner Store
2026-08-26,ORD-105909,sku-hom-0089,10,Happy Pet Store
26/08/2026,ORD-105909,SKU-SNA-0315,18,Lucero Minimarket
26-Aug-26,ORD-105910,SKU-DAI-0123,5,San Martin Corner Store
26-Aug-26,ORD-105910,SKU DAI 0082,7,Inkafarma Comas Pharmacy
26-Aug-26,ORD-105911,SKU-BEA-0177,4,La Lucha Restaurant
2026-08-26,ORD-105912,SKU-FRO-0261,6,Inkafarma Comas Pharmacy
26/08/2026,ORD-105912,SKU-DAI-0164,2,Wong North Supermarkets
26/08/2026,ORD-105913,SKU-FRO-0109,5,Lince Vet Center
2026-08-26,ORD-105913,SKU-DAI-0164,2,Andean Group Offices
2026-08-26,ORD-105914,SKU-BEA-0045,19,Happy Pet Store
26-Aug-26,ORD-105915,SKU-DAI-0164,6,La Lucha Restaurant
2026-08-26,ORD-105915,SKU-BEV-0058,18,Lucero Minimarket
26/08/2026,ORD-105915,SKU-BEA-0264,8,La Lucha Restaurant
2026-08-26,ORD-105916,SKU-DAI-0164,3,Lucero Minimarket
2026-08-26,ORD-105916,SKU-FRO-0132,28,Andean Group Offices
26/08/2026,ORD-105916,SKU-DAI-0082,4,Andean Group Offices
26-Aug-26,ORD-105917,SKU-FRO-0114,15,Lince Vet Center
26/08/2026,ORD-105917,SKU-FRO-0085,1,Andean Group Offices
26-Aug-26,ORD-105917,SKU-TOO-0080,4,Lucero Minimarket
26/08/2026,ORD-105918,SKU-DAI-0303,1,San Martin Corner Store
2026-08-26,ORD-105918,SKU-FRO-0114,5,Lucero Minimarket
26/08/2026,ORD-105918,SKU-PET-0017,2,Lucero Minimarket
2026-08-26,ORD-105919,SKU-DAI-0070,2,Lince Vet Center
26/08/2026,ORD-105920,SKU-DAI-0054,10,Wong North Supermarkets
26/08/2026,ORD-105920,SKU-OFF-0010,1,San Martin Corner Store
26-Aug-26,ORD-105921,SKU-CLE-0018,13,Happy Pet Store
26-Aug-26,ORD-105922,SKU-TOO-0049,18,San Martin Corner Store
2026-08-26,ORD-105922,SKU-DAI-0070,13,El Tornillo Hardware
2026-08-26,ORD-105923,SKU-BEA-0034,14,El Tornillo Hardware
26-Aug-26,ORD-105924,SKU-BEV-0037,9,Andean Group Offices
26/08/2026,ORD-105924,SKU-HOM-0262,4,Andean Group Offices
2026-08-26,ORD-105924,SKU-SNA-0051,5,Lucero Minimarket
2026-08-26,ORD-105925,SKU-SNA-0057,16,La Lucha Restaurant
26/08/2026,ORD-105925,SKU-SNA-0057,16,Happy Pet Store
2026-08-26,ORD-105926,SKU-OFF-0228,23,Andean Group Offices
26/08/2026,ORD-105927, SKU-OFF-0140,15,El Tornillo Hardware
26-Aug-26,ORD-105927,SKU-FRO-0238,11,La Lucha Restaurant
26-Aug-26,ORD-105928,SKU-BEA-0034,5,La Lucha Restaurant
26/08/2026,ORD-105928,SKU-PET-0155,27,Delta Construction
26/08/2026,ORD-105929,SKU-SNA-0057,14,Andean Group Offices
26-Aug-26,ORD-105929,SKU-CLE-0041,9,Andean Group Offices
2026-08-26,ORD-105929,SKU-PET-0155,12,Wong North Supermarkets
26/08/2026,ORD-105930,SKU-OFF-0043,3,Andean Group Offices
2026-08-26,ORD-105930,SKU-DAI-0169,14,Inkafarma Comas Pharmacy
26-Aug-26,ORD-105930,SKU-OFF-0225,14,Delta Construction
26-Aug-26,ORD-105931,SKU-SNA-0292,8,Lucero Minimarket
26-Aug-26,ORD-105931,SKU-TOO-0056,6,Andean Group Offices
26/08/2026,ORD-105932,SKU-DAI-0184,10,Delta Construction
26/08/2026,ORD-105932,SKU-FRO-0196,3,San Martin Corner Store
2026-08-26,ORD-105932,SKU-BEV-0202,6,San Martin Corner Store
2026-08-26,ORD-105933,SKU-SNA-0315,12,Lucero Minimarket
2026-08-26,ORD-105934,SKU-PET-0173,6,Happy Pet Store
26/08/2026,ORD-105934,SKU-HOM-0316,9,Inkafarma Comas Pharmacy
26/08/2026,ORD-105934,SKU-OFF-0007,5,Wong North Supermarkets
26-Aug-26,ORD-105935,SKU-CLE-0248,5,San Martin Corner Store
2026-08-26,ORD-105936,SKU-GAR-0287,6,Lince Vet Center
26-Aug-26,ORD-105936,SKU-PET-0040,3,Inkafarma Comas Pharmacy
26/08/2026,ORD-105936,SKU-FRO-0296,15,Lince Vet Center
2026-08-26,ORD-105937,sku-too-0080,2,San Martin Corner Store
26/08/2026,ORD-105937,SKU-SNA-0223,3,Lince Vet Center
26-Aug-26,ORD-105938,SKU-BEV-0176,1,Happy Pet Store
26/08/2026,ORD-105938,SKU-TOO-0172,9,Wong North Supermarkets
26/08/2026,ORD-105939,SKU-FRO-0288,3,Happy Pet Store
2026-08-26,ORD-105940,SKU-DAI-0072,12,La Lucha Restaurant
2026-08-26,ORD-105940,SKU-GAR-0113,15,Wong North Supermarkets
27-Aug-26,ORD-105940,SKU-BEA-0126,6,Delta Construction
27-Aug-26,ORD-105941,SKU-BEA-0185,2,Happy Pet Store
27-Aug-26,ORD-105941,SKU-FRO-0296,14,San Martin Corner Store
2026-08-27,ORD-105942,SKU-HOM-0316,4,San Martin Corner Store
27/08/2026,ORD-105943,SKU-BEA-0191,2,Delta Construction
27-Aug-26,ORD-105943,SKU-DAI-0184,11,Lucero Minimarket
27-Aug-26,ORD-105944,SKU-FRO-0136,8,Lince Vet Center
27/08/2026,ORD-105944,SKU-BEA-0045,9,Inkafarma Comas Pharmacy
27-Aug-26,ORD-105945,SKU-SNA-0315,11,La Lucha Restaurant
27/08/2026,ORD-105945,SKU-CLE-0028,8,Inkafarma Comas Pharmacy
27/08/2026,ORD-105946,SKU-DAI-0303,3,Wong North Supermarkets
2026-08-27,ORD-105946,SKU-FRO-0014,9,Delta Construction
27-Aug-26,ORD-105947,SKU-OFF-0228,10,Lucero Minimarket
2026-08-27,ORD-105947,SKU-FRO-0213,18,Lince Vet Center
27/08/2026,ORD-105947,SKU-SNA-0171,12,El Tornillo Hardware
27-Aug-26,ORD-105948,SKU-BEA-0151,1,Inkafarma Comas Pharmacy
27-Aug-26,ORD-105948,SKU-BEA-0291,3,Andean Group Offices
2026-08-27,ORD-105948,SKU-TOO-0172,16,San Martin Corner Store
27-Aug-26,ORD-105949,SKU-DAI-0003,9,Delta Construction
27-Aug-26,ORD-105950,SKU-TOO-0069,1,Lince Vet Center
27-Aug-26,ORD-105950,SKU-PET-0099,27,Wong North Supermarkets
27-Aug-26,ORD-105950,SKU-CLE-0028,10,Wong North Supermarkets
2026-08-27,ORD-105951,SKU-HAR-0309,7,El Tornillo Hardware
2026-08-27,ORD-105952,SKU-FRO-0267,12,Inkafarma Comas Pharmacy
27/08/2026,ORD-105952,SKU-BEV-0242,16,Lucero Minimarket
27-Aug-26,ORD-105952,SKU-CLE-0041,6,Delta Construction
27/08/2026,ORD-105953,SKU-BEA-0163,2,San Martin Corner Store
2026-08-27,ORD-105954,SKU-TOO-0125,11,Delta Construction
27/08/2026,ORD-105954,SKU-HAR-0309,1,San Martin Corner Store
27/08/2026,ORD-105954,SKU-DAI-0184,13,Lucero Minimarket
27/08/2026,ORD-105955,SKU-BEA-0215,1,Lucero Minimarket
27/08/2026,ORD-105955,SKU-OFF-0283,4,Inkafarma Comas Pharmacy
27/08/2026,ORD-105956,SKU-OFF-0236,5,Happy Pet Store
2026-08-27,ORD-105957,SKU-BEA-0045,21,Andean Group Offices
27/08/2026,ORD-105957,SKU-HOM-0286,3,Wong North Supermarkets
2026-08-27,ORD-105957,SKU-DAI-0313,6,El Tornillo Hardware
27-Aug-26,ORD-105958,SKU-TOO-0200,15,San Martin Corner Store
27/08/2026,ORD-105958,SKU-BEV-0202,5,Lince Vet Center
27/08/2026,ORD-105959,SKU-FRO-0296,17,Delta Construction
27/08/2026,ORD-105959,SKU-FRO-0246,4,San Martin Corner Store
2026-08-27,ORD-105960,SKU-PET-0031,6,Delta Construction
27-Aug-26,ORD-105961,SKU-PET-0217,3,La Lucha Restaurant
2026-08-27,ORD-105962,SKU-FRO-0296,3,El Tornillo Hardware
27-Aug-26,ORD-105962,SKU-PET-0040,1,La Lucha Restaurant
2026-08-27,ORD-105963,SKU-GAR-0287,2,San Martin Corner Store
27/08/2026,ORD-105964,SKU-HOM-0204,3,Lucero Minimarket
27-Aug-26,ORD-105964,SKU-PET-0318,17,Lucero Minimarket
2026-08-27,ORD-105965,SKU-CLE-0240,3,La Lucha Restaurant
27-Aug-26,ORD-105965,SKU-PET-0099,27,Delta Construction
2026-08-27,ORD-105965,SKU-BEV-0242,25,Lucero Minimarket
27/08/2026,ORD-105966,SKU-OFF-0225,8,Lucero Minimarket
2026-08-27,ORD-105967,SKU-FRO-0288,1,Delta Construction
2026-08-27,ORD-105967,SKU-BEV-0311,10,Lucero Minimarket
2026-08-27,ORD-105967,SKU-DAI-0313,10,Andean Group Offices
27/08/2026,ORD-105968,SKU-DAI-0072,4,Inkafarma Comas Pharmacy
27-Aug-26,ORD-105969,SKU-DAI-0313,8,La Lucha Restaurant
2026-08-27,ORD-105970,SKU-GAR-0078,2,Delta Construction
27/08/2026,ORD-105970,SKU-FRO-0196,6,San Martin Corner Store
2026-08-27,ORD-105971,SKU-BEV-0311,22,El Tornillo Hardware
27/08/2026,ORD-105971,SKU-TOO-0279,1,Lucero Minimarket
27/08/2026,ORD-105972,SKU-DAI-0313,2,Lucero Minimarket
2026-08-27,ORD-105972,SKU-BEA-0291,4,Happy Pet Store
27/08/2026,ORD-105972,SKU-FRO-0014,16,Andean Group Offices
27-Aug-26,ORD-105973,SKU-OFF-0249,6,Lucero Minimarket
27-Aug-26,ORD-105973,SKU-BEA-0045,4,Lince Vet Center
2026-08-27,ORD-105974,SKU-HOM-0092,3,Lince Vet Center
2026-08-27,ORD-105974,SKU-TOO-0080,4,Andean Group Offices
2026-08-27,ORD-105975,SKU-BEA-0264,2,Happy Pet Store
2026-08-27,ORD-105975,SKU-FRO-0132,4,Lucero Minimarket
27-Aug-26,ORD-105976,SKU-TOO-0221,7,Inkafarma Comas Pharmacy
27-Aug-26,ORD-105976,SKU-DAI-0123,3,La Lucha Restaurant
2026-08-27,ORD-105977,SKU-DAI-0070,12,Wong North Supermarkets
27-Aug-26,ORD-105977,SKU-HOM-0262,14,Happy Pet Store
27/08/2026,ORD-105977,SKU-DAI-0054,2,La Lucha Restaurant
27-Aug-26,ORD-105978,SKU-PET-0106,3,Lucero Minimarket
27-Aug-26,ORD-105978,SKU-BEA-0274,2,Lucero Minimarket
27-Aug-26,ORD-105978,SKU-HOM-0020,6,El Tornillo Hardware
27/08/2026,ORD-105979,SKU-FRO-0238,10,Andean Group Offices
2026-08-27,ORD-105979,SKU-FRO-0246,4,El Tornillo Hardware
27-Aug-26,ORD-105980,SKU-PET-0160,1,Andean Group Offices
2026-08-27,ORD-105980,SKU-CLE-0108,6,Delta Construction
27-Aug-26,ORD-105980,SKU-BEA-0045,21,San Martin Corner Store
27-Aug-26,ORD-105981,SKU-BEV-0192,10,Happy Pet Store
2026-08-27,ORD-105982,SKU-FRO-0238,9,Andean Group Offices
27/08/2026,ORD-105983,SKU-DAI-0164,6,La Lucha Restaurant
27/08/2026,ORD-105984,SKU-PET-0227,2,Inkafarma Comas Pharmacy
27/08/2026,ORD-105984,SKU-BEV-0033,3,Lince Vet Center
27/08/2026,ORD-105984,SKU-PET-0160,8,Happy Pet Store
2026-08-27,ORD-105985,SKU-BEV-0242,23,La Lucha Restaurant
27/08/2026,ORD-105985,SKU-PET-0155,6,San Martin Corner Store
27-Aug-26,ORD-105986,SKU-FRO-0296,13,Lucero Minimarket
27/08/2026,ORD-105987,SKU-DAI-0072,6,Lince Vet Center
27-Aug-26,ORD-105988,SKU-DAI-0123,4,Lince Vet Center
27/08/2026,ORD-105988,SKU-HOM-0015,18,Lucero Minimarket
27-Aug-26,ORD-105989,SKU-FRO-0179,6,Andean Group Offices
27/08/2026,ORD-105989,SKU-BEV-0311,10,Happy Pet Store
2026-08-27,ORD-105990,SKU-SNA-0244,9,Andean Group Offices
2026-08-27,ORD-105990,SKU-PET-0031,6,Wong North Supermarkets
27-Aug-26,ORD-105992,SKU-OFF-0259,10,La Lucha Restaurant
2026-08-27,ORD-105992,SKU-SNA-0100,7,Wong North Supermarkets
27/08/2026,ORD-105993,SKU-DAI-0123,5,Wong North Supermarkets
27-Aug-26,ORD-105993,SKU-PET-0076,2,Andean Group Offices
27/08/2026,ORD-105994,SKU-HOM-0065,11,Andean Group Offices
2026-08-27,ORD-105994,SKU-HOM-0015,16,Lince Vet Center
27/08/2026,ORD-105995,SKU-CLE-0028,16,Lucero Minimarket
27/08/2026,ORD-105995,SKU-DAI-0313,14,El Tornillo Hardware
27/08/2026,ORD-105996,SKU-SNA-0057,10,Andean Group Offices
2026-08-27,ORD-105996,SKU-FRO-0114,5,Lince Vet Center
27-Aug-26,ORD-105997,SKU-DAI-0169,3,San Martin Corner Store
27/08/2026,ORD-105998,SKU-GAR-0047,3,La Lucha Restaurant
27/08/2026,ORD-105998,SKU-HOM-0089,8,Delta Construction
27-Aug-26,ORD-105999,SKU-BEA-0163,3,Wong North Supermarkets
27/08/2026,ORD-106000,SKU FRO 0220,5,Wong North Supermarkets
2026-08-27,ORD-106000,SKU-BEA-0308,7,Andean Group Offices
27-Aug-26,ORD-106001,SKU-TOO-0026,3,San Martin Corner Store
27-Aug-26,ORD-106002,SKU-CLE-0108,3,Inkafarma Comas Pharmacy
27-Aug-26,ORD-106003,SKU-DAI-0169,10,Lucero Minimarket
27/08/2026,ORD-106004,SKU-BEV-0202,3,San Martin Corner Store
27-Aug-26,ORD-106005,SKU-FRO-0196,14,Delta Construction
27-Aug-26,ORD-106005,SKU-OFF-0074,20,El Tornillo Hardware
27/08/2026,ORD-106005,SKU-TOO-0122,9,Happy Pet Store
27-Aug-26,ORD-106006,SKU-BEV-0301,2,Lucero Minimarket
27/08/2026,ORD-106007,SKU-HOM-0286,3,San Martin Corner Store
27-Aug-26,ORD-106008,SKU-TOO-0056,4,Inkafarma Comas Pharmacy
27/08/2026,ORD-106008,SKU-SNA-0100,11,Lince Vet Center
27-Aug-26,ORD-106008,SKU-DAI-0184,8,Inkafarma Comas Pharmacy
27/08/2026,ORD-106009,SKU-FRO-0267,8,Lince Vet Center
27-Aug-26,ORD-106010,SKU-FRO-0179,4,Delta Construction
27-Aug-26,ORD-106011,SKU-PET-0146,12,El Tornillo Hardware
27/08/2026,ORD-106011,SKU-CLE-0240,6,Lucero Minimarket
2026-08-27,ORD-106011,SKU-GAR-0157,13,Andean Group Offices
2026-08-27,ORD-106012,SKU-HOM-0065,7,Andean Group Offices
27/08/2026,ORD-106012,SKU-PET-0024,17,Wong North Supermarkets
27-Aug-26,ORD-106013,SKU-OFF-0259,27,Happy Pet Store
27/08/2026,ORD-106013,SKU-OFF-0074,21,Happy Pet Store
27-Aug-26,ORD-106014,SKU-DAI-0054,8,Andean Group Offices
27/08/2026,ORD-106014,SKU-CLE-0141,5,Delta Construction
2026-08-27,ORD-106014,SKU-DAI-0184,1,Lucero Minimarket
27/08/2026,ORD-106015,SKU-HAR-0266,20,Inkafarma Comas Pharmacy
27/08/2026,ORD-106015,SKU-BEA-0312,13,La Lucha Restaurant
27-Aug-26,ORD-106016,SKU-FRO-0278,1,Wong North Supermarkets
2026-08-27,ORD-106017,SKU-FRO-0196,2,El Tornillo Hardware
27/08/2026,ORD-106017,SKU-HOM-0092,1,Delta Construction
27/08/2026,ORD-106018,SKU-TOO-0295,1,Lince Vet Center
27/08/2026,ORD-106018,SKU-DAI-0123,7,Delta Construction
2026-08-27,ORD-106018,SKU-HOM-0020,1,Lucero Minimarket
2026-08-27,ORD-106019,SKU-TOO-0125,12,San Martin Corner Store
27/08/2026,ORD-106020,SKU-DAI-0164,5,Happy Pet Store
27/08/2026,ORD-106022,SKU-DAI-0164,3,Delta Construction
2026-08-27,ORD-106023,SKU-OFF-0043,11,Happy Pet Store
27-Aug-26,ORD-106024,SKU-OFF-0010,3,Delta Construction
27/08/2026,ORD-106024,SKU-BEA-0045,7,Andean Group Offices
27/08/2026,ORD-106025,SKU-BEV-0242,5,Inkafarma Comas Pharmacy
27/08/2026,ORD-106025,SKU-FRO-0196,14,Lucero Minimarket
27-Aug-26,ORD-106026,SKU-BEA-0310,1,La Lucha Restaurant
27/08/2026,ORD-106026,SKU-DAI-0054,4,Happy Pet Store
2026-08-27,ORD-106026,SKU-BEA-0045,2,Wong North Supermarkets
27-Aug-26,ORD-106027,SKU-DAI-0070,4,La Lucha Restaurant
2026-08-27,ORD-106028,SKU-GAR-0195,3,Inkafarma Comas Pharmacy
27-Aug-26,ORD-106028,SKU-FRO-0114,17,Andean Group Offices
2026-08-27,ORD-106029,SKU-OFF-0249,3,Wong North Supermarkets
27-Aug-26,ORD-106029,SKU-PET-0304,3,Andean Group Offices
2026-08-27,ORD-106029,SKU-BEA-0045,17,Lince Vet Center
27/08/2026,ORD-106030,SKU-HOM-0262,3,San Martin Corner Store
2026-08-27,ORD-106030,SKU-OFF-0228,18,El Tornillo Hardware
27-Aug-26,ORD-106031,SKU-OFF-0259,15,El Tornillo Hardware
27-Aug-26,ORD-106031,SKU-TOO-0279,7,Delta Construction
2026-08-27,ORD-106031,SKU-BEA-0019,9,San Martin Corner Store
27-Aug-26,ORD-106032,SKU-GAR-0195,17,El Tornillo Hardware
27/08/2026,ORD-106032,SKU-HAR-0285,10,Lince Vet Center
27/08/2026,ORD-106032,SKU-OFF-0140,11,El Tornillo Hardware
2026-08-27,ORD-106033,SKU-BEA-0151,5,El Tornillo Hardware
27/08/2026,ORD-106033,SKU-FRO-0296,2,Andean Group Offices
27-Aug-26,ORD-106033,SKU-FRO-0203,15,Lince Vet Center
27-Aug-26,ORD-106034,SKU-OFF-0259,22,Delta Construction
27-Aug-26,ORD-106034,SKU-TOO-0200,17,El Tornillo Hardware
27/08/2026,ORD-106035,SKU-FRO-0272,8,San Martin Corner Store
27/08/2026,ORD-106035,SKU-FRO-0085,6,Lince Vet Center
2026-08-27,ORD-106036,SKU-BEA-0264,3,Delta Construction
27/08/2026,ORD-106036,SKU-DAI-0123,1,Lince Vet Center
27/08/2026,ORD-106036,SKU-OFF-0284,2,La Lucha Restaurant
27-Aug-26,ORD-106037,SKU-TOO-0221,7,El Tornillo Hardware
27-Aug-26,ORD-106037,SKU-FRO-0278,1,El Tornillo Hardware
27/08/2026,ORD-106037,SKU-PET-0102,8,Andean Group Offices
27-Aug-26,ORD-106038,SKU-DAI-0082,4,Happy Pet Store
27-Aug-26,ORD-106038,SKU-DAI-0169,14,La Lucha Restaurant
2026-08-27,ORD-106038,SKU-HOM-0112,1,San Martin Corner Store
27/08/2026,ORD-106039,SKU-FRO-0238,3,La Lucha Restaurant
27-Aug-26,ORD-106039,SKU-HOM-0286,3,Happy Pet Store
27/08/2026,ORD-106040,SKU-DAI-0123,2,Wong North Supermarkets
27-Aug-26,ORD-106040,SKU-FRO-0179,5,Lince Vet Center
2026-08-27,ORD-106040,SKU-HOM-0089,6,San Martin Corner Store
2026-08-27,ORD-106041,SKU-BEA-0308,8,San Martin Corner Store
27/08/2026,ORD-106041,SKU-SNA-0199,5,Andean Group Offices
27-Aug-26,ORD-106041,SKU-OFF-0074,9,Happy Pet Store
27/08/2026,ORD-106042,SKU-FRO-0196,13,El Tornillo Hardware
27-Aug-26,ORD-106043,SKU-DAI-0082,2,Happy Pet Store
27/08/2026,ORD-106043,SKU-TOO-0295,13,Wong North Supermarkets
27/08/2026,ORD-106043,SKU-DAI-0082,2,Lince Vet Center
27/08/2026,ORD-106044,SKU-DAI-0072,6,Happy Pet Store
27-Aug-26,ORD-106045,SKU-HOM-0204,14,Wong North Supermarkets
27/08/2026,ORD-106045,SKU-HOM-0289,9,Andean Group Offices
27/08/2026,ORD-106046,SKU-OFF-0249,3,Andean Group Offices
2026-08-27,ORD-106046,SKU-SNA-0188,17,Andean Group Offices
27/08/2026,ORD-106046,SKU-DAI-0313,21,Andean Group Offices
27/08/2026,ORD-106047,SKU-TOO-0221,7,Inkafarma Comas Pharmacy
27-Aug-26,ORD-106047,SKU-HOM-0065,12,La Lucha Restaurant
27/08/2026,ORD-106048,SKU-FRO-0196,10,Delta Construction
27/08/2026,ORD-106048,SKU-BEA-0191,6,Lince Vet Center
27/08/2026,ORD-106049,SKU-FRO-0272,3,Andean Group Offices
2026-08-27,ORD-106049,SKU-BEA-0019,5,San Martin Corner Store
27/08/2026,ORD-106049,SKU-SNA-0199,12,Inkafarma Comas Pharmacy
2026-08-27,ORD-106050,SKU-FRO-0278,7,Andean Group Offices
27/08/2026,ORD-106050,SKU BEV 0005,2,Delta Construction
27/08/2026,ORD-106051,SKU-BEV-0174,4,Delta Construction
27-Aug-26,ORD-106052,SKU-DAI-0082,6,Delta Construction
2026-08-27,ORD-106053,SKU-HOM-0289,12,Delta Construction
2026-08-27,ORD-106053,SKU-BEV-0174,5,San Martin Corner Store
27-Aug-26,ORD-106053,SKU-FRO-0114,13,La Lucha Restaurant
2026-08-27,ORD-106054,SKU-FRO-0267,9,La Lucha Restaurant
27/08/2026,ORD-106054,SKU-BEA-0045,19,Delta Construction
2026-08-27,ORD-106055,SKU-DAI-0313,2,Andean Group Offices
27/08/2026,ORD-106056,SKU-DAI-0054,3,Lucero Minimarket
27-Aug-26,ORD-106056,SKU-SNA-0319,10,Wong North Supermarkets
2026-08-27,ORD-106056,SKU-TOO-0067,6,Lucero Minimarket
2026-08-27,ORD-106057,SKU-CLE-0209,7,Lince Vet Center
27-Aug-26,ORD-106058,SKU-PET-0227,1,El Tornillo Hardware
27/08/2026,ORD-106058,SKU-GAR-0195,3,Wong North Supermarkets
27/08/2026,ORD-106059,SKU-TOO-0125,1,El Tornillo Hardware
27/08/2026,ORD-106060,SKU-BEV-0118,2,El Tornillo Hardware
27/08/2026,ORD-106060,SKU-SNA-0199,22,Lince Vet Center
27/08/2026,ORD-106060,SKU-FRO-0246,4,Happy Pet Store
27-Aug-26,ORD-106061,SKU-FRO-0238,13,Happy Pet Store
27/08/2026,ORD-106062,SKU-OFF-0007,5,Andean Group Offices
2026-08-27,ORD-106062,SKU-DAI-0164,6,Lince Vet Center
2026-08-27,ORD-106063,SKU-HAR-0237,15,Lucero Minimarket
27-Aug-26,ORD-106063,SKU-OFF-0284,1,Delta Construction
2026-08-27,ORD-106064,SKU-CLE-0028,12,Inkafarma Comas Pharmacy
27-Aug-26,ORD-106064,SKU-PET-0227,1,Lucero Minimarket
2026-08-27,ORD-106065,sku-bea-0126,3,San Martin Corner Store
2026-08-27,ORD-106065,SKU-FRO-0278,7,Delta Construction
27/08/2026,ORD-106065,SKU-TOO-0056,4,Inkafarma Comas Pharmacy
2026-08-27,ORD-106066,SKU-DAI-0169,3,Wong North Supermarkets
2026-08-27,ORD-106066,SKU-SNA-0292,6,La Lucha Restaurant
2026-08-27,ORD-106066,SKU-TOO-0221,8,Lucero Minimarket
2026-08-27,ORD-106067,SKU-FRO-0179,7,Happy Pet Store
2026-08-27,ORD-106068,SKU-CLE-0041,17,Inkafarma Comas Pharmacy
27/08/2026,ORD-106068,SKU-GAR-0116,8,Andean Group Offices
2026-08-27,ORD-106069,SKU-SNA-0097,5,Inkafarma Comas Pharmacy
27/08/2026,ORD-106069,SKU-OFF-0043,2,Delta Construction
27-Aug-26,ORD-106069,SKU-DAI-0123,2,Lince Vet Center
27/08/2026,ORD-106070,SKU-BEA-0312,5,La Lucha Restaurant
27-Aug-26,ORD-106070,SKU-TOO-0080,5,Andean Group Offices
27/08/2026,ORD-106070,SKU-BEA-0126,4,Lucero Minimarket
27-Aug-26,ORD-106071,SKU-PET-0040,3,Wong North Supermarkets
2026-08-27,ORD-106071,SKU-HOM-0316,1,Lince Vet Center
27-Aug-26,ORD-106071,SKU-BEA-0308,4,Andean Group Offices
2026-08-27,ORD-106072,SKU-HAR-0266,8,El Tornillo Hardware
27/08/2026,ORD-106072,SKU-DAI-0164,6,La Lucha Restaurant
27/08/2026,ORD-106073,SKU-BEA-0193,8,La Lucha Restaurant
27/08/2026,ORD-106074,SKU-DAI-0164,1,Wong North Supermarkets
2026-08-27,ORD-106074,SKU-TOO-0210,7,Lucero Minimarket
2026-08-27,ORD-106075,SKU-FRO-0272,5,Lucero Minimarket
27-Aug-26,ORD-106075,SKU-PET-0318,11,Happy Pet Store
2026-08-27,ORD-106076,SKU-GAR-0039,3,Wong North Supermarkets
27/08/2026,ORD-106076,SKU-FRO-0090,11,Lucero Minimarket
2026-08-27,ORD-106077,SKU-BEA-0291,9,Andean Group Offices
27-Aug-26,ORD-106077,SKU-FRO-0278,11,Lucero Minimarket
27/08/2026,ORD-106078,SKU-SNA-0244,19,Wong North Supermarkets
2026-08-27,ORD-106078,SKU-FRO-0196,8,Lince Vet Center
27-Aug-26,ORD-106079,SKU-BEV-0219,8,Lucero Minimarket
27/08/2026,ORD-106080,SKU-FRO-0179,10,Lucero Minimarket
2026-08-27,ORD-106080,SKU-SNA-0171,5,San Martin Corner Store
27-Aug-26,ORD-106080,SKU-DAI-0184,2,Andean Group Offices
2026-08-27,ORD-106081,SKU-BEA-0126,6,Lince Vet Center
27/08/2026,ORD-106082,SKU-DAI-0184,8,San Martin Corner Store
2026-08-27,ORD-106082,SKU-DAI-0313,7,San Martin Corner Store
27-Aug-26,ORD-106084,SKU-PET-0155,4,Happy Pet Store
27/08/2026,ORD-106084,SKU-OFF-0257,1,Inkafarma Comas Pharmacy
27/08/2026,ORD-106086,SKU-TOO-0279,12,Lucero Minimarket
2026-08-27,ORD-106086,SKU-BEA-0034,14,Lucero Minimarket
27-Aug-26,ORD-106086,SKU-GAR-0250,14,Delta Construction
2026-08-27,ORD-106087,SKU-FRO-0014,10,Lucero Minimarket
2026-08-27,ORD-106087,SKU-BEA-0151,10,El Tornillo Hardware
2026-08-27,ORD-106088,SKU-SNA-0223,16,Inkafarma Comas Pharmacy
27-Aug-26,ORD-106089,SKU-HAR-0285,17,La Lucha Restaurant
27-Aug-26,ORD-106089,SKU-HOM-0262,5,Happy Pet Store
27-Aug-26,ORD-106089,SKU-OFF-0225,16,Inkafarma Comas Pharmacy
27/08/2026,ORD-106090,SKU-DAI-0184,11,San Martin Corner Store
27/08/2026,ORD-106090,SKU-TOO-0049,7,La Lucha Restaurant
27-Aug-26,ORD-106090,SKU-DAI-0169,4,San Martin Corner Store
2026-08-27,ORD-106091,SKU-TOO-0067,2,Delta Construction
2026-08-27,ORD-106092,SKU-SNA-0188,23,El Tornillo Hardware
27-Aug-26,ORD-106092,SKU-BEA-0274,4,Happy Pet Store
27/08/2026,ORD-106093,SKU-BEV-0176,10,Delta Construction
2026-08-27,ORD-106094,SKU-PET-0318,13,San Martin Corner Store
27-Aug-26,ORD-106094,SKU-SNA-0171,5,El Tornillo Hardware
2026-08-27,ORD-106095,SKU-BEV-0202,5,El Tornillo Hardware
27/08/2026,ORD-106096,SKU-TOO-0026,4,Delta Construction
2026-08-27,ORD-106096,SKU-BEA-0073,16,Delta Construction
27-Aug-26,ORD-106096,SKU-TOO-0295,1,Lucero Minimarket
2026-08-27,ORD-106097,SKU-BEV-0176,1,Delta Construction
27/08/2026,ORD-106097,SKU-DAI-0303,3,Inkafarma Comas Pharmacy
2026-08-27,ORD-106098,SKU-SNA-0171,13,Inkafarma Comas Pharmacy
27/08/2026,ORD-106100,SKU-GAR-0195,7,Delta Construction
2026-08-27,ORD-106101,SKU-DAI-0303,1,El Tornillo Hardware
2026-08-27,ORD-106101,SKU-TOO-0026,1,Wong North Supermarkets
27/08/2026,ORD-106101,SKU-DAI-0072,7,Inkafarma Comas Pharmacy
2026-08-27,ORD-106102,SKU-FRO-0090,12,Inkafarma Comas Pharmacy
27-Aug-26,ORD-106102,SKU-OFF-0283,14,Lucero Minimarket
27/08/2026,ORD-106103,SKU-DAI-0070,10,Wong North Supermarkets
27-Aug-26,ORD-106104,SKU-FRO-0196,8,Lucero Minimarket
2026-08-27,ORD-106104,sku-fro-0213,11,Andean Group Offices
27-Aug-26,ORD-106105,SKU-HOM-0020,1,Delta Construction
2026-08-27,ORD-106106,SKU-DAI-0072,11,Wong North Supermarkets
27-Aug-26,ORD-106106,SKU-CLE-0041,2,Delta Construction
2026-08-27,ORD-106106,SKU-FRO-0196,6,Andean Group Offices
27-Aug-26,ORD-106107,SKU HOM 0204,9,Delta Construction
27/08/2026,ORD-106107,SKU-TOO-0069,6,El Tornillo Hardware
27/08/2026,ORD-106108,SKU-CLE-0041,15,Inkafarma Comas Pharmacy
27/08/2026,ORD-106108,SKU-FRO-0213,6,Andean Group Offices
27/08/2026,ORD-106109,SKU-OFF-0043,9,Lucero Minimarket
27/08/2026,ORD-106109,SKU FRO 0272,11,Lucero Minimarket
27/08/2026,ORD-106110,SKU-DAI-0164,2,Delta Construction
27-Aug-26,ORD-106110,SKU-CLE-0263,14,Delta Construction
2026-08-27,ORD-106110,SKU-FRO-0203,30,Wong North Supermarkets
27-Aug-26,ORD-106112,SKU-HOM-0089,4,Andean Group Offices
27/08/2026,ORD-106113,SKU-BEA-0045,1,Lince Vet Center
27-Aug-26,ORD-106113,SKU-DAI-0082,6,El Tornillo Hardware
27-Aug-26,ORD-106113,SKU-HOM-0089,4,Lucero Minimarket
27/08/2026,ORD-106114,SKU-FRO-0014,13,San Martin Corner Store
27/08/2026,ORD-106115,SKU-PET-0099,1,San Martin Corner Store
2026-08-27,ORD-106115,SKU-BEV-0084,13,Andean Group Offices
2026-08-27,ORD-106115,SKU-OFF-0225,14,Wong North Supermarkets
2026-08-27,ORD-106116,SKU-FRO-0238,9,Lucero Minimarket
27/08/2026,ORD-106116,SKU-OFF-0284,4,Wong North Supermarkets
2026-08-27,ORD-106117,SKU-BEA-0073,15,Delta Construction
27/08/2026,ORD-106117,SKU-DAI-0313,6,La Lucha Restaurant
27/08/2026,ORD-106117,SKU-FRO-0238,8,Lince Vet Center
2026-08-27,ORD-106118,SKU-BEA-0312,18,Inkafarma Comas Pharmacy
2026-08-27,ORD-106118,SKU-DAI-0070,14,El Tornillo Hardware
27-Aug-26,ORD-106119,SKU-BEV-0202,2,Lince Vet Center
27-Aug-26,ORD-106120,SKU DAI 0072,12,Andean Group Offices
27/08/2026,ORD-106121,SKU-HOM-0020,3,Lince Vet Center
27/08/2026,ORD-106121,SKU-PET-0318,3,San Martin Corner Store
27/08/2026,ORD-106121,SKU-BEA-0274,3,Wong North Supermarkets
27/08/2026,ORD-106122,SKU-FRO-0196,16,La Lucha Restaurant
27-Aug-26,ORD-106122,SKU-BEV-0176,5,La Lucha Restaurant
2026-08-27,ORD-106123,SKU-TOO-0172,13,Happy Pet Store
27/08/2026,ORD-106123,SKU-FRO-0090,2,La Lucha Restaurant
27/08/2026,ORD-106123,SKU-DAI-0184,16,Wong North Supermarkets
27/08/2026,ORD-106124,SKU-HOM-0089,6,Happy Pet Store
27-Aug-26,ORD-106124,SKU-CLE-0282,10,Lucero Minimarket
2026-08-27,ORD-106125,SKU-PET-0087,5,Inkafarma Comas Pharmacy
2026-08-27,ORD-106126,SKU-BEA-0312,16,Andean Group Offices
2026-08-27,ORD-106126,SKU-BEV-0058,21,San Martin Corner Store
27-Aug-26,ORD-106127,SKU-DAI-0003,16,La Lucha Restaurant
2026-08-27,ORD-106130,SKU-CLE-0248,6,Happy Pet Store
27/08/2026,ORD-106131,SKU-FRO-0014,15,Wong North Supermarkets
27-Aug-26,ORD-106131,SKU-OFF-0259,4,Delta Construction
27-Aug-26,ORD-106132,SKU-CLE-0061,12,La Lucha Restaurant
2026-08-27,ORD-106133,SKU-BEA-0148,2,Andean Group Offices
27-Aug-26,ORD-106134,SKU-PET-0099,23,Wong North Supermarkets
27/08/2026,ORD-106134,SKU-FRO-0296,13,Happy Pet Store
27-Aug-26,ORD-106135,SKU-TOO-0069,11,Happy Pet Store
2026-08-27,ORD-106136,SKU-CLE-0041,6,El Tornillo Hardware
27/08/2026,ORD-106136,SKU-TOO-0067,8,Andean Group Offices
27/08/2026,ORD-106137,SKU-HAR-0266,6,Wong North Supermarkets
27/08/2026,ORD-106138,SKU-TOO-0069,2,El Tornillo Hardware
27/08/2026,ORD-106138,SKU-DAI-0313,13,Delta Construction
27/08/2026,ORD-106139,SKU-PET-0102,3,Andean Group Offices
2026-08-27,ORD-106140,SKU-PET-0227,6,San Martin Corner Store
27/08/2026,ORD-106140,SKU-HOM-0204,12,Delta Construction
27-Aug-26,ORD-106140,SKU-HOM-0015,5,Andean Group Offices
27-Aug-26,ORD-106141,SKU-DAI-0313,2,El Tornillo Hardware
27-Aug-26,ORD-106142,SKU-BEV-0242,19,Inkafarma Comas Pharmacy
2026-08-27,ORD-106143,SKU-HOM-0065,14,San Martin Corner Store
2026-08-27,ORD-106143,sku-pet-0227,2,Lucero Minimarket
27/08/2026,ORD-106144,SKU-TOO-0172,14,Lince Vet Center
27-Aug-26,ORD-106144,SKU-TOO-0122,5,Lince Vet Center
27/08/2026,ORD-106145,SKU-DAI-0003,18,Delta Construction
2026-08-27,ORD-106145,SKU-BEA-0264,7,El Tornillo Hardware
27/08/2026,ORD-106146,SKU-DAI-0184,18,Happy Pet Store
2026-08-27,ORD-106146,SKU-BEV-0219,1,Andean Group Offices
27-Aug-26,ORD-106148,SKU-OFF-0257,2,Wong North Supermarkets
27/08/2026,ORD-106148,SKU-BEA-0310,7,San Martin Corner Store
27-Aug-26,ORD-106149,SKU-CLE-0041,9,Andean Group Offices
2026-08-27,ORD-106149,SKU-TOO-0049,10,Delta Construction
27-Aug-26,ORD-106150,SKU-BEA-0177,6,Andean Group Offices
2026-08-27,ORD-106150,SKU-DAI-0070,4,Lucero Minimarket
2026-08-27,ORD-106151,SKU-PET-0106,8,San Martin Corner Store
2026-08-27,ORD-106151,SKU-DAI-0082,5,Wong North Supermarkets
2026-08-27,ORD-106152,SKU-OFF-0074,20,Happy Pet Store
27-Aug-26,ORD-106152,SKU-DAI-0123,2,Delta Construction
28-Aug-26,ORD-106154,SKU-PET-0270,5,La Lucha Restaurant
2026-08-28,ORD-106154,SKU-HOM-0262,10,La Lucha Restaurant
2026-08-28,ORD-106155,SKU-FRO-0179,1,Wong North Supermarkets
2026-08-28,ORD-106155,SKU-DAI-0072,1,Inkafarma Comas Pharmacy
28-Aug-26,ORD-106156,SKU-BEV-0301,5,El Tornillo Hardware
28-Aug-26,ORD-106156,SKU-GAR-0153,16,Inkafarma Comas Pharmacy
2026-08-28,ORD-106157,SKU-TOO-0216,4,Lucero Minimarket
2026-08-28,ORD-106158,SKU-SNA-0057,5,El Tornillo Hardware
28/08/2026,ORD-106158,SKU-HOM-0089,3,Lucero Minimarket
28/08/2026,ORD-106159,SKU-HOM-0208,7,El Tornillo Hardware
28/08/2026,ORD-106159,SKU-FRO-0238,7,Wong North Supermarkets
28-Aug-26,ORD-106160,SKU-FRO-0136,5,Andean Group Offices
28/08/2026,ORD-106160,SKU-GAR-0021,1,San Martin Corner Store
28-Aug-26,ORD-106160,SKU-DAI-0164,3,Wong North Supermarkets
28-Aug-26,ORD-106161,SKU-FRO-0213,5,San Martin Corner Store
28-Aug-26,ORD-106161,SKU-HOM-0065,3,Lince Vet Center
28-Aug-26,ORD-106162,SKU-PET-0227,3,Lucero Minimarket
28/08/2026,ORD-106163,SKU OFF 0259,4,San Martin Corner Store
28-Aug-26,ORD-106164,SKU-FRO-0296,20,Inkafarma Comas Pharmacy
2026-08-28,ORD-106165,SKU-PET-0173,9,Wong North Supermarkets
2026-08-28,ORD-106165, SKU-DAI-0164,4,San Martin Corner Store
28/08/2026,ORD-106166,SKU-CLE-0240,20,La Lucha Restaurant
28/08/2026,ORD-106167,SKU-GAR-0116,19,Wong North Supermarkets
28/08/2026,ORD-106167,SKU-HOM-0065,3,Lince Vet Center
2026-08-28,ORD-106167,SKU-FRO-0288,3,Lucero Minimarket
28/08/2026,ORD-106169,SKU-BEA-0045,21,Delta Construction
2026-08-28,ORD-106169,SKU-BEV-0033,3,Lucero Minimarket
2026-08-28,ORD-106171,sku-bev-0192,9,Happy Pet Store
28-Aug-26,ORD-106171,SKU-DAI-0184,13,Inkafarma Comas Pharmacy
2026-08-28,ORD-106172,SKU-TOO-0200,4,Andean Group Offices
28/08/2026,ORD-106172,SKU-OFF-0043,6,San Martin Corner Store
28-Aug-26,ORD-106172,SKU-TOO-0026,6,Delta Construction
28/08/2026,ORD-106174,SKU-PET-0227,3,San Martin Corner Store
2026-08-28,ORD-106175,SKU-HOM-0013,2,San Martin Corner Store
28/08/2026,ORD-106176, SKU-FRO-0179,6,Lince Vet Center
2026-08-28,ORD-106176,SKU-FRO-0109,7,Happy Pet Store
2026-08-28,ORD-106177,SKU-BEA-0312,23,El Tornillo Hardware
2026-08-28,ORD-106178,SKU-BEA-0291,7,Happy Pet Store
28/08/2026,ORD-106178,SKU-BEA-0264,3,Happy Pet Store
28-Aug-26,ORD-106179,SKU-DAI-0169,7,Lince Vet Center
2026-08-28,ORD-106179,SKU-HOM-0289,9,Lince Vet Center
2026-08-28,ORD-106181,SKU-FRO-0278,9,Wong North Supermarkets
28-Aug-26,ORD-106181,SKU-BEA-0006,9,Lince Vet Center
28/08/2026,ORD-106181,SKU-DAI-0184,16,El Tornillo Hardware
28-Aug-26,ORD-106182,SKU-DAI-0123,6,Lucero Minimarket
2026-08-28,ORD-106183,SKU-OFF-0225,15,San Martin Corner Store
28/08/2026,ORD-106183,SKU-PET-0031,3,San Martin Corner Store
28/08/2026,ORD-106184,SKU-GAR-0157,2,Wong North Supermarkets
28-Aug-26,ORD-106184,SKU-BEA-0163,2,Inkafarma Comas Pharmacy
2026-08-28,ORD-106185,SKU-DAI-0303,3,Wong North Supermarkets
28-Aug-26,ORD-106185,SKU-TOO-0154,6,Happy Pet Store
2026-08-28,ORD-106186,SKU-FRO-0267,16,Andean Group Offices
28/08/2026,ORD-106186,SKU-FRO-0278,4,Andean Group Offices
28-Aug-26,ORD-106187,SKU-BEV-0174,4,San Martin Corner Store
28-Aug-26,ORD-106187,SKU-DAI-0072,11,El Tornillo Hardware
28/08/2026,ORD-106187,SKU-SNA-0292,3,Lince Vet Center
28-Aug-26,ORD-106188,SKU-DAI-0123,7,Delta Construction
2026-08-28,ORD-106188,SKU-HAR-0266,18,San Martin Corner Store
28/08/2026,ORD-106189,SKU-OFF-0140,7,Delta Construction
2026-08-28,ORD-106189,SKU-BEV-0150,10,San Martin Corner Store
2026-08-28,ORD-106189,SKU-FRO-0014,1,Lince Vet Center
2026-08-28,ORD-106190,SKU-CLE-0139,5,Happy Pet Store
28/08/2026,ORD-106190,SKU-BEV-0118,2,Wong North Supermarkets
28/08/2026,ORD-106191,SKU-HAR-0309,9,Andean Group Offices
2026-08-28,ORD-106191,SKU-DAI-0123,1,La Lucha Restaurant
28-Aug-26,ORD-106192,SKU-SNA-0051,6,Delta Construction
28/08/2026,ORD-106193,SKU-DAI-0072,12,Wong North Supermarkets
2026-08-28,ORD-106195,SKU-BEA-0045,6,Lince Vet Center
2026-08-28,ORD-106197,SKU-FRO-0179,8,Wong North Supermarkets
28-Aug-26,ORD-106197,SKU-GAR-0157,11,Delta Construction
28-Aug-26,ORD-106198,SKU-PET-0087,2,La Lucha Restaurant
28/08/2026,ORD-106199,SKU-GAR-0113,9,Happy Pet Store
28/08/2026,ORD-106199,SKU-TOO-0026,3,Delta Construction
28/08/2026,ORD-106199,SKU-SNA-0100,17,El Tornillo Hardware
2026-08-28,ORD-106200,SKU-DAI-0070,3,Wong North Supermarkets
28/08/2026,ORD-106200,SKU-BEA-0138,2,El Tornillo Hardware
2026-08-28,ORD-106200,SKU-TOO-0049,20,El Tornillo Hardware
28/08/2026,ORD-106201,SKU-BEA-0177,5,Inkafarma Comas Pharmacy
28/08/2026,ORD-106202,SKU BEA 0045,4,San Martin Corner Store
28/08/2026,ORD-106202,SKU-BEA-0177,4,La Lucha Restaurant
2026-08-28,ORD-106203,SKU-OFF-0259,16,San Martin Corner Store
28-Aug-26,ORD-106203,SKU-HOM-0089,6,San Martin Corner Store
28-Aug-26,ORD-106203, SKU-DAI-0082,4,Wong North Supermarkets
28/08/2026,ORD-106204,SKU-PET-0027,3,Wong North Supermarkets
28-Aug-26,ORD-106204,sku-cle-0041,12,Happy Pet Store
2026-08-28,ORD-106205,SKU-SNA-0292,2,Inkafarma Comas Pharmacy
28/08/2026,ORD-106205,SKU-BEV-0311,4,Andean Group Offices
2026-08-28,ORD-106206,SKU-DAI-0123,6,El Tornillo Hardware
28-Aug-26,ORD-106206,SKU-OFF-0060,24,El Tornillo Hardware
28-Aug-26,ORD-106206,SKU-HAR-0237,18,Andean Group Offices
28/08/2026,ORD-106207,SKU-OFF-0259,1,Lince Vet Center
2026-08-28,ORD-106208,SKU-TOO-0216,14,Happy Pet Store
28/08/2026,ORD-106208,SKU-FRO-0288,1,El Tornillo Hardware
28-Aug-26,ORD-106209,SKU-DAI-0169,3,Delta Construction
28-Aug-26,ORD-106210,SKU-TOO-0080,6,San Martin Corner Store
28-Aug-26,ORD-106210,SKU-PET-0087,2,Lucero Minimarket
2026-08-28,ORD-106211,SKU-FRO-0196,6,Lucero Minimarket
28-Aug-26,ORD-106212,SKU-DAI-0303,1,Wong North Supermarkets
2026-08-28,ORD-106212,SKU-OFF-0284,8,El Tornillo Hardware
2026-08-28,ORD-106213,SKU-DAI-0169,2,San Martin Corner Store
28/08/2026,ORD-106213,SKU-TOO-0067,8,Happy Pet Store
28-Aug-26,ORD-106215,SKU-BEA-0215,7,Lucero Minimarket
28-Aug-26,ORD-106215,SKU-FRO-0132,9,Andean Group Offices
2026-08-28,ORD-106215,SKU-FRO-0179,4,Delta Construction
2026-08-28,ORD-106216,SKU-TOO-0067,2,Wong North Supermarkets
28/08/2026,ORD-106216,SKU-PET-0102,9,El Tornillo Hardware
2026-08-28,ORD-106217,SKU-TOO-0295,11,Delta Construction
2026-08-28,ORD-106217,SKU-PET-0102,8,Delta Construction
2026-08-28,ORD-106217,SKU-GAR-0113,24,Wong North Supermarkets
28/08/2026,ORD-106218,SKU-PET-0099,5,Lince Vet Center
28/08/2026,ORD-106218,SKU-HOM-0286,5,Lince Vet Center
28-Aug-26,ORD-106219,SKU-OFF-0249,4,El Tornillo Hardware
28-Aug-26,ORD-106219,SKU-HOM-0127,7,Lucero Minimarket
28-Aug-26,ORD-106220,SKU-SNA-0188,24,Andean Group Offices
28-Aug-26,ORD-106220,SKU-OFF-0257,10,El Tornillo Hardware
28-Aug-26,ORD-106221,SKU-SNA-0171,8,San Martin Corner Store
28/08/2026,ORD-106222,SKU-TOO-0279,6,El Tornillo Hardware
2026-08-28,ORD-106223,SKU-BEV-0192,10,Inkafarma Comas Pharmacy
2026-08-28,ORD-106223,SKU-BEV-0084,22,Happy Pet Store
28-Aug-26,ORD-106224,SKU-TOO-0295,2,Andean Group Offices
28/08/2026,ORD-106224,SKU-FRO-0179,7,Happy Pet Store
28/08/2026,ORD-106225,SKU-GAR-0113,5,Andean Group Offices
2026-08-28,ORD-106225,SKU-DAI-0070,8,Delta Construction
28-Aug-26,ORD-106226,SKU-DAI-0313,13,Lince Vet Center
28/08/2026,ORD-106227,SKU-SNA-0057,12,Andean Group Offices
28/08/2026,ORD-106227,SKU-DAI-0070,5,Inkafarma Comas Pharmacy
28-Aug-26,ORD-106228,SKU-BEV-0301,7,Inkafarma Comas Pharmacy
28/08/2026,ORD-106228,SKU-HOM-0013,5,La Lucha Restaurant
2026-08-28,ORD-106229,SKU-DAI-0054,8,Delta Construction
28/08/2026,ORD-106229,SKU-DAI-0313,14,Happy Pet Store
28/08/2026,ORD-106230,SKU-PET-0017,1,Andean Group Offices
28/08/2026,ORD-106231,SKU-FRO-0196,4,Lucero Minimarket
28/08/2026,ORD-106231,SKU-PET-0160,7,Inkafarma Comas Pharmacy
28-Aug-26,ORD-106232,SKU-FRO-0179,4,Wong North Supermarkets
28/08/2026,ORD-106232,SKU-BEA-0191,3,La Lucha Restaurant
28-Aug-26,ORD-106233,SKU-TOO-0125,6,Lucero Minimarket
2026-08-28,ORD-106233,SKU-OFF-0140,8,Inkafarma Comas Pharmacy
2026-08-28,ORD-106233,SKU-HOM-0015,8,El Tornillo Hardware
2026-08-28,ORD-106234,SKU-BEV-0242,30,San Martin Corner Store
28/08/2026,ORD-106235,SKU-DAI-0082,6,Lince Vet Center
2026-08-28,ORD-106237,SKU-TOO-0295,6,Wong North Supermarkets
2026-08-28,ORD-106237,SKU-CLE-0061,30,El Tornillo Hardware
28-Aug-26,ORD-106238,sku-too-0295,12,La Lucha Restaurant
28/08/2026,ORD-106238,SKU-OFF-0249,1,Inkafarma Comas Pharmacy
2026-08-28,ORD-106239,SKU-CLE-0018,18,Lince Vet Center
28/08/2026,ORD-106239,SKU-DAI-0169,11,La Lucha Restaurant
28-Aug-26,ORD-106240,SKU-FRO-0296,3,Inkafarma Comas Pharmacy
28/08/2026,ORD-106240,SKU-TOO-0279,11,Wong North Supermarkets
2026-08-28,ORD-106240,SKU-OFF-0225,18,Inkafarma Comas Pharmacy
2026-08-28,ORD-106241,SKU-SNA-0244,19,Wong North Supermarkets
28-Aug-26,ORD-106242,SKU-DAI-0303,2,Lince Vet Center
28/08/2026,ORD-106242,SKU-GAR-0113,2,Delta Construction
28-Aug-26,ORD-106243,SKU-BEA-0045,6,La Lucha Restaurant
28/08/2026,ORD-106243,SKU-DAI-0070,12,Lucero Minimarket
28-Aug-26,ORD-106244,SKU-GAR-0113,22,El Tornillo Hardware
28-Aug-26,ORD-106244,SKU-DAI-0313,14,Happy Pet Store
28/08/2026,ORD-106245,SKU-BEV-0219,1,San Martin Corner Store
28/08/2026,ORD-106245,SKU-FRO-0213,12,Lince Vet Center
28-Aug-26,ORD-106245,SKU-TOO-0131,3,Delta Construction
28/08/2026,ORD-106246,SKU-FRO-0213,10,Lince Vet Center
28-Aug-26,ORD-106246,SKU-BEA-0215,11,Happy Pet Store
28-Aug-26,ORD-106247,SKU-FRO-0261,6,Wong North Supermarkets
2026-08-28,ORD-106247,SKU-BEA-0126,3,San Martin Corner Store
28-Aug-26,ORD-106248,SKU-GAR-0111,3,El Tornillo Hardware
2026-08-28,ORD-106248,SKU-GAR-0111,7,Lince Vet Center
2026-08-28,ORD-106249,SKU-SNA-0030,6,La Lucha Restaurant
28/08/2026,ORD-106249,SKU-OFF-0225,1,Delta Construction
28-Aug-26,ORD-106250,SKU-FRO-0132,4,Inkafarma Comas Pharmacy
28/08/2026,ORD-106250,SKU-FRO-0288,3,Delta Construction
28/08/2026,ORD-106250,SKU-GAR-0039,2,La Lucha Restaurant
2026-08-28,ORD-106251,SKU-FRO-0238,9,San Martin Corner Store
28/08/2026,ORD-106251,SKU-BEA-0177,3,Happy Pet Store
28/08/2026,ORD-106252,SKU-GAR-0120,12,El Tornillo Hardware
2026-08-28,ORD-106253,SKU-BEA-0312,11,Wong North Supermarkets
28/08/2026,ORD-106254,SKU-CLE-0248,8,El Tornillo Hardware
28/08/2026,ORD-106254,SKU-FRO-0272,14,Delta Construction
28-Aug-26,ORD-106254,SKU-FRO-0090,6,Delta Construction
2026-08-28,ORD-106255,SKU-BEA-0006,12,Wong North Supermarkets
2026-08-28,ORD-106255,SKU-SNA-0223,11,La Lucha Restaurant
28/08/2026,ORD-106256,SKU-GAR-0111,6,Lince Vet Center
28-Aug-26,ORD-106257,SKU-FRO-0267,16,Lince Vet Center
28-Aug-26,ORD-106258,SKU-SNA-0097,9,Delta Construction
2026-08-28,ORD-106258,SKU-HOM-0065,5,Lince Vet Center
2026-08-28,ORD-106259,SKU-TOO-0295,16,Lucero Minimarket
28/08/2026,ORD-106259,SKU-FRO-0085,14,Happy Pet Store
28/08/2026,ORD-106260,SKU-HAR-0266,8,La Lucha Restaurant
28/08/2026,ORD-106261, SKU-FRO-0179,7,Wong North Supermarkets
2026-08-28,ORD-106261,SKU-FRO-0278,6,Andean Group Offices
2026-08-28,ORD-106262,SKU-BEA-0151,9,El Tornillo Hardware
28-Aug-26,ORD-106263,SKU-DAI-0303,4,Lucero Minimarket
2026-08-28,ORD-106265,SKU-CLE-0061,19,Happy Pet Store
28/08/2026,ORD-106266,SKU-OFF-0225,11,Andean Group Offices
28/08/2026,ORD-106266,SKU-BEA-0045,10,El Tornillo Hardware
28/08/2026,ORD-106266,SKU DAI 0184,1,La Lucha Restaurant
28-Aug-26,ORD-106267,SKU-DAI-0303,2,Happy Pet Store
2026-08-28,ORD-106267,SKU-FRO-0213,21,Happy Pet Store
28-Aug-26,ORD-106268,SKU-PET-0099,10,La Lucha Restaurant
28-Aug-26,ORD-106268,SKU-BEV-0192,8,Andean Group Offices
2026-08-28,ORD-106269,SKU-BEV-0174,6,Andean Group Offices
28/08/2026,ORD-106270,SKU-DAI-0070,8,Wong North Supermarkets
28/08/2026,ORD-106270,SKU-FRO-0114,12,Lince Vet Center
28/08/2026,ORD-106271,SKU-BEV-0219,3,Delta Construction
28-Aug-26,ORD-106271,SKU-DAI-0123,2,Wong North Supermarkets
28/08/2026,ORD-106272,SKU-OFF-0257,3,La Lucha Restaurant
2026-08-28,ORD-106272,SKU-DAI-0003,12,El Tornillo Hardware
2026-08-28,ORD-106273,SKU-DAI-0082,1,Happy Pet Store
28/08/2026,ORD-106273,SKU-BEA-0308,10,San Martin Corner Store
28/08/2026,ORD-106273,SKU-BEA-0191,4,La Lucha Restaurant
2026-08-28,ORD-106274,SKU-DAI-0169,7,San Martin Corner Store
28/08/2026,ORD-106274,SKU-GAR-0113,24,Inkafarma Comas Pharmacy
2026-08-28,ORD-106275,SKU-SNA-0188,14,Wong North Supermarkets
28/08/2026,ORD-106275,SKU-PET-0155,12,La Lucha Restaurant
28-Aug-26,ORD-106275,SKU-HOM-0253,23,Happy Pet Store
28/08/2026,ORD-106277,SKU-TOO-0216,1,Inkafarma Comas Pharmacy
28/08/2026,ORD-106277,SKU-BEA-0096,12,Wong North Supermarkets
28/08/2026,ORD-106277,SKU-BEA-0177,3,Andean Group Offices
2026-08-28,ORD-106278,SKU-FRO-0179,10,La Lucha Restaurant
2026-08-28,ORD-106278,SKU-SNA-0223,5,Andean Group Offices
2026-08-28,ORD-106279,SKU-SNA-0244,19,San Martin Corner Store
2026-08-28,ORD-106279,SKU-OFF-0259,3,El Tornillo Hardware
28/08/2026,ORD-106279,SKU-FRO-0179,4,Happy Pet Store
2026-08-28,ORD-106280,SKU-PET-0155,1,El Tornillo Hardware
28-Aug-26,ORD-106280,SKU-GAR-0021,5,Happy Pet Store
28/08/2026,ORD-106281,SKU-DAI-0054,6,La Lucha Restaurant
28/08/2026,ORD-106282,SKU-BEV-0219,9,Delta Construction
2026-08-28,ORD-106283,SKU-DAI-0082,7,Delta Construction
28/08/2026,ORD-106283,SKU-DAI-0072,10,Lince Vet Center
2026-08-28,ORD-106283,sku-sna-0233,2,Lince Vet Center
28-Aug-26,ORD-106284,SKU-HOM-0286,1,El Tornillo Hardware
2026-08-28,ORD-106284,SKU-DAI-0082,8,San Martin Corner Store
28-Aug-26,ORD-106284,SKU-OFF-0074,22,San Martin Corner Store
28-Aug-26,ORD-106285,SKU-PET-0099,28,Lince Vet Center
28-Aug-26,ORD-106285,SKU-FRO-0278,3,Lince Vet Center
28-Aug-26,ORD-106286,SKU-GAR-0287,5,El Tornillo Hardware
2026-08-28,ORD-106287,SKU-DAI-0184,10,Inkafarma Comas Pharmacy
2026-08-28,ORD-106287,SKU-BEV-0242,7,Inkafarma Comas Pharmacy
28/08/2026,ORD-106288,SKU-DAI-0082,1,Delta Construction
2026-08-28,ORD-106289,SKU-PET-0304,5,Andean Group Offices
2026-08-28,ORD-106289,SKU-GAR-0111,17,San Martin Corner Store
28/08/2026,ORD-106290,SKU-HAR-0285,10,Delta Construction
28-Aug-26,ORD-106290,SKU-BEV-0242,7,Happy Pet Store
28/08/2026,ORD-106290,SKU-DAI-0169,5,Delta Construction
2026-08-28,ORD-106291,SKU-PET-0270,4,Happy Pet Store
2026-08-28,ORD-106292,SKU-BEA-0310,4,San Martin Corner Store
28/08/2026,ORD-106292,SKU-DAI-0184,11,Lince Vet Center
2026-08-28,ORD-106293,SKU-HOM-0262,11,Happy Pet Store
28-Aug-26,ORD-106293,SKU-FRO-0246,3,Happy Pet Store
2026-08-28,ORD-106294,SKU-FRO-0085,18,Andean Group Offices
28-Aug-26,ORD-106294,SKU-BEV-0180,6,Andean Group Offices
28/08/2026,ORD-106295,SKU-FRO-0090,6,Wong North Supermarkets
28-Aug-26,ORD-106296,SKU-DAI-0313,6,Inkafarma Comas Pharmacy
28-Aug-26,ORD-106296,SKU-PET-0304,20,Happy Pet Store
28-Aug-26,ORD-106297,SKU-TOO-0216,15,San Martin Corner Store
28-Aug-26,ORD-106298,SKU-BEV-0033,4,Happy Pet Store
2026-08-28,ORD-106299,SKU-FRO-0090,23,Lince Vet Center
28/08/2026,ORD-106299,SKU-PET-0087,3,El Tornillo Hardware
2026-08-28,ORD-106300,SKU-FRO-0136,5,Delta Construction
28/08/2026,ORD-106301,SKU-DAI-0313,9,La Lucha Restaurant
2026-08-28,ORD-106301,SKU-BEV-0174,1,San Martin Corner Store
28/08/2026,ORD-106301,SKU-TOO-0067,6,San Martin Corner Store
28/08/2026,ORD-106302,SKU-DAI-0313,13,Delta Construction
2026-08-28,ORD-106302,SKU-OFF-0228,9,San Martin Corner Store
28-Aug-26,ORD-106303,SKU-DAI-0303,2,Andean Group Offices
2026-08-28,ORD-106304,SKU-HOM-0065,14,San Martin Corner Store
28/08/2026,ORD-106304,SKU-FRO-0136,5,Andean Group Offices
2026-08-28,ORD-106305,SKU-BEV-0202,2,Lince Vet Center
28-Aug-26,ORD-106305,SKU-GAR-0039,7,San Martin Corner Store
28/08/2026,ORD-106306,SKU-FRO-0246,3,Delta Construction
2026-08-28,ORD-106306,SKU-BEA-0144,11,Lucero Minimarket
28-Aug-26,ORD-106307,SKU-HAR-0254,24,Happy Pet Store
2026-08-28,ORD-106307,SKU-DAI-0164,2,Delta Construction
2026-08-28,ORD-106308,SKU-BEA-0148,2,Happy Pet Store
28/08/2026,ORD-106309,SKU-BEA-0163,1,La Lucha Restaurant
28/08/2026,ORD-106309,SKU-OFF-0284,14,Wong North Supermarkets
28/08/2026,ORD-106309,SKU-DAI-0184,18,El Tornillo Hardware
28/08/2026,ORD-106310,SKU-DAI-0072,2,Happy Pet Store
28/08/2026,ORD-106310,SKU-DAI-0184,4,San Martin Corner Store
2026-08-28,ORD-106311,SKU-FRO-0132,16,El Tornillo Hardware
2026-08-28,ORD-106311,SKU-GAR-0157,22,Happy Pet Store
28/08/2026,ORD-106311,SKU-FRO-0136,7,La Lucha Restaurant
28-Aug-26,ORD-106312,SKU-HOM-0089,10,Happy Pet Store
28/08/2026,ORD-106312,SKU-TOO-0221,3,Delta Construction
28-Aug-26,ORD-106313,SKU-FRO-0203,9,Happy Pet Store
28/08/2026,ORD-106313,SKU-DAI-0184,13,Andean Group Offices
2026-08-28,ORD-106314,SKU-TOO-0216,17,Wong North Supermarkets
2026-08-28,ORD-106315,SKU-HAR-0237,14,Lince Vet Center
2026-08-28,ORD-106315,SKU-DAI-0070,14,Lince Vet Center
2026-08-28,ORD-106316,SKU-FRO-0238,5,La Lucha Restaurant
28-Aug-26,ORD-106316,SKU-DAI-0070,9,Lucero Minimarket
28/08/2026,ORD-106316,SKU-BEA-0119,8,La Lucha Restaurant
28/08/2026,ORD-106317,SKU-FRO-0136,6,Wong North Supermarkets
28/08/2026,ORD-106318,SKU-BEA-0168,16,San Martin Corner Store
28/08/2026,ORD-106318,SKU-BEV-0301,3,Lince Vet Center
2026-08-28,ORD-106319,SKU-HOM-0204,2,La Lucha Restaurant
2026-08-28,ORD-106319,SKU-BEA-0264,2,Lucero Minimarket
2026-08-28,ORD-106320, SKU-DAI-0054,3,El Tornillo Hardware
2026-08-28,ORD-106322,SKU-PET-0102,3,Delta Construction
2026-08-28,ORD-106322,SKU-BEV-0150,14,Andean Group Offices
28-Aug-26,ORD-106324,SKU-DAI-0082,9,Delta Construction
28-Aug-26,ORD-106324,SKU OFF 0259,20,El Tornillo Hardware
2026-08-28,ORD-106324,SKU-DAI-0054,2,Happy Pet Store
28-Aug-26,ORD-106325,SKU-PET-0106,10,El Tornillo Hardware
28/08/2026,ORD-106325,SKU-OFF-0283,3,Happy Pet Store
2026-08-28,ORD-106326,SKU SNA 0097,10,La Lucha Restaurant
2026-08-28,ORD-106326,SKU-DAI-0054,6,La Lucha Restaurant
28/08/2026,ORD-106326,SKU-PET-0087,4,Lince Vet Center
2026-08-28,ORD-106327,SKU-FRO-0272,22,Happy Pet Store
2026-08-28,ORD-106327,SKU-FRO-0196,8,Wong North Supermarkets
2026-08-28,ORD-106328,SKU-DAI-0184,16,Happy Pet Store
28-Aug-26,ORD-106328,SKU-BEA-0126,2,Inkafarma Comas Pharmacy
28-Aug-26,ORD-106329,SKU-PET-0027,25,San Martin Corner Store
28-Aug-26,ORD-106330,SKU-FRO-0272,20,Lucero Minimarket
28/08/2026,ORD-106330,SKU-BEV-0005,4,San Martin Corner Store
28-Aug-26,ORD-106330,sku-dai-0303,4,San Martin Corner Store
28/08/2026,ORD-106331,SKU-DAI-0070,7,Delta Construction
28/08/2026,ORD-106331,SKU-DAI-0303,4,Wong North Supermarkets
28/08/2026,ORD-106332,SKU-DAI-0169,1,Wong North Supermarkets
28/08/2026,ORD-106332,SKU-BEV-0084,19,El Tornillo Hardware
28/08/2026,ORD-106333,SKU-DAI-0003,5,Andean Group Offices
28/08/2026,ORD-106333,SKU-SNA-0188,2,Lucero Minimarket
28/08/2026,ORD-106334,SKU-TOO-0210,2,Lucero Minimarket
28-Aug-26,ORD-106335,SKU-PET-0146,10,San Martin Corner Store
2026-08-28,ORD-106335,SKU-OFF-0060,7,Delta Construction
28/08/2026,ORD-106336,SKU-BEV-0311,19,La Lucha Restaurant
28-Aug-26,ORD-106337,SKU-CLE-0108,6,Lucero Minimarket
2026-08-28,ORD-106338,SKU-BEV-0176,3,Inkafarma Comas Pharmacy
28-Aug-26,ORD-106338,SKU-DAI-0070,10,San Martin Corner Store
28-Aug-26,ORD-106339,SKU-FRO-0090,17,Delta Construction
2026-08-28,ORD-106340,SKU-FRO-0114,14,Lince Vet Center
2026-08-28,ORD-106340,SKU-FRO-0288,2,Inkafarma Comas Pharmacy
2026-08-28,ORD-106341,SKU-OFF-0259,22,Lucero Minimarket
28/08/2026,ORD-106341,SKU-PET-0205,9,Inkafarma Comas Pharmacy
28-Aug-26,ORD-106341,SKU-DAI-0164,4,Happy Pet Store
2026-08-28,ORD-106342,SKU-CLE-0018,19,Delta Construction
28/08/2026,ORD-106342, SKU-HAR-0266,2,La Lucha Restaurant
28-Aug-26,ORD-106343,SKU-SNA-0223,10,Happy Pet Store
28-Aug-26,ORD-106344,SKU-BEA-0019,11,Lucero Minimarket
28/08/2026,ORD-106344,SKU-BEA-0183,4,Happy Pet Store
28-Aug-26,ORD-106344,SKU-DAI-0082,2,Happy Pet Store
28/08/2026,ORD-106345,SKU-DAI-0303,2,Delta Construction
28/08/2026,ORD-106345,SKU-HOM-0316,6,Lucero Minimarket
2026-08-28,ORD-106346,SKU-BEV-0242,18,Inkafarma Comas Pharmacy
28/08/2026,ORD-106346,SKU-HOM-0013,6,Lucero Minimarket
28-Aug-26,ORD-106346,SKU-SNA-0097,9,El Tornillo Hardware
2026-08-28,ORD-106347,SKU-CLE-0231,6,La Lucha Restaurant
28-Aug-26,ORD-106347,SKU-PET-0217,3,El Tornillo Hardware
2026-08-28,ORD-106347,SKU-OFF-0236,6,San Martin Corner Store
28-Aug-26,ORD-106349,SKU-DAI-0070,9,La Lucha Restaurant
28-Aug-26,ORD-106350,SKU-FRO-0196,3,Inkafarma Comas Pharmacy
2026-08-28,ORD-106350,SKU-DAI-0303,3,Lucero Minimarket
28-Aug-26,ORD-106351,SKU-DAI-0072,13,Lucero Minimarket
28/08/2026,ORD-106351,SKU-FRO-0014,13,El Tornillo Hardware
2026-08-28,ORD-106351,SKU-HOM-0127,23,Wong North Supermarkets
28/08/2026,ORD-106353,SKU-FRO-0090,18,Happy Pet Store
2026-08-28,ORD-106353,SKU-PET-0031,5,Wong North Supermarkets
28-Aug-26,ORD-106354,SKU-BEV-0137,6,Delta Construction
28/08/2026,ORD-106354,SKU-OFF-0249,8,Happy Pet Store
28-Aug-26,ORD-106354,SKU-FRO-0238,14,Andean Group Offices
28-Aug-26,ORD-106355,SKU-OFF-0140,9,Lince Vet Center
2026-08-28,ORD-106355,SKU-DAI-0072,13,El Tornillo Hardware
28/08/2026,ORD-106356,SKU-PET-0106,15,El Tornillo Hardware
2026-08-28,ORD-106356,SKU-OFF-0043,15,Wong North Supermarkets
28-Aug-26,ORD-106357,SKU-PET-0270,10,El Tornillo Hardware
28/08/2026,ORD-106357,SKU-DAI-0082,9,Lince Vet Center
2026-08-28,ORD-106357,SKU-OFF-0228,6,Inkafarma Comas Pharmacy
28/08/2026,ORD-106358,SKU-HOM-0262,2,Happy Pet Store
28/08/2026,ORD-106359,SKU-GAR-0153,11,Lucero Minimarket
2026-08-28,ORD-106359,SKU-CLE-0282,13,Happy Pet Store
28/08/2026,ORD-106361,SKU-HAR-0254,9,Inkafarma Comas Pharmacy
2026-08-28,ORD-106362,SKU-SNA-0292,6,Lucero Minimarket
2026-08-28,ORD-106362,SKU-FRO-0238,13,El Tornillo Hardware
28/08/2026,ORD-106363,SKU-HOM-0089,7,Lince Vet Center
28-Aug-26,ORD-106363,SKU-TOO-0049,10,Happy Pet Store
28/08/2026,ORD-106364,SKU-BEA-0177,3,Andean Group Offices
2026-08-28,ORD-106364,SKU-DAI-0169,14,Lince Vet Center
28-Aug-26,ORD-106365,SKU-BEA-0264,6,San Martin Corner Store
2026-08-28,ORD-106366,SKU-GAR-0195,3,Lucero Minimarket
28-Aug-26,ORD-106366,SKU-DAI-0164,5,La Lucha Restaurant
28/08/2026,ORD-106367,SKU-DAI-0164,4,La Lucha Restaurant
28/08/2026,ORD-106367,SKU-TOO-0125,6,Happy Pet Store
28/08/2026,ORD-106368,SKU-OFF-0043,2,Wong North Supermarkets
28/08/2026,ORD-106368,SKU-PET-0227,2,Happy Pet Store
2026-08-28,ORD-106369,SKU-PET-0099,8,Lince Vet Center
2026-08-28,ORD-106369,SKU-SNA-0315,4,La Lucha Restaurant
28-Aug-26,ORD-106370,SKU-SNA-0057,7,Inkafarma Comas Pharmacy
28/08/2026,ORD-106370,SKU-OFF-0043,5,Wong North Supermarkets
29/08/2026,ORD-106371,SKU-DAI-0070,9,Lucero Minimarket
29/08/2026,ORD-106372,sku-pet-0017,3,Happy Pet Store
2026-08-29,ORD-106374,SKU-SNA-0199,14,La Lucha Restaurant
29-Aug-26,ORD-106374,SKU-FRO-0296,20,Wong North Supermarkets
29/08/2026,ORD-106375,SKU-OFF-0284,3,San Martin Corner Store
29/08/2026,ORD-106375,SKU-OFF-0007,6,Wong North Supermarkets
29/08/2026,ORD-106375,SKU-DAI-0082,2,Wong North Supermarkets
2026-08-29,ORD-106376,SKU-OFF-0043,16,Inkafarma Comas Pharmacy
29/08/2026,ORD-106376,SKU-DAI-0123,1,Inkafarma Comas Pharmacy
2026-08-29,ORD-106377,SKU-FRO-0296,6,Happy Pet Store
29-Aug-26,ORD-106377,SKU-PET-0076,6,San Martin Corner Store
29-Aug-26,ORD-106378,SKU-DAI-0072,3,Lucero Minimarket
2026-08-29,ORD-106379,SKU-DAI-0184,11,Wong North Supermarkets
29/08/2026,ORD-106380,SKU-FRO-0014,14,Andean Group Offices
2026-08-29,ORD-106380,SKU-DAI-0123,4,El Tornillo Hardware
29-Aug-26,ORD-106380,SKU-DAI-0082,6,El Tornillo Hardware
2026-08-29,ORD-106381,SKU-HOM-0316,8,Wong North Supermarkets
2026-08-29,ORD-106382,SKU-DAI-0054,5,El Tornillo Hardware
2026-08-29,ORD-106383,SKU-PET-0318,2,Lucero Minimarket
29/08/2026,ORD-106383,SKU-DAI-0054,4,El Tornillo Hardware
2026-08-29,ORD-106383,SKU-PET-0173,6,Lucero Minimarket
29/08/2026,ORD-106384,SKU-BEV-0202,1,Happy Pet Store
29/08/2026,ORD-106384,SKU-FRO-0278,12,La Lucha Restaurant
29-Aug-26,ORD-106384,SKU-FRO-0238,6,Delta Construction
2026-08-29,ORD-106385,SKU-BEV-0219,5,Andean Group Offices
29-Aug-26,ORD-106385,SKU-FRO-0296,6,Delta Construction
29-Aug-26,ORD-106385,SKU-PET-0227,4,Happy Pet Store
29/08/2026,ORD-106386,SKU-HOM-0204,4,Inkafarma Comas Pharmacy
29/08/2026,ORD-106386,SKU-BEA-0062,3,Inkafarma Comas Pharmacy
2026-08-29,ORD-106387,SKU-GAR-0021,2,La Lucha Restaurant
2026-08-29,ORD-106387,SKU-OFF-0225,18,Lucero Minimarket
29/08/2026,ORD-106388,SKU-BEA-0142,1,El Tornillo Hardware
29/08/2026,ORD-106388,sku-fro-0296,9,Inkafarma Comas Pharmacy
2026-08-29,ORD-106389,SKU-SNA-0199,9,San Martin Corner Store
29/08/2026,ORD-106389,SKU-HAR-0237,10,Inkafarma Comas Pharmacy
2026-08-29,ORD-106390,SKU-SNA-0315,14,Wong North Supermarkets
2026-08-29,ORD-106390,SKU-OFF-0140,5,Andean Group Offices
29-Aug-26,ORD-106391,SKU-DAI-0123,5,Andean Group Offices
29/08/2026,ORD-106392,SKU-HOM-0262,10,Inkafarma Comas Pharmacy
2026-08-29,ORD-106392,SKU-FRO-0109,1,Andean Group Offices
29/08/2026,ORD-106393,SKU-DAI-0070,13,Lucero Minimarket
2026-08-29,ORD-106393,SKU-BEA-0168,4,Andean Group Offices
2026-08-29,ORD-106394,SKU-DAI-0184,2,San Martin Corner Store
2026-08-29,ORD-106394,SKU-PET-0146,14,La Lucha Restaurant
2026-08-29,ORD-106395,SKU-DAI-0313,21,Wong North Supermarkets
2026-08-29,ORD-106395,sku-pet-0106,11,Inkafarma Comas Pharmacy
29-Aug-26,ORD-106395,SKU-FRO-0196,10,Lince Vet Center
29-Aug-26,ORD-106396,SKU-CLE-0061,29,La Lucha Restaurant
29-Aug-26,ORD-106396,SKU-DAI-0003,1,Lucero Minimarket
29-Aug-26,ORD-106396,SKU-DAI-0072,12,San Martin Corner Store
29-Aug-26,ORD-106397,SKU-HOM-0112,13,Andean Group Offices
29-Aug-26,ORD-106398,SKU-OFF-0043,1,Happy Pet Store
2026-08-29,ORD-106398,SKU-PET-0102,9,Wong North Supermarkets
29/08/2026,ORD-106399,SKU-HOM-0166,6,Happy Pet Store
29-Aug-26,ORD-106399,SKU-CLE-0248,4,Wong North Supermarkets
29/08/2026,ORD-106399, SKU-HOM-0204,12,San Martin Corner Store
2026-08-29,ORD-106400,SKU-CLE-0041,13,El Tornillo Hardware
2026-08-29,ORD-106401,SKU-PET-0227,2,Lince Vet Center
29/08/2026,ORD-106401,SKU-PET-0155,11,Wong North Supermarkets
29-Aug-26,ORD-106402,SKU-BEA-0177,4,Delta Construction
29/08/2026,ORD-106402,SKU-BEA-0291,6,Wong North Supermarkets
29-Aug-26,ORD-106403,SKU-TOO-0026,9,Inkafarma Comas Pharmacy
29/08/2026,ORD-106405,SKU-BEA-0310,11,San Martin Corner Store
2026-08-29,ORD-106405,SKU-BEA-0045,13,Inkafarma Comas Pharmacy
29-Aug-26,ORD-106407,SKU-GAR-0195,17,Inkafarma Comas Pharmacy
2026-08-29,ORD-106407, SKU-BEV-0058,2,San Martin Corner Store
29/08/2026,ORD-106408,SKU-PET-0318,18,Lince Vet Center
29/08/2026,ORD-106409,SKU-PET-0227,4,Lince Vet Center
29-Aug-26,ORD-106409,SKU-PET-0146,11,Inkafarma Comas Pharmacy
2026-08-29,ORD-106409,SKU-FRO-0213,17,La Lucha Restaurant
2026-08-29,ORD-106410,SKU-FRO-0090,8,Wong North Supermarkets
29-Aug-26,ORD-106410,SKU-SNA-0319,8,Andean Group Offices
29/08/2026,ORD-106410,SKU-SNA-0171,20,Wong North Supermarkets
2026-08-29,ORD-106411,SKU-BEA-0019,4,San Martin Corner Store
2026-08-29,ORD-106412,SKU-HOM-0065,8,La Lucha Restaurant
29-Aug-26,ORD-106412,SKU-HOM-0204,8,Happy Pet Store
2026-08-29,ORD-106413,SKU HOM 0204,14,San Martin Corner Store
2026-08-29,ORD-106414,SKU-DAI-0072,17,Lucero Minimarket
2026-08-29,ORD-106414, SKU-GAR-0111,5,Lince Vet Center
2026-08-29,ORD-106415,SKU-DAI-0313,18,La Lucha Restaurant
29/08/2026,ORD-106416,SKU-FRO-0272,4,El Tornillo Hardware
29/08/2026,ORD-106417,SKU-BEV-0005,1,Inkafarma Comas Pharmacy
29/08/2026,ORD-106417,SKU-TOO-0279,10,Happy Pet Store
29/08/2026,ORD-106417,SKU-SNA-0244,12,San Martin Corner Store
29/08/2026,ORD-106418, SKU-SNA-0315,6,Lince Vet Center
29/08/2026,ORD-106418,SKU-BEV-0180,14,La Lucha Restaurant
29-Aug-26,ORD-106419,SKU-PET-0227,3,Delta Construction
2026-08-29,ORD-106419,SKU-TOO-0200,3,Happy Pet Store
29-Aug-26,ORD-106420,SKU-OFF-0140,7,Delta Construction
29/08/2026,ORD-106421,SKU-TOO-0295,2,El Tornillo Hardware
29/08/2026,ORD-106422,SKU-DAI-0164,1,Wong North Supermarkets
29-Aug-26,ORD-106422, SKU-TOO-0216,17,Happy Pet Store
2026-08-29,ORD-106423,SKU-BEA-0034,11,Delta Construction
2026-08-29,ORD-106423,SKU-DAI-0184,3,El Tornillo Hardware
29/08/2026,ORD-106423,SKU-DAI-0184,13,La Lucha Restaurant
29-Aug-26,ORD-106424,SKU-PET-0155,14,Wong North Supermarkets
29/08/2026,ORD-106424,SKU-BEV-0219,10,El Tornillo Hardware
29/08/2026,ORD-106424,SKU-DAI-0313,11,Wong North Supermarkets
2026-08-29,ORD-106425,SKU-BEV-0219,8,El Tornillo Hardware
29-Aug-26,ORD-106425,SKU-FRO-0296,19,La Lucha Restaurant
29/08/2026,ORD-106426,SKU-HAR-0309,12,Inkafarma Comas Pharmacy
2026-08-29,ORD-106426,SKU-TOO-0216,14,La Lucha Restaurant
29/08/2026,ORD-106427,SKU-BEV-0301,5,Lucero Minimarket
2026-08-29,ORD-106427,SKU-GAR-0113,13,Happy Pet Store
2026-08-29,ORD-106427,SKU-OFF-0284,20,San Martin Corner Store
29-Aug-26,ORD-106428,SKU-TOO-0122,10,El Tornillo Hardware
29/08/2026,ORD-106429,SKU-FRO-0278,11,San Martin Corner Store
29-Aug-26,ORD-106430,SKU-OFF-0236,10,Happy Pet Store
2026-08-29,ORD-106430,SKU-PET-0318,6,Andean Group Offices
29-Aug-26,ORD-106431,SKU-HOM-0127,23,La Lucha Restaurant
2026-08-29,ORD-106432,SKU-DAI-0123,1,El Tornillo Hardware
2026-08-29,ORD-106432,SKU-PET-0217,4,Lucero Minimarket
29/08/2026,ORD-106433,SKU-CLE-0108,10,El Tornillo Hardware
2026-08-29,ORD-106433,SKU-BEV-0192,14,El Tornillo Hardware
29-Aug-26,ORD-106435,SKU-DAI-0169,1,Happy Pet Store
29/08/2026,ORD-106436,SKU-CLE-0282,12,Lince Vet Center
29/08/2026,ORD-106436,SKU-DAI-0313,20,Wong North Supermarkets
29/08/2026,ORD-106437,SKU-OFF-0283,9,El Tornillo Hardware
29/08/2026,ORD-106437,SKU-FRO-0014,16,Lince Vet Center
29-Aug-26,ORD-106438,SKU-BEV-0174,4,San Martin Corner Store
29/08/2026,ORD-106438,SKU-TOO-0295,14,Happy Pet Store
29-Aug-26,ORD-106439,SKU-PET-0017,3,Andean Group Offices
29-Aug-26,ORD-106440,SKU-HAR-0237,7,Delta Construction
2026-08-29,ORD-106440,SKU-HOM-0013,7,Andean Group Offices
29/08/2026,ORD-106440,SKU-OFF-0249,10,San Martin Corner Store
2026-08-29,ORD-106441,SKU-HOM-0289,1,Inkafarma Comas Pharmacy
29-Aug-26,ORD-106441,SKU-GAR-0153,7,San Martin Corner Store
29/08/2026,ORD-106442,SKU-BEV-0311,21,Wong North Supermarkets
2026-08-29,ORD-106443,SKU-OFF-0259,8,Lince Vet Center
29/08/2026,ORD-106443,SKU-FRO-0213,22,Andean Group Offices
29/08/2026,ORD-106443,SKU-BEA-0045,4,Wong North Supermarkets
2026-08-29,ORD-106444,SKU-SNA-0223,3,Wong North Supermarkets
29-Aug-26,ORD-106444,SKU-BEV-0219,7,Andean Group Offices
2026-08-29,ORD-106445,SKU-FRO-0238,16,El Tornillo Hardware
29/08/2026,ORD-106445,SKU-HOM-0204,16,San Martin Corner Store
29-Aug-26,ORD-106446,SKU-OFF-0284,3,Happy Pet Store
2026-08-29,ORD-106446,SKU-TOO-0131,5,La Lucha Restaurant
2026-08-29,ORD-106447,SKU-TOO-0056,3,Lince Vet Center
2026-08-29,ORD-106447,SKU-BEA-0094,5,La Lucha Restaurant
2026-08-29,ORD-106448,SKU-PET-0076,12,Happy Pet Store
2026-08-29,ORD-106448,SKU-OFF-0074,14,La Lucha Restaurant
2026-08-29,ORD-106449,SKU-TOO-0125,8,San Martin Corner Store
29-Aug-26,ORD-106449,SKU-TOO-0026,9,Wong North Supermarkets
2026-08-29,ORD-106449,SKU-FRO-0246,3,Happy Pet Store
29/08/2026,ORD-106450,SKU-BEA-0019,3,Delta Construction
29/08/2026,ORD-106450,SKU-FRO-0238,1,Delta Construction
29-Aug-26,ORD-106451,SKU-SNA-0315,17,Andean Group Offices
29/08/2026,ORD-106452,SKU-SNA-0199,3,El Tornillo Hardware
2026-08-29,ORD-106453,SKU-FRO-0109,10,Inkafarma Comas Pharmacy
2026-08-29,ORD-106453,SKU-FRO-0090,16,Lince Vet Center
2026-08-29,ORD-106453,SKU-TOO-0056,1,Delta Construction
2026-08-29,ORD-106454,SKU-FRO-0179,2,San Martin Corner Store
29/08/2026,ORD-106454,SKU-BEA-0310,3,Delta Construction
29/08/2026,ORD-106455,SKU-FRO-0179,4,Happy Pet Store
29/08/2026,ORD-106456,SKU-TOO-0279,10,Andean Group Offices
2026-08-29,ORD-106457,SKU-PET-0318,7,La Lucha Restaurant
29-Aug-26,ORD-106458,SKU-FRO-0136,2,San Martin Corner Store
2026-08-29,ORD-106458,SKU-BEA-0177,3,Lince Vet Center
2026-08-29,ORD-106459,SKU-SNA-0292,5,Inkafarma Comas Pharmacy
29/08/2026,ORD-106459,SKU HOM 0316,7,El Tornillo Hardware
2026-08-29,ORD-106459,SKU-DAI-0082,6,Inkafarma Comas Pharmacy
29-Aug-26,ORD-106460,SKU-GAR-0157,14,Andean Group Offices
2026-08-29,ORD-106460,SKU-SNA-0030,15,Wong North Supermarkets
29/08/2026,ORD-106461,SKU-BEV-0202,2,Wong North Supermarkets
29-Aug-26,ORD-106461,SKU-DAI-0123,5,Lucero Minimarket
29-Aug-26,ORD-106461,SKU-BEV-0037,3,La Lucha Restaurant
29-Aug-26,ORD-106462,SKU-FRO-0278,5,Happy Pet Store
2026-08-29,ORD-106462,SKU-GAR-0111,5,Lucero Minimarket
2026-08-29,ORD-106463,SKU-BEA-0151,4,Inkafarma Comas Pharmacy
29/08/2026,ORD-106463,sku-pet-0318,13,Andean Group Offices
29-Aug-26,ORD-106465,SKU-GAR-0195,17,Andean Group Offices
2026-08-29,ORD-106466,SKU-TOO-0091,12,El Tornillo Hardware
29-Aug-26,ORD-106466,SKU-PET-0304,2,El Tornillo Hardware
29/08/2026,ORD-106466, SKU-PET-0102,7,La Lucha Restaurant
29/08/2026,ORD-106467,SKU-DAI-0184,1,El Tornillo Hardware
2026-08-29,ORD-106467,SKU-SNA-0298,11,Andean Group Offices
29-Aug-26,ORD-106467,SKU-SNA-0223,8,Happy Pet Store
29/08/2026,ORD-106468,SKU-HAR-0285,5,Andean Group Offices
2026-08-29,ORD-106469,SKU-FRO-0288,1,Happy Pet Store
29-Aug-26,ORD-106470,SKU-TOO-0210,13,San Martin Corner Store
29/08/2026,ORD-106470,SKU-SNA-0244,25,Lince Vet Center
29/08/2026,ORD-106470,SKU-CLE-0018,18,San Martin Corner Store
2026-08-29,ORD-106471,SKU-TOO-0056,3,Andean Group Offices
2026-08-29,ORD-106471,SKU-DAI-0184,18,Wong North Supermarkets
29-Aug-26,ORD-106471,SKU-PET-0087,4,Delta Construction
29/08/2026,ORD-106472,SKU-DAI-0082,6,Wong North Supermarkets
2026-08-29,ORD-106472,SKU-DAI-0070,14,Lucero Minimarket
2026-08-29,ORD-106473,SKU-DAI-0123,6,San Martin Corner Store
29-Aug-26,ORD-106473,SKU-DAI-0082,7,Inkafarma Comas Pharmacy
2026-08-29,ORD-106474,SKU-HOM-0020,3,Happy Pet Store
29-Aug-26,ORD-106474,SKU-HOM-0013,6,Happy Pet Store
29/08/2026,ORD-106474,SKU-OFF-0257,8,Delta Construction
29-Aug-26,ORD-106475,SKU-HOM-0112,2,Lince Vet Center
29/08/2026,ORD-106475,SKU-SNA-0244,1,Happy Pet Store
29/08/2026,ORD-106476,SKU-BEA-0312,19,Lince Vet Center
2026-08-29,ORD-106477, SKU-SNA-0233,2,La Lucha Restaurant
29/08/2026,ORD-106477,SKU-FRO-0136,8,Lince Vet Center
29-Aug-26,ORD-106478,SKU-BEA-0151,3,La Lucha Restaurant
29-Aug-26,ORD-106478, SKU-DAI-0184,18,Happy Pet Store
29/08/2026,ORD-106478,SKU-FRO-0278,6,La Lucha Restaurant
29-Aug-26,ORD-106479,SKU-SNA-0223,16,La Lucha Restaurant
29/08/2026,ORD-106479,SKU-SNA-0188,3,Wong North Supermarkets
29/08/2026,ORD-106480,SKU-BEV-0180,8,La Lucha Restaurant
29/08/2026,ORD-106480,SKU-TOO-0125,10,El Tornillo Hardware
29-Aug-26,ORD-106480,SKU-HOM-0089,7,Lucero Minimarket
29-Aug-26,ORD-106481,SKU-TOO-0080,4,El Tornillo Hardware
29-Aug-26,ORD-106482,SKU-HOM-0065,11,Andean Group Offices
29/08/2026,ORD-106482,SKU-OFF-0043,1,San Martin Corner Store
2026-08-29,ORD-106482,SKU-DAI-0169,12,Lucero Minimarket
29-Aug-26,ORD-106483,SKU-DAI-0169,8,Happy Pet Store
2026-08-29,ORD-106485,SKU-TOO-0279,12,La Lucha Restaurant
29-Aug-26,ORD-106486,SKU-SNA-0188,16,Lince Vet Center
2026-08-29,ORD-106487,SKU-BEV-0084,9,Delta Construction
2026-08-29,ORD-106488,SKU-FRO-0085,17,Lucero Minimarket
29/08/2026,ORD-106489,SKU-FRO-0246,1,La Lucha Restaurant
29-Aug-26,ORD-106489,SKU-BEA-0045,22,Inkafarma Comas Pharmacy
2026-08-29,ORD-106489,SKU-PET-0318,2,El Tornillo Hardware
29/08/2026,ORD-106490,SKU-HOM-0013,7,Wong North Supermarkets
29/08/2026,ORD-106490,SKU-OFF-0225,12,San Martin Corner Store
2026-08-29,ORD-106491,SKU-FRO-0272,19,Wong North Supermarkets
29-Aug-26,ORD-106492,SKU-SNA-0244,16,Wong North Supermarkets
2026-08-29,ORD-106492,SKU-BEA-0193,3,Wong North Supermarkets
29-Aug-26,ORD-106492,SKU-HOM-0112,4,Happy Pet Store
29-Aug-26,ORD-106493,SKU-PET-0217,13,Andean Group Offices
29-Aug-26,ORD-106493,SKU-TOO-0026,6,Delta Construction
2026-08-29,ORD-106494,SKU-OFF-0225,14,Delta Construction
2026-08-29,ORD-106494,SKU-DAI-0169,15,Delta Construction
29-Aug-26,ORD-106494,SKU-FRO-0132,6,Lucero Minimarket
2026-08-29,ORD-106495,SKU-BEV-0219,5,Wong North Supermarkets
2026-08-29,ORD-106495,SKU-GAR-0111,11,Delta Construction
29/08/2026,ORD-106496,SKU-SNA-0244,4,Lince Vet Center
2026-08-29,ORD-106497,SKU-DAI-0003,15,La Lucha Restaurant
2026-08-29,ORD-106497,SKU-CLE-0248,6,Happy Pet Store
29/08/2026,ORD-106497,SKU-SNA-0100,19,Lucero Minimarket
2026-08-29,ORD-106499, SKU-FRO-0196,10,La Lucha Restaurant
2026-08-29,ORD-106499,SKU-FRO-0238,6,Andean Group Offices
29-Aug-26,ORD-106499,SKU-TOO-0122,6,Lucero Minimarket
2026-08-29,ORD-106500,SKU-BEA-0126,4,Inkafarma Comas Pharmacy
29/08/2026,ORD-106500,SKU-DAI-0003,17,Wong North Supermarkets
29-Aug-26,ORD-106501,SKU-HAR-0093,7,Happy Pet Store
29/08/2026,ORD-106502,SKU-DAI-0123,3,Inkafarma Comas Pharmacy
29/08/2026,ORD-106502,SKU-BEA-0264,2,Wong North Supermarkets
2026-08-29,ORD-106502,SKU-BEV-0118,1,Lucero Minimarket
29/08/2026,ORD-106503,SKU-DAI-0169,16,Inkafarma Comas Pharmacy
2026-08-29,ORD-106504,SKU-GAR-0039,12,Lince Vet Center
29/08/2026,ORD-106504,SKU-SNA-0292,6,Inkafarma Comas Pharmacy
29/08/2026,ORD-106504,SKU-TOO-0122,2,Wong North Supermarkets
2026-08-29,ORD-106505,sku-fro-0296,20,Happy Pet Store
2026-08-29,ORD-106505,SKU-BEA-0215,8,Delta Construction
2026-08-29,ORD-106506,SKU-FRO-0109,2,Andean Group Offices
29-Aug-26,ORD-106506,SKU-DAI-0082,7,Happy Pet Store
2026-08-29,ORD-106507,SKU-BEV-0301,8,Lucero Minimarket
2026-08-29,ORD-106508,SKU-HOM-0204,11,Lucero Minimarket
29/08/2026,ORD-106508,SKU-BEV-0176,3,Inkafarma Comas Pharmacy
29-Aug-26,ORD-106509,SKU-FRO-0238,14,El Tornillo Hardware
2026-08-29,ORD-106510,SKU-FRO-0114,2,Happy Pet Store
29-Aug-26,ORD-106510,SKU-HOM-0020,4,La Lucha Restaurant
29-Aug-26,ORD-106510,SKU-OFF-0060,18,Happy Pet Store
29/08/2026,ORD-106511,SKU-CLE-0028,6,El Tornillo Hardware
2026-08-29,ORD-106511,SKU-DAI-0082,1,Inkafarma Comas Pharmacy
29/08/2026,ORD-106512,SKU-PET-0017,2,San Martin Corner Store
2026-08-29,ORD-106512,SKU BEA 0148,4,El Tornillo Hardware
2026-08-29,ORD-106512,SKU-FRO-0272,23,Lucero Minimarket
2026-08-29,ORD-106513,SKU-GAR-0021,2,Lince Vet Center
29/08/2026,ORD-106513,SKU-DAI-0303,1,Inkafarma Comas Pharmacy
29/08/2026,ORD-106514,SKU-BEV-0150,8,Lucero Minimarket
29-Aug-26,ORD-106514,SKU-OFF-0228,4,Inkafarma Comas Pharmacy
29/08/2026,ORD-106516,SKU-FRO-0109,7,Inkafarma Comas Pharmacy
29-Aug-26,ORD-106517,SKU-CLE-0041,8,Happy Pet Store
29-Aug-26,ORD-106517,SKU-FRO-0085,5,Delta Construction
2026-08-29,ORD-106518,SKU-DAI-0054,9,Happy Pet Store
29/08/2026,ORD-106518,SKU-TOO-0216,7,El Tornillo Hardware
29/08/2026,ORD-106519,SKU-BEA-0148,3,La Lucha Restaurant
29/08/2026,ORD-106519,SKU-BEV-0005,2,Lince Vet Center
29/08/2026,ORD-106520,SKU-OFF-0259,30,San Martin Corner Store
2026-08-29,ORD-106520,SKU-SNA-0171,1,Delta Construction
2026-08-29,ORD-106521,SKU-DAI-0184,2,La Lucha Restaurant
29-Aug-26,ORD-106521,SKU-FRO-0196,3,La Lucha Restaurant
2026-08-29,ORD-106522,SKU-TOO-0122,4,Happy Pet Store
29/08/2026,ORD-106522,SKU-BEV-0180,9,Lince Vet Center
2026-08-29,ORD-106523,SKU-OFF-0043,1,Inkafarma Comas Pharmacy
29/08/2026,ORD-106523,SKU-FRO-0278,8,El Tornillo Hardware
29/08/2026,ORD-106523,SKU-FRO-0132,22,El Tornillo Hardware
2026-08-29,ORD-106524,SKU-DAI-0169,1,Happy Pet Store
29/08/2026,ORD-106524,SKU-HOM-0020,2,San Martin Corner Store
29/08/2026,ORD-106525,SKU-GAR-0157,4,San Martin Corner Store
29-Aug-26,ORD-106525,SKU-TOO-0026,9,Delta Construction
2026-08-29,ORD-106526,SKU-OFF-0225,11,San Martin Corner Store
2026-08-29,ORD-106526,SKU-PET-0318,8,San Martin Corner Store
29/08/2026,ORD-106528,SKU-FRO-0220,6,Lince Vet Center
29/08/2026,ORD-106528,SKU-DAI-0123,5,Lucero Minimarket
29/08/2026,ORD-106528,SKU-HOM-0316,6,El Tornillo Hardware
29-Aug-26,ORD-106529,SKU-GAR-0157,21,San Martin Corner Store
29/08/2026,ORD-106529,SKU-HOM-0127,11,Happy Pet Store
2026-08-29,ORD-106530,SKU-HAR-0309,16,San Martin Corner Store
29/08/2026,ORD-106530,SKU-BEA-0310,9,Lince Vet Center
29/08/2026,ORD-106530,SKU-FRO-0179,5,Inkafarma Comas Pharmacy
2026-08-29,ORD-106531,SKU-FRO-0132,26,Wong North Supermarkets
29-Aug-26,ORD-106532,SKU-FRO-0296,1,Wong North Supermarkets
29-Aug-26,ORD-106532,SKU-DAI-0123,7,La Lucha Restaurant
29/08/2026,ORD-106533,SKU-FRO-0114,9,Wong North Supermarkets
2026-08-29,ORD-106533,SKU-DAI-0169,16,Happy Pet Store
29-Aug-26,ORD-106534,SKU-BEA-0264,6,San Martin Corner Store
29/08/2026,ORD-106534,SKU-SNA-0292,12,Lucero Minimarket
2026-08-29,ORD-106536,SKU-DAI-0184,15,La Lucha Restaurant
29/08/2026,ORD-106537,SKU-HAR-0285,27,La Lucha Restaurant
29-Aug-26,ORD-106537,SKU-GAR-0153,9,Delta Construction
2026-08-29,ORD-106538,SKU-HAR-0266,5,La Lucha Restaurant
29/08/2026,ORD-106538,SKU-BEV-0242,26,Wong North Supermarkets
29-Aug-26,ORD-106538,SKU-BEA-0019,9,Delta Construction
29/08/2026,ORD-106539,SKU-DAI-0303,2,Lucero Minimarket
29-Aug-26,ORD-106539,SKU-DAI-0070,12,Lince Vet Center
2026-08-29,ORD-106540,SKU-CLE-0231,3,Lucero Minimarket
29-Aug-26,ORD-106540,SKU PET 0318,1,Lince Vet Center
2026-08-29,ORD-106541,SKU-TOO-0221,6,El Tornillo Hardware
29-Aug-26,ORD-106541,SKU-FRO-0196,4,La Lucha Restaurant
2026-08-29,ORD-106542,SKU-FRO-0213,14,La Lucha Restaurant
2026-08-29,ORD-106542,SKU-FRO-0196,3,Andean Group Offices
29-Aug-26,ORD-106542,SKU-HAR-0266,1,Wong North Supermarkets
2026-08-29,ORD-106543,SKU DAI 0303,4,San Martin Corner Store
29/08/2026,ORD-106543,SKU-BEV-0037,11,La Lucha Restaurant
2026-08-29,ORD-106543,SKU-BEA-0034,10,Andean Group Offices
29-Aug-26,ORD-106544,SKU-HOM-0089,3,La Lucha Restaurant
29/08/2026,ORD-106544,SKU-GAR-0250,6,Happy Pet Store
29-Aug-26,ORD-106544,SKU-GAR-0021,6,Wong North Supermarkets
29/08/2026,ORD-106545,SKU-OFF-0043,8,Lince Vet Center
29-Aug-26,ORD-106546,SKU-OFF-0010,5,Wong North Supermarkets
29/08/2026,ORD-106547,SKU-TOO-0172,6,San Martin Corner Store
29/08/2026,ORD-106548,SKU-BEA-0185,18,Wong North Supermarkets
2026-08-29,ORD-106548,SKU-DAI-0169,14,Delta Construction
29-Aug-26,ORD-106548,SKU-DAI-0164,5,Lince Vet Center
29/08/2026,ORD-106549,SKU-CLE-0041,18,La Lucha Restaurant
29-Aug-26,ORD-106550,SKU-HOM-0253,9,Lucero Minimarket
29/08/2026,ORD-106550,SKU-OFF-0225,2,Delta Construction
29-Aug-26,ORD-106550,SKU-TOO-0056,4,La Lucha Restaurant
2026-08-29,ORD-106551,SKU-SNA-0292,2,Lince Vet Center
29/08/2026,ORD-106551,SKU-DAI-0082,9,La Lucha Restaurant
2026-08-29,ORD-106552,SKU-HOM-0286,2,Delta Construction
29/08/2026,ORD-106552,SKU-PET-0318,13,La Lucha Restaurant
29-Aug-26,ORD-106553,SKU-BEA-0310,8,La Lucha Restaurant
29/08/2026,ORD-106553,SKU-CLE-0276,4,Andean Group Offices
2026-08-29,ORD-106553,SKU-TOO-0125,6,Delta Construction
29/08/2026,ORD-106554,SKU-BEA-0177,1,La Lucha Restaurant
29/08/2026,ORD-106554,SKU-TOO-0279,9,La Lucha Restaurant
2026-08-29,ORD-106554,SKU-SNA-0244,14,San Martin Corner Store
29-Aug-26,ORD-106555,SKU-BEV-0202,4,San Martin Corner Store
29/08/2026,ORD-106556,SKU-DAI-0184,14,Delta Construction
2026-08-29,ORD-106556,SKU-BEA-0045,6,Lucero Minimarket
29/08/2026,ORD-106557,SKU-DAI-0123,5,Happy Pet Store
29/08/2026,ORD-106557,SKU-OFF-0140,5,Wong North Supermarkets
29/08/2026,ORD-106558,SKU-BEV-0311,15,San Martin Corner Store
2026-08-29,ORD-106558,SKU-PET-0031,3,Delta Construction
2026-08-29,ORD-106559,SKU-GAR-0021,7,Andean Group Offices
2026-08-29,ORD-106559,SKU-BEA-0142,1,Andean Group Offices
2026-08-29,ORD-106560,SKU-FRO-0267,8,Delta Construction
2026-08-29,ORD-106560,SKU-SNA-0199,11,Lucero Minimarket
29/08/2026,ORD-106561,SKU-TOO-0026,8,Wong North Supermarkets
29-Aug-26,ORD-106561,SKU-BEV-0037,7,La Lucha Restaurant
29-Aug-26,ORD-106561,SKU-TOO-0056,1,San Martin Corner Store
2026-08-29,ORD-106562,SKU-HOM-0127,17,Andean Group Offices
29/08/2026,ORD-106562,SKU-BEV-0219,5,El Tornillo Hardware
2026-08-29,ORD-106563,SKU FRO 0196,11,Inkafarma Comas Pharmacy
2026-08-29,ORD-106563,SKU-FRO-0261,6,Wong North Supermarkets
29/08/2026,ORD-106563,SKU-PET-0155,22,Lince Vet Center
29/08/2026,ORD-106564,SKU-FRO-0288,3,Andean Group Offices
29/08/2026,ORD-106564,SKU-BEV-0084,11,Delta Construction
29-Aug-26,ORD-106565,SKU-DAI-0003,7,Delta Construction
2026-08-29,ORD-106566,SKU-SNA-0315,7,Wong North Supermarkets
29/08/2026,ORD-106566,SKU-FRO-0246,4,San Martin Corner Store
2026-08-29,ORD-106566,SKU-DAI-0123,5,Andean Group Offices
2026-08-29,ORD-106567,SKU-FRO-0136,8,San Martin Corner Store
29/08/2026,ORD-106567,SKU-FRO-0196,11,El Tornillo Hardware
29-Aug-26,ORD-106569,SKU-GAR-0153,19,Inkafarma Comas Pharmacy
2026-08-29,ORD-106569,SKU-BEA-0308,6,Inkafarma Comas Pharmacy
2026-08-29,ORD-106569,SKU-HAR-0266,4,Andean Group Offices
29/08/2026,ORD-106570,SKU-OFF-0228,21,Lucero Minimarket
29/08/2026,ORD-106570,SKU-OFF-0074,18,Lince Vet Center
2026-08-29,ORD-106570,SKU-OFF-0283,17,San Martin Corner Store
29-Aug-26,ORD-106571,SKU-TOO-0279,3,Happy Pet Store
2026-08-29,ORD-106571,SKU-FRO-0238,1,Wong North Supermarkets
29/08/2026,ORD-106572,SKU-PET-0099,14,Lince Vet Center
2026-08-29,ORD-106572,SKU-DAI-0313,12,Delta Construction
29/08/2026,ORD-106573,SKU-GAR-0153,10,San Martin Corner Store
29/08/2026,ORD-106574,SKU-CLE-0240,18,Happy Pet Store
29-Aug-26,ORD-106574,SKU-GAR-0287,4,Inkafarma Comas Pharmacy
29/08/2026,ORD-106575,SKU-SNA-0057,18,Wong North Supermarkets
29/08/2026,ORD-106576,SKU-DAI-0169,7,Lince Vet Center
2026-08-29,ORD-106576,SKU-PET-0173,8,El Tornillo Hardware
29/08/2026,ORD-106578,SKU-BEV-0005,3,Delta Construction
29-Aug-26,ORD-106578,SKU BEV 0180,14,Wong North Supermarkets
29/08/2026,ORD-106578,SKU-DAI-0184,13,San Martin Corner Store
2026-08-29,ORD-106579,SKU-DAI-0313,19,San Martin Corner Store
29-Aug-26,ORD-106580,SKU-FRO-0272,15,El Tornillo Hardware
29-Aug-26,ORD-106581,SKU-PET-0270,1,Happy Pet Store
29/08/2026,ORD-106581,SKU-FRO-0238,5,Delta Construction
29/08/2026,ORD-106581,SKU-DAI-0070,3,Inkafarma Comas Pharmacy
2026-08-29,ORD-106582,SKU-DAI-0184,9,Happy Pet Store
29/08/2026,ORD-106582,SKU-FRO-0246,3,El Tornillo Hardware
30-Aug-26,ORD-106583,sku-dai-0313,16,La Lucha Restaurant
2026-08-30,ORD-106583,SKU-BEV-0219,10,Lince Vet Center
30-Aug-26,ORD-106584,SKU-CLE-0248,8,Lince Vet Center
2026-08-30,ORD-106585,SKU-OFF-0249,1,Lucero Minimarket
2026-08-30,ORD-106585,SKU-PET-0076,10,Lucero Minimarket
30-Aug-26,ORD-106585,SKU-DAI-0184,1,Lince Vet Center
30/08/2026,ORD-106586,SKU-FRO-0278,3,La Lucha Restaurant
30-Aug-26,ORD-106587,SKU-CLE-0061,13,La Lucha Restaurant
30/08/2026,ORD-106587,SKU-PET-0040,6,Lucero Minimarket
30/08/2026,ORD-106588,SKU-DAI-0003,12,La Lucha Restaurant
30-Aug-26,ORD-106588,SKU-TOO-0125,2,Delta Construction
2026-08-30,ORD-106588,SKU-TOO-0125,10,Delta Construction
30/08/2026,ORD-106589,SKU-OFF-0060,22,Inkafarma Comas Pharmacy
30-Aug-26,ORD-106590,SKU-SNA-0097,3,Inkafarma Comas Pharmacy
2026-08-30,ORD-106591,SKU-CLE-0041,12,La Lucha Restaurant
30/08/2026,ORD-106592,SKU-OFF-0257,1,Lucero Minimarket
2026-08-30,ORD-106593,SKU-HAR-0266,15,El Tornillo Hardware
30/08/2026,ORD-106593,SKU-BEA-0168,11,Happy Pet Store
30-Aug-26,ORD-106594,SKU-PET-0076,8,San Martin Corner Store
30/08/2026,ORD-106594,SKU-OFF-0228,18,La Lucha Restaurant
2026-08-30,ORD-106594,SKU-DAI-0054,7,Happy Pet Store
30-Aug-26,ORD-106595,SKU-HOM-0316,3,Delta Construction
2026-08-30,ORD-106595,SKU-GAR-0116,28,Lince Vet Center
30/08/2026,ORD-106595,SKU-PET-0227,2,Wong North Supermarkets
30-Aug-26,ORD-106596,SKU-BEA-0177,1,Inkafarma Comas Pharmacy
30-Aug-26,ORD-106597,SKU-FRO-0213,22,El Tornillo Hardware
30-Aug-26,ORD-106597,SKU-FRO-0296,17,La Lucha Restaurant
30/08/2026,ORD-106597,SKU-HAR-0266,19,Lucero Minimarket
30/08/2026,ORD-106600,SKU-DAI-0164,2,Lucero Minimarket
30/08/2026,ORD-106600,SKU-FRO-0213,4,Happy Pet Store
30/08/2026,ORD-106601,SKU-BEV-0033,4,Happy Pet Store
2026-08-30,ORD-106602,SKU FRO 0109,8,El Tornillo Hardware
2026-08-30,ORD-106603,SKU-HOM-0316,8,Lucero Minimarket
2026-08-30,ORD-106603,SKU-HAR-0266,18,San Martin Corner Store
30/08/2026,ORD-106603,SKU-DAI-0313,8,Wong North Supermarkets
2026-08-30,ORD-106604,SKU-SNA-0315,28,Delta Construction
30/08/2026,ORD-106604,SKU-BEA-0062,12,Happy Pet Store
2026-08-30,ORD-106604,SKU-GAR-0021,7,Delta Construction
30-Aug-26,ORD-106605,SKU-FRO-0267,5,Delta Construction
30/08/2026,ORD-106605,SKU-HOM-0112,15,Delta Construction
2026-08-30,ORD-106606,SKU-FRO-0296,20,Lucero Minimarket
30/08/2026,ORD-106607,SKU-GAR-0111,18,Delta Construction
30/08/2026,ORD-106607,SKU-OFF-0283,16,Andean Group Offices
30-Aug-26,ORD-106608,SKU-FRO-0196,8,San Martin Corner Store
2026-08-30,ORD-106608,SKU-PET-0076,6,La Lucha Restaurant
30/08/2026,ORD-106609,SKU-DAI-0082,4,Inkafarma Comas Pharmacy
30/08/2026,ORD-106609,SKU-CLE-0240,14,Wong North Supermarkets
2026-08-30,ORD-106610,SKU-HOM-0316,5,Lince Vet Center
30-Aug-26,ORD-106610,SKU-BEV-0174,4,Lucero Minimarket
30-Aug-26,ORD-106611,SKU-DAI-0164,1,El Tornillo Hardware
2026-08-30,ORD-106611,SKU-TOO-0295,16,El Tornillo Hardware
2026-08-30,ORD-106612,SKU-BEA-0062,6,Inkafarma Comas Pharmacy
30-Aug-26,ORD-106612,SKU-GAR-0287,4,Andean Group Offices
30-Aug-26,ORD-106613,SKU-FRO-0296,3,Andean Group Offices
2026-08-30,ORD-106613,SKU-GAR-0157,17,Lince Vet Center
2026-08-30,ORD-106613,SKU-TOO-0131,11,Lucero Minimarket
30-Aug-26,ORD-106615,SKU-DAI-0003,16,El Tornillo Hardware
30/08/2026,ORD-106615,SKU-FRO-0278,8,Happy Pet Store
30/08/2026,ORD-106617,SKU-HAR-0266,6,Andean Group Offices
30-Aug-26,ORD-106617,SKU-TOO-0216,8,Happy Pet Store
30-Aug-26,ORD-106618,SKU-HOM-0089,5,Wong North Supermarkets
30/08/2026,ORD-106619,SKU-FRO-0267,14,Andean Group Offices
30/08/2026,ORD-106621,SKU-DAI-0164,4,Happy Pet Store
30/08/2026,ORD-106622,SKU-DAI-0313,1,El Tornillo Hardware
30/08/2026,ORD-106622,SKU-FRO-0196,13,San Martin Corner Store
30-Aug-26,ORD-106623,SKU-SNA-0199,15,Lucero Minimarket
2026-08-30,ORD-106623,SKU-FRO-0246,1,San Martin Corner Store
30/08/2026,ORD-106625,SKU-DAI-0082,5,Inkafarma Comas Pharmacy
2026-08-30,ORD-106625,SKU-GAR-0153,11,Lince Vet Center
2026-08-30,ORD-106626,SKU-FRO-0090,20,Inkafarma Comas Pharmacy
30-Aug-26,ORD-106626,SKU-DAI-0303,4,Wong North Supermarkets
2026-08-30,ORD-106627,SKU-OFF-0228,21,El Tornillo Hardware
30-Aug-26,ORD-106627,SKU-BEA-0312,18,Wong North Supermarkets
30-Aug-26,ORD-106628,SKU-GAR-0021,7,Andean Group Offices
30/08/2026,ORD-106629, SKU-DAI-0123,8,Delta Construction
30/08/2026,ORD-106629,SKU-DAI-0054,9,El Tornillo Hardware
30-Aug-26,ORD-106630,SKU-BEA-0062,4,Wong North Supermarkets
30-Aug-26,ORD-106630,SKU-DAI-0169,4,Lince Vet Center
2026-08-30,ORD-106632,SKU-PET-0106,4,Lince Vet Center
30-Aug-26,ORD-106632,SKU-OFF-0140,16,La Lucha Restaurant
30/08/2026,ORD-106633,SKU-FRO-0179,10,Lince Vet Center
30/08/2026,ORD-106633,SKU-FRO-0267,10,Lucero Minimarket
30-Aug-26,ORD-106633,SKU-DAI-0303,4,Inkafarma Comas Pharmacy
30/08/2026,ORD-106634,SKU-BEA-0308,11,El Tornillo Hardware
30-Aug-26,ORD-106635,SKU-FRO-0090,27,Lince Vet Center
2026-08-30,ORD-106635,SKU-SNA-0171,6,Inkafarma Comas Pharmacy
30/08/2026,ORD-106635,SKU-DAI-0072,15,Lucero Minimarket
30-Aug-26,ORD-106636,SKU-FRO-0213,10,Wong North Supermarkets
30/08/2026,ORD-106636,SKU-SNA-0030,20,Lince Vet Center
2026-08-30,ORD-106636,SKU-TOO-0279,11,Andean Group Offices
30-Aug-26,ORD-106637,sku-cle-0282,8,Happy Pet Store
2026-08-30,ORD-106638,SKU-SNA-0223,3,Delta Construction
30/08/2026,ORD-106639,SKU-SNA-0199,6,La Lucha Restaurant
30-Aug-26,ORD-106639,SKU-DAI-0184,16,Andean Group Offices
30/08/2026,ORD-106640,SKU-TOO-0069,5,El Tornillo Hardware
30/08/2026,ORD-106641,SKU-PET-0270,7,Inkafarma Comas Pharmacy
30-Aug-26,ORD-106641,SKU-GAR-0116,30,La Lucha Restaurant
2026-08-30,ORD-106642,SKU-PET-0099,19,Inkafarma Comas Pharmacy
30/08/2026,ORD-106642,SKU-OFF-0236,5,San Martin Corner Store
30/08/2026,ORD-106643,SKU-SNA-0030,5,Wong North Supermarkets
2026-08-30,ORD-106643,SKU-SNA-0298,12,Inkafarma Comas Pharmacy
30-Aug-26,ORD-106644,SKU-CLE-0041,18,Andean Group Offices
30-Aug-26,ORD-106644,SKU-FRO-0296,11,El Tornillo Hardware
30-Aug-26,ORD-106646,SKU-DAI-0070,7,Andean Group Offices
30-Aug-26,ORD-106646,SKU-PET-0040,7,Lince Vet Center
30/08/2026,ORD-106646,SKU-SNA-0244,2,Happy Pet Store
30/08/2026,ORD-106648,SKU-OFF-0257,4,El Tornillo Hardware
30/08/2026,ORD-106648,SKU-DAI-0070,5,Lince Vet Center
2026-08-30,ORD-106648,sku-pet-0146,2,San Martin Corner Store
30-Aug-26,ORD-106649,SKU-BEV-0180,6,Lince Vet Center
30-Aug-26,ORD-106649,SKU-FRO-0196,7,Andean Group Offices
30/08/2026,ORD-106649,SKU-BEA-0045,13,Andean Group Offices
30/08/2026,ORD-106650,SKU-SNA-0233,1,La Lucha Restaurant
30-Aug-26,ORD-106651,SKU-PET-0173,9,Wong North Supermarkets
2026-08-30,ORD-106651,SKU-PET-0106,16,Happy Pet Store
2026-08-30,ORD-106651,SKU-FRO-0261,4,La Lucha Restaurant
30/08/2026,ORD-106652,SKU-PET-0087,1,Lucero Minimarket
2026-08-30,ORD-106652,SKU-BEV-0180,5,La Lucha Restaurant
2026-08-30,ORD-106652,SKU-FRO-0179,4,Lince Vet Center
2026-08-30,ORD-106653,SKU-FRO-0014,13,La Lucha Restaurant
30/08/2026,ORD-106653,SKU-PET-0318,15,La Lucha Restaurant
30-Aug-26,ORD-106653,SKU-DAI-0082,1,Delta Construction
2026-08-30,ORD-106654,SKU-BEV-0202,3,La Lucha Restaurant
30/08/2026,ORD-106654,SKU-DAI-0054,6,Lince Vet Center
30-Aug-26,ORD-106655,SKU-DAI-0169,1,La Lucha Restaurant
30/08/2026,ORD-106656,SKU-GAR-0111,15,Andean Group Offices
30/08/2026,ORD-106656,SKU-TOO-0125,2,Happy Pet Store
2026-08-30,ORD-106657,SKU-FRO-0196,5,Lince Vet Center
2026-08-30,ORD-106657,SKU-PET-0155,17,Lucero Minimarket
30/08/2026,ORD-106658,SKU-SNA-0292,2,Happy Pet Store
30/08/2026,ORD-106658,SKU-BEA-0034,11,Inkafarma Comas Pharmacy
2026-08-30,ORD-106659,SKU-HAR-0309,14,Lince Vet Center
30/08/2026,ORD-106659,SKU-FRO-0296,14,Inkafarma Comas Pharmacy
30-Aug-26,ORD-106660,SKU-OFF-0249,7,Lince Vet Center
30-Aug-26,ORD-106661,SKU-GAR-0021,3,Lince Vet Center
30-Aug-26,ORD-106662,SKU-GAR-0153,6,Lucero Minimarket
30-Aug-26,ORD-106662,SKU-BEA-0308,12,Andean Group Offices
30/08/2026,ORD-106662,SKU-DAI-0184,4,Wong North Supermarkets
30-Aug-26,ORD-106663,SKU-SNA-0030,17,Lucero Minimarket
2026-08-30,ORD-106663,SKU-HOM-0015,3,Lince Vet Center
30/08/2026,ORD-106664,SKU-PET-0040,14,Inkafarma Comas Pharmacy
30/08/2026,ORD-106666, SKU-FRO-0179,5,Inkafarma Comas Pharmacy
2026-08-30,ORD-106666,SKU-OFF-0010,1,Delta Construction
30-Aug-26,ORD-106667,SKU-OFF-0249,9,Lince Vet Center
30/08/2026,ORD-106668,SKU-DAI-0164,6,Lince Vet Center
30-Aug-26,ORD-106668,SKU-PET-0227,2,San Martin Corner Store
2026-08-30,ORD-106669,SKU-OFF-0010,6,Happy Pet Store
30-Aug-26,ORD-106669,SKU-BEV-0176,3,El Tornillo Hardware
2026-08-30,ORD-106670,SKU-GAR-0113,13,Lucero Minimarket
2026-08-30,ORD-106671,SKU-PET-0304,7,La Lucha Restaurant
2026-08-30,ORD-106671,SKU-CLE-0041,13,Delta Construction
2026-08-30,ORD-106672,SKU-TOO-0216,12,Lince Vet Center
30/08/2026,ORD-106673,SKU-FRO-0085,2,San Martin Corner Store
30/08/2026,ORD-106673,SKU-SNA-0199,10,La Lucha Restaurant
2026-08-30,ORD-106673,SKU-OFF-0259,15,Wong North Supermarkets
30-Aug-26,ORD-106674,SKU-DAI-0070,2,Inkafarma Comas Pharmacy
30/08/2026,ORD-106674,SKU-CLE-0018,11,La Lucha Restaurant
30-Aug-26,ORD-106674,SKU-BEA-0019,1,Happy Pet Store
30/08/2026,ORD-106675,SKU-TOO-0125,8,Happy Pet Store
2026-08-30,ORD-106675,SKU-TOO-0221,8,Lince Vet Center
30/08/2026,ORD-106676,SKU-FRO-0296,10,La Lucha Restaurant
30-Aug-26,ORD-106676,SKU-CLE-0276,2,Happy Pet Store
30/08/2026,ORD-106677,SKU-FRO-0278,10,San Martin Corner Store
30-Aug-26,ORD-106677,SKU-SNA-0171,21,El Tornillo Hardware
30/08/2026,ORD-106678,SKU-CLE-0018,22,Andean Group Offices
2026-08-30,ORD-106679,SKU-DAI-0303,1,Lince Vet Center
30/08/2026,ORD-106680,SKU-DAI-0072,14,Wong North Supermarkets
30-Aug-26,ORD-106680,SKU-SNA-0244,25,Delta Construction
30-Aug-26,ORD-106680,SKU-FRO-0196,5,Happy Pet Store
2026-08-30,ORD-106681,SKU-FRO-0296,3,Andean Group Offices
30/08/2026,ORD-106681,SKU-DAI-0123,4,San Martin Corner Store
2026-08-30,ORD-106681,SKU-BEA-0264,6,La Lucha Restaurant
30-Aug-26,ORD-106682,SKU-BEV-0202,1,Happy Pet Store
30-Aug-26,ORD-106682,SKU-HAR-0266,7,El Tornillo Hardware
30/08/2026,ORD-106683,SKU-DAI-0164,4,Happy Pet Store
30/08/2026,ORD-106684,SKU-BEV-0242,6,La Lucha Restaurant
30-Aug-26,ORD-106684, SKU-FRO-0272,16,Lucero Minimarket
30/08/2026,ORD-106685,SKU-HAR-0266,11,Delta Construction
2026-08-30,ORD-106686,SKU-FRO-0132,28,Inkafarma Comas Pharmacy
30/08/2026,ORD-106686,SKU-GAR-0113,14,Wong North Supermarkets
30/08/2026,ORD-106686,SKU-PET-0304,11,La Lucha Restaurant
2026-08-30,ORD-106687,SKU-DAI-0123,1,La Lucha Restaurant
30/08/2026,ORD-106687,SKU-FRO-0238,10,San Martin Corner Store
30-Aug-26,ORD-106688,SKU-DAI-0169,7,Lince Vet Center
30/08/2026,ORD-106688,SKU-PET-0031,2,Happy Pet Store
2026-08-30,ORD-106689,SKU-TOO-0210,1,Wong North Supermarkets
30-Aug-26,ORD-106690,SKU-DAI-0082,10,Lince Vet Center
30-Aug-26,ORD-106690, SKU-CLE-0248,7,El Tornillo Hardware
30-Aug-26,ORD-106690,SKU-HAR-0093,4,Inkafarma Comas Pharmacy
30/08/2026,ORD-106691,SKU-DAI-0072,18,El Tornillo Hardware
30-Aug-26,ORD-106693,SKU-FRO-0109,9,San Martin Corner Store
2026-08-30,ORD-106693,SKU-GAR-0157,8,San Martin Corner Store
2026-08-30,ORD-106694,SKU-BEV-0311,25,Delta Construction
30-Aug-26,ORD-106694,SKU-DAI-0313,8,Wong North Supermarkets
30-Aug-26,ORD-106695,SKU-DAI-0164,2,San Martin Corner Store
2026-08-30,ORD-106695,SKU-BEA-0045,2,Lince Vet Center
30-Aug-26,ORD-106695,SKU-DAI-0003,9,Lucero Minimarket
2026-08-30,ORD-106696,SKU-HOM-0316,10,La Lucha Restaurant
30/08/2026,ORD-106696,SKU-GAR-0153,19,Inkafarma Comas Pharmacy
30/08/2026,ORD-106697,SKU-BEA-0291,1,Lucero Minimarket
30-Aug-26,ORD-106698,SKU-BEA-0034,12,El Tornillo Hardware
30-Aug-26,ORD-106699,SKU-PET-0155,26,El Tornillo Hardware
2026-08-30,ORD-106699, SKU-BEV-0242,23,Lince Vet Center
2026-08-30,ORD-106699,SKU-GAR-0113,9,Happy Pet Store
30/08/2026,ORD-106700,SKU-TOO-0279,4,Happy Pet Store
30-Aug-26,ORD-106701,SKU-OFF-0140,7,El Tornillo Hardware
30-Aug-26,ORD-106701,SKU-TOO-0122,10,Inkafarma Comas Pharmacy
30-Aug-26,ORD-106701,SKU-FRO-0136,8,Delta Construction
30/08/2026,ORD-106702,SKU-TOO-0125,8,San Martin Corner Store
2026-08-30,ORD-106702,SKU-FRO-0014,7,Wong North Supermarkets
2026-08-30,ORD-106703,SKU-PET-0076,10,Andean Group Offices
30-Aug-26,ORD-106703,SKU-DAI-0082,8,Wong North Supermarkets
30/08/2026,ORD-106704,SKU-DAI-0164,5,Andean Group Offices
30/08/2026,ORD-106705,SKU-PET-0304,16,San Martin Corner Store
30-Aug-26,ORD-106705,SKU-GAR-0111,19,La Lucha Restaurant
30-Aug-26,ORD-106706,SKU-FRO-0203,19,Inkafarma Comas Pharmacy
2026-08-30,ORD-106707,SKU-OFF-0259,24,La Lucha Restaurant
2026-08-30,ORD-106707,SKU-BEA-0094,4,San Martin Corner Store
30/08/2026,ORD-106707,SKU-DAI-0169,2,La Lucha Restaurant
2026-08-30,ORD-106708,SKU-HOM-0253,9,Lucero Minimarket
2026-08-30,ORD-106708,SKU-BEV-0202,4,Lucero Minimarket
30/08/2026,ORD-106709,SKU-PET-0155,3,Lince Vet Center
30/08/2026,ORD-106710,SKU-DAI-0313,24,Wong North Supermarkets
30/08/2026,ORD-106710,SKU FRO 0267,16,Wong North Supermarkets
30/08/2026,ORD-106711,SKU-BEA-0291,3,El Tornillo Hardware
2026-08-30,ORD-106711,SKU-BEA-0062,3,San Martin Corner Store
30-Aug-26,ORD-106712,SKU-DAI-0054,5,San Martin Corner Store
30/08/2026,ORD-106712, SKU-PET-0304,8,Lince Vet Center
2026-08-30,ORD-106713,SKU-BEV-0311,24,Wong North Supermarkets
30/08/2026,ORD-106714,SKU-BEV-0084,18,Lucero Minimarket
30/08/2026,ORD-106714,SKU-PET-0017,6,Lince Vet Center
30/08/2026,ORD-106714,SKU-GAR-0195,2,Lince Vet Center
30-Aug-26,ORD-106715,SKU-TOO-0091,4,Lince Vet Center
30/08/2026,ORD-106716,SKU-FRO-0109,6,Andean Group Offices
30/08/2026,ORD-106717,SKU-FRO-0296,18,Happy Pet Store
30-Aug-26,ORD-106717,SKU-BEA-0148,1,La Lucha Restaurant
30/08/2026,ORD-106717,SKU-BEA-0312,18,Happy Pet Store
30/08/2026,ORD-106718,SKU-DAI-0184,2,El Tornillo Hardware
30-Aug-26,ORD-106718,SKU-DAI-0123,1,San Martin Corner Store
30/08/2026,ORD-106719,SKU-PET-0318,19,Inkafarma Comas Pharmacy
2026-08-30,ORD-106719,SKU-TOO-0080,3,Wong North Supermarkets
2026-08-30,ORD-106719,SKU-TOO-0026,9,Lucero Minimarket
2026-08-30,ORD-106720,SKU-SNA-0223,2,Andean Group Offices
30-Aug-26,ORD-106720,SKU-TOO-0200,19,El Tornillo Hardware
2026-08-30,ORD-106721,SKU-PET-0318,16,Happy Pet Store
30/08/2026,ORD-106721,sku-hom-0286,3,Lince Vet Center
30/08/2026,ORD-106721,SKU-BEV-0180,16,Inkafarma Comas Pharmacy
30/08/2026,ORD-106722,SKU-FRO-0238,16,Inkafarma Comas Pharmacy
30/08/2026,ORD-106722,SKU-TOO-0131,24,Happy Pet Store
2026-08-30,ORD-106723,SKU-DAI-0313,2,Andean Group Offices
30/08/2026,ORD-106724,SKU-FRO-0246,4,Andean Group Offices
30/08/2026,ORD-106725,SKU-BEA-0096,4,Lince Vet Center
2026-08-30,ORD-106726,SKU-HOM-0262,2,Lince Vet Center
30-Aug-26,ORD-106726,SKU-PET-0017,3,Delta Construction
2026-08-30,ORD-106727,SKU-SNA-0233,5,El Tornillo Hardware
30/08/2026,ORD-106727,SKU-OFF-0140,8,San Martin Corner Store
30-Aug-26,ORD-106728,SKU-FRO-0196,15,Delta Construction
30-Aug-26,ORD-106728,SKU-OFF-0228,4,Andean Group Offices
30-Aug-26,ORD-106729,SKU-FRO-0203,1,Lince Vet Center
30/08/2026,ORD-106729,SKU-PET-0102,8,San Martin Corner Store
30/08/2026,ORD-106730,SKU-DAI-0164,5,Lucero Minimarket
30-Aug-26,ORD-106730,SKU-OFF-0074,4,San Martin Corner Store
2026-08-30,ORD-106731,SKU-SNA-0223,4,Wong North Supermarkets
30/08/2026,ORD-106731,SKU-FRO-0196,10,El Tornillo Hardware
30/08/2026,ORD-106732,SKU-SNA-0233,1,Lucero Minimarket
30-Aug-26,ORD-106732,SKU-HOM-0089,7,Inkafarma Comas Pharmacy
30-Aug-26,ORD-106732,SKU-GAR-0287,5,Happy Pet Store
2026-08-30,ORD-106733,SKU-PET-0017,1,El Tornillo Hardware
2026-08-30,ORD-106733,SKU-BEA-0019,5,Wong North Supermarkets
30/08/2026,ORD-106733,SKU-OFF-0284,2,El Tornillo Hardware
30-Aug-26,ORD-106734,SKU-FRO-0114,18,Lucero Minimarket
30/08/2026,ORD-106734,SKU-FRO-0261,3,El Tornillo Hardware
30/08/2026,ORD-106735,SKU-FRO-0090,7,Andean Group Offices
2026-08-30,ORD-106735,SKU-DAI-0082,6,Delta Construction
30-Aug-26,ORD-106736,SKU-SNA-0244,6,San Martin Corner Store
30-Aug-26,ORD-106736,SKU-FRO-0261,3,Wong North Supermarkets
2026-08-30,ORD-106736,SKU-HOM-0316,8,Delta Construction
30/08/2026,ORD-106737,SKU-GAR-0111,13,La Lucha Restaurant
30/08/2026,ORD-106738,SKU-GAR-0287,1,Inkafarma Comas Pharmacy
30/08/2026,ORD-106738,SKU-CLE-0240,11,Wong North Supermarkets
2026-08-30,ORD-106738,SKU-HOM-0020,6,Lucero Minimarket
2026-08-30,ORD-106739,SKU-FRO-0220,4,La Lucha Restaurant
2026-08-30,ORD-106740,SKU-HOM-0166,9,San Martin Corner Store
30-Aug-26,ORD-106740,SKU-BEA-0193,1,San Martin Corner Store
30-Aug-26,ORD-106741,SKU-BEA-0291,9,Lucero Minimarket
30-Aug-26,ORD-106741,SKU-OFF-0060,18,Andean Group Offices
2026-08-30,ORD-106741,SKU-DAI-0123,4,Inkafarma Comas Pharmacy
30/08/2026,ORD-106742,SKU-SNA-0315,22,Delta Construction
2026-08-30,ORD-106742,SKU-HOM-0127,23,Inkafarma Comas Pharmacy
30-Aug-26,ORD-106743,SKU-BEV-0219,12,Andean Group Offices
30-Aug-26,ORD-106743,SKU-CLE-0018,1,Delta Construction
30-Aug-26,ORD-106744,SKU-GAR-0111,19,Inkafarma Comas Pharmacy
30/08/2026,ORD-106744,SKU-DAI-0123,3,San Martin Corner Store
30/08/2026,ORD-106745,SKU-OFF-0060,6,San Martin Corner Store
30-Aug-26,ORD-106745,SKU-CLE-0108,10,San Martin Corner Store
30/08/2026,ORD-106746,SKU-OFF-0283,15,Lucero Minimarket
2026-08-30,ORD-106746,SKU-DAI-0003,8,Inkafarma Comas Pharmacy
30-Aug-26,ORD-106747,SKU-BEA-0148,4,Andean Group Offices
2026-08-30,ORD-106748,SKU-HOM-0262,9,San Martin Corner Store
30-Aug-26,ORD-106748,SKU-DAI-0070,6,Happy Pet Store
30-Aug-26,ORD-106748,SKU-BEV-0137,6,Andean Group Offices
30/08/2026,ORD-106749,SKU-FRO-0272,28,El Tornillo Hardware
30-Aug-26,ORD-106749,SKU-OFF-0284,11,Lince Vet Center
30-Aug-26,ORD-106749,SKU-OFF-0074,5,San Martin Corner Store
30-Aug-26,ORD-106750,SKU-DAI-0169,6,Happy Pet Store
2026-08-30,ORD-106751,SKU-FRO-0132,15,Delta Construction
2026-08-30,ORD-106751,SKU-TOO-0279,1,Lince Vet Center
30-Aug-26,ORD-106752,SKU-BEA-0193,3,Lince Vet Center
2026-08-30,ORD-106752,SKU-DAI-0072,5,Delta Construction
30/08/2026,ORD-106753,SKU-DAI-0164,5,San Martin Corner Store
30-Aug-26,ORD-106753,SKU-DAI-0164,3,La Lucha Restaurant
30-Aug-26,ORD-106753,SKU-BEA-0274,1,Lince Vet Center
30-Aug-26,ORD-106754,SKU-FRO-0132,3,Inkafarma Comas Pharmacy
30/08/2026,ORD-106754,SKU-PET-0031,2,Lucero Minimarket
30-Aug-26,ORD-106755,SKU-DAI-0313,16,La Lucha Restaurant
30-Aug-26,ORD-106755,SKU-DAI-0313,2,Lucero Minimarket
30-Aug-26,ORD-106756,SKU-HOM-0204,7,Happy Pet Store
30/08/2026,ORD-106756,SKU-DAI-0072,8,San Martin Corner Store
30-Aug-26,ORD-106757,SKU-BEV-0033,2,El Tornillo Hardware
30/08/2026,ORD-106757,SKU-GAR-0195,1,La Lucha Restaurant
30/08/2026,ORD-106757,SKU-GAR-0157,11,Wong North Supermarkets
30-Aug-26,ORD-106758,SKU-GAR-0039,4,Andean Group Offices
30-Aug-26,ORD-106759,SKU-DAI-0070,11,Andean Group Offices
30/08/2026,ORD-106759,SKU-FRO-0136,6,Lince Vet Center
30/08/2026,ORD-106759,SKU-PET-0173,1,Happy Pet Store
2026-08-30,ORD-106760,SKU-DAI-0313,14,El Tornillo Hardware
30-Aug-26,ORD-106760,SKU-FRO-0213,2,La Lucha Restaurant
2026-08-30,ORD-106760,SKU-DAI-0164,6,Wong North Supermarkets
2026-08-30,ORD-106762,SKU-PET-0031,1,El Tornillo Hardware
30/08/2026,ORD-106762,SKU-FRO-0203,8,Wong North Supermarkets
30-Aug-26,ORD-106763,SKU-PET-0217,7,El Tornillo Hardware
2026-08-30,ORD-106763,SKU-BEA-0312,4,Lince Vet Center
2026-08-30,ORD-106764,SKU-FRO-0132,26,Delta Construction
30/08/2026,ORD-106764,SKU-FRO-0246,4,El Tornillo Hardware
30-Aug-26,ORD-106765,SKU-FRO-0136,5,El Tornillo Hardware
30/08/2026,ORD-106766, SKU-BEV-0219,6,Happy Pet Store
30/08/2026,ORD-106766,SKU-OFF-0140,14,Wong North Supermarkets
2026-08-30,ORD-106767,SKU-HOM-0065,9,Inkafarma Comas Pharmacy
30-Aug-26,ORD-106767,SKU-OFF-0259,23,Delta Construction
2026-08-30,ORD-106768, SKU-TOO-0091,25,Lince Vet Center
30/08/2026,ORD-106768,SKU-HOM-0289,9,Lince Vet Center
30-Aug-26,ORD-106768,SKU-GAR-0116,29,El Tornillo Hardware
30-Aug-26,ORD-106769,SKU DAI 0313,23,Happy Pet Store
30/08/2026,ORD-106769,SKU-TOO-0221,5,Lucero Minimarket
30/08/2026,ORD-106770,SKU-FRO-0109,8,Lucero Minimarket
30/08/2026,ORD-106771,SKU-TOO-0221,7,Lucero Minimarket
30/08/2026,ORD-106771,SKU-DAI-0303,4,Wong North Supermarkets
2026-08-30,ORD-106771,SKU-TOO-0279,1,Lince Vet Center
30/08/2026,ORD-106772,SKU-PET-0106,9,Wong North Supermarkets
30/08/2026,ORD-106772,SKU-FRO-0220,3,Lucero Minimarket
2026-08-30,ORD-106772,SKU-TOO-0069,4,El Tornillo Hardware
2026-08-30,ORD-106773,SKU-PET-0040,3,El Tornillo Hardware
30-Aug-26,ORD-106775,SKU-BEV-0174,6,Andean Group Offices
30/08/2026,ORD-106775,SKU-FRO-0179,2,Wong North Supermarkets
30-Aug-26,ORD-106776,SKU-BEA-0148,4,Lucero Minimarket
30/08/2026,ORD-106776,sku-fro-0288,4,Lucero Minimarket
30/08/2026,ORD-106776,SKU-OFF-0228,12,El Tornillo Hardware
30/08/2026,ORD-106777,SKU-OFF-0283,3,Inkafarma Comas Pharmacy
30/08/2026,ORD-106778,SKU-HAR-0285,25,Delta Construction
30-Aug-26,ORD-106779,SKU-PET-0017,4,Inkafarma Comas Pharmacy
30/08/2026,ORD-106779,SKU-GAR-0113,14,La Lucha Restaurant
30-Aug-26,ORD-106781,SKU-BEA-0148,3,Wong North Supermarkets
2026-08-30,ORD-106781,SKU-BEA-0193,1,Happy Pet Store
2026-08-30,ORD-106782,SKU-SNA-0046,1,El Tornillo Hardware
30-Aug-26,ORD-106782,SKU-BEV-0311,21,Inkafarma Comas Pharmacy
30/08/2026,ORD-106783,SKU-DAI-0303,2,San Martin Corner Store
2026-08-30,ORD-106784,SKU-FRO-0238,15,Inkafarma Comas Pharmacy
30-Aug-26,ORD-106784,SKU-BEA-0168,14,La Lucha Restaurant
30/08/2026,ORD-106785,SKU-SNA-0244,13,Andean Group Offices
30/08/2026,ORD-106786,SKU-OFF-0043,2,Andean Group Offices
30-Aug-26,ORD-106786,SKU-FRO-0296,4,Wong North Supermarkets
30/08/2026,ORD-106787,SKU-FRO-0213,19,La Lucha Restaurant
30/08/2026,ORD-106787,SKU-FRO-0272,5,Lince Vet Center
30/08/2026,ORD-106787,SKU-FRO-0196,15,San Martin Corner Store
30-Aug-26,ORD-106788,SKU-DAI-0169,11,Wong North Supermarkets
30-Aug-26,ORD-106788,SKU-BEV-0311,28,Lince Vet Center
2026-08-30,ORD-106789,SKU-SNA-0199,11,El Tornillo Hardware
30/08/2026,ORD-106789,SKU-HAR-0309,21,Inkafarma Comas Pharmacy
2026-08-30,ORD-106790,SKU-FRO-0272,21,San Martin Corner Store
30-Aug-26,ORD-106791,SKU-SNA-0199,7,Lince Vet Center
30/08/2026,ORD-106791,SKU-GAR-0111,16,Andean Group Offices
30/08/2026,ORD-106792,SKU-DAI-0123,2,San Martin Corner Store
30-Aug-26,ORD-106792,SKU-PET-0217,2,Wong North Supermarkets
30/08/2026,ORD-106793,SKU-SNA-0171,10,Andean Group Offices
30/08/2026,ORD-106793,SKU-BEV-0311,13,Inkafarma Comas Pharmacy
30/08/2026,ORD-106793,SKU-GAR-0153,18,San Martin Corner Store
2026-08-30,ORD-106794, SKU-GAR-0078,8,Inkafarma Comas Pharmacy
30-Aug-26,ORD-106794,SKU-BEA-0215,10,San Martin Corner Store
30-Aug-26,ORD-106795,SKU-FRO-0220,2,San Martin Corner Store
2026-08-30,ORD-106795,SKU-TOO-0026,2,Delta Construction
2026-08-30,ORD-106795,SKU-BEV-0058,9,El Tornillo Hardware
30-Aug-26,ORD-106796,SKU-OFF-0225,16,Lince Vet Center
30-Aug-26,ORD-106796,SKU-DAI-0082,6,Andean Group Offices
2026-08-30,ORD-106797,SKU-OFF-0259,25,Lince Vet Center
30/08/2026,ORD-106798,SKU-GAR-0157,9,Inkafarma Comas Pharmacy
30/08/2026,ORD-106799,SKU-GAR-0113,15,La Lucha Restaurant
2026-08-30,ORD-106799,SKU-PET-0087,4,El Tornillo Hardware
2026-08-30,ORD-106799,SKU-BEV-0033,1,El Tornillo Hardware
30-Aug-26,ORD-106800,SKU-HOM-0204,16,Inkafarma Comas Pharmacy
30/08/2026,ORD-106801,SKU-PET-0087,4,Lince Vet Center
30-Aug-26,ORD-106801,SKU-BEA-0183,11,Delta Construction
30-Aug-26,ORD-106801,sku-off-0228,9,La Lucha Restaurant
30/08/2026,ORD-106802,SKU-GAR-0039,9,San Martin Corner Store
30/08/2026,ORD-106802,SKU-GAR-0111,9,Lince Vet Center
30/08/2026,ORD-106803,SKU-SNA-0292,4,El Tornillo Hardware
30-Aug-26,ORD-106803,SKU-BEV-0005,1,El Tornillo Hardware
30-Aug-26,ORD-106803,SKU-OFF-0010,1,Inkafarma Comas Pharmacy
31-Aug-26,ORD-106804,SKU-CLE-0248,6,Wong North Supermarkets
31-Aug-26,ORD-106804,SKU-DAI-0054,1,Andean Group Offices
31-Aug-26,ORD-106805,SKU-FRO-0261,1,Wong North Supermarkets
2026-08-31,ORD-106805,SKU-CLE-0018,20,La Lucha Restaurant
31/08/2026,ORD-106806,SKU-DAI-0313,13,Inkafarma Comas Pharmacy
31-Aug-26,ORD-106806,SKU-SNA-0233,3,Inkafarma Comas Pharmacy
31-Aug-26,ORD-106806,SKU-HOM-0065,11,Inkafarma Comas Pharmacy
31-Aug-26,ORD-106807,SKU-OFF-0284,24,Happy Pet Store
31/08/2026,ORD-106808,SKU-FRO-0278,10,El Tornillo Hardware
31/08/2026,ORD-106808,SKU-BEV-0174,3,Lucero Minimarket
2026-08-31,ORD-106809,SKU-BEA-0006,11,Wong North Supermarkets
31/08/2026,ORD-106809,SKU-FRO-0238,4,Wong North Supermarkets
2026-08-31,ORD-106810,SKU-OFF-0225,18,Wong North Supermarkets
31/08/2026,ORD-106811,SKU-BEA-0310,13,La Lucha Restaurant
31/08/2026,ORD-106811,SKU-BEV-0084,14,Happy Pet Store
2026-08-31,ORD-106812,SKU-BEA-0308,3,El Tornillo Hardware
31-Aug-26,ORD-106813,SKU-SNA-0233,4,San Martin Corner Store
31/08/2026,ORD-106813,SKU-SNA-0292,11,La Lucha Restaurant
31-Aug-26,ORD-106814,SKU FRO 0090,5,San Martin Corner Store
31-Aug-26,ORD-106814,SKU-CLE-0041,12,La Lucha Restaurant
31-Aug-26,ORD-106814,SKU-BEA-0126,3,Lince Vet Center
31-Aug-26,ORD-106815,SKU-DAI-0313,6,Wong North Supermarkets
31-Aug-26,ORD-106815,SKU-PET-0024,16,Andean Group Offices
31/08/2026,ORD-106816,SKU-DAI-0313,19,Wong North Supermarkets
31/08/2026,ORD-106817,SKU-FRO-0238,12,El Tornillo Hardware
2026-08-31,ORD-106818,SKU-OFF-0249,6,La Lucha Restaurant
31-Aug-26,ORD-106818,SKU-GAR-0120,13,El Tornillo Hardware
31/08/2026,ORD-106818,SKU-PET-0106,4,Lucero Minimarket
31-Aug-26,ORD-106820,SKU-CLE-0139,11,San Martin Corner Store
31-Aug-26,ORD-106821,SKU-BEA-0168,7,Lucero Minimarket
31/08/2026,ORD-106821,SKU-OFF-0284,23,Happy Pet Store
31-Aug-26,ORD-106822,SKU-BEV-0058,9,La Lucha Restaurant
31/08/2026,ORD-106822,SKU-DAI-0313,12,El Tornillo Hardware
2026-08-31,ORD-106823,SKU-PET-0173,7,San Martin Corner Store
2026-08-31,ORD-106824,SKU-HAR-0237,14,Wong North Supermarkets
31-Aug-26,ORD-106825,SKU-HOM-0204,6,Inkafarma Comas Pharmacy
31-Aug-26,ORD-106826,SKU GAR 0116,15,La Lucha Restaurant
2026-08-31,ORD-106826,SKU-TOO-0172,6,Wong North Supermarkets
2026-08-31,ORD-106826,SKU-PET-0227,5,Wong North Supermarkets
31-Aug-26,ORD-106827,SKU-OFF-0257,1,San Martin Corner Store
31/08/2026,ORD-106827,SKU-FRO-0267,3,Happy Pet Store
2026-08-31,ORD-106827,SKU-BEA-0045,7,Lucero Minimarket
2026-08-31,ORD-106828,SKU-SNA-0051,5,Lucero Minimarket
31/08/2026,ORD-106829,SKU-FRO-0136,7,Happy Pet Store
31-Aug-26,ORD-106829,SKU-OFF-0249,7,Inkafarma Comas Pharmacy
31/08/2026,ORD-106829,SKU-TOO-0210,14,El Tornillo Hardware
31/08/2026,ORD-106830,SKU-FRO-0090,10,Wong North Supermarkets
31/08/2026,ORD-106831,SKU-DAI-0082,4,Lince Vet Center
31-Aug-26,ORD-106831,SKU-DAI-0313,16,La Lucha Restaurant
31-Aug-26,ORD-106831,SKU-FRO-0090,14,La Lucha Restaurant
2026-08-31,ORD-106832,SKU-PET-0040,7,Lucero Minimarket
31/08/2026,ORD-106833,SKU-FRO-0114,14,Lince Vet Center
31/08/2026,ORD-106833,SKU-OFF-0010,7,Happy Pet Store
2026-08-31,ORD-106833,SKU-BEV-0084,7,Lucero Minimarket
31-Aug-26,ORD-106834,SKU-PET-0270,2,Inkafarma Comas Pharmacy
31/08/2026,ORD-106834,SKU-OFF-0010,3,Delta Construction
31/08/2026,ORD-106835,SKU-FRO-0136,8,Happy Pet Store
31/08/2026,ORD-106835,SKU-GAR-0021,5,Wong North Supermarkets
31/08/2026,ORD-106835,SKU OFF 0140,11,Wong North Supermarkets
2026-08-31,ORD-106836,SKU-BEA-0191,7,Lince Vet Center
31-Aug-26,ORD-106836,SKU-GAR-0157,2,Lince Vet Center
31/08/2026,ORD-106837,SKU-SNA-0097,14,Lucero Minimarket
2026-08-31,ORD-106837,SKU-FRO-0278,5,Delta Construction
31-Aug-26,ORD-106837,SKU-PET-0227,4,Happy Pet Store
31/08/2026,ORD-106838,SKU-BEA-0073,3,Delta Construction
31/08/2026,ORD-106839, SKU-TOO-0221,6,Lince Vet Center
31/08/2026,ORD-106840,SKU-HOM-0289,7,Happy Pet Store
31/08/2026,ORD-106840,SKU-DAI-0123,7,Inkafarma Comas Pharmacy
31/08/2026,ORD-106841,SKU-CLE-0018,28,Happy Pet Store
31-Aug-26,ORD-106841,SKU-CLE-0139,16,El Tornillo Hardware
31/08/2026,ORD-106841,SKU-OFF-0010,6,Lince Vet Center
2026-08-31,ORD-106842,SKU-BEV-0150,4,Wong North Supermarkets
31/08/2026,ORD-106842,SKU-DAI-0184,17,Lince Vet Center
2026-08-31,ORD-106843,SKU-DAI-0184,11,Lucero Minimarket
31-Aug-26,ORD-106844,SKU-DAI-0054,7,Delta Construction
31/08/2026,ORD-106845,SKU-DAI-0123,5,Lince Vet Center
31/08/2026,ORD-106845,SKU-DAI-0313,6,La Lucha Restaurant
2026-08-31,ORD-106846,SKU-PET-0318,17,Wong North Supermarkets
31/08/2026,ORD-106846,SKU-PET-0040,16,La Lucha Restaurant
31-Aug-26,ORD-106846,SKU-DAI-0184,6,Lince Vet Center
31/08/2026,ORD-106847,SKU-TOO-0067,5,Andean Group Offices
31-Aug-26,ORD-106847,SKU-DAI-0184,1,La Lucha Restaurant
31/08/2026,ORD-106847,SKU-BEA-0034,16,Wong North Supermarkets
31-Aug-26,ORD-106848,SKU-FRO-0179,9,San Martin Corner Store
2026-08-31,ORD-106849,SKU-CLE-0041,2,La Lucha Restaurant
31-Aug-26,ORD-106849,SKU-HOM-0065,10,Delta Construction
31/08/2026,ORD-106850,SKU-GAR-0111,8,Delta Construction
31/08/2026,ORD-106851,SKU-DAI-0184,13,Lince Vet Center
31-Aug-26,ORD-106851,SKU-PET-0270,5,Happy Pet Store
31-Aug-26,ORD-106851,SKU OFF 0284,12,Inkafarma Comas Pharmacy
31/08/2026,ORD-106852,SKU-BEV-0176,7,Lince Vet Center
31/08/2026,ORD-106852,SKU-CLE-0139,3,Lucero Minimarket
31/08/2026,ORD-106852,SKU-FRO-0238,8,Lucero Minimarket
31-Aug-26,ORD-106853,SKU-HOM-0286,2,Wong North Supermarkets
2026-08-31,ORD-106854,SKU-GAR-0111,16,La Lucha Restaurant
31-Aug-26,ORD-106854,SKU-DAI-0082,4,Lucero Minimarket
31/08/2026,ORD-106855,SKU-SNA-0057,6,Inkafarma Comas Pharmacy
2026-08-31,ORD-106856,SKU-CLE-0263,3,Inkafarma Comas Pharmacy
31-Aug-26,ORD-106856,SKU-HAR-0237,7,San Martin Corner Store
2026-08-31,ORD-106857,SKU-PET-0040,14,Lucero Minimarket
2026-08-31,ORD-106857,SKU-BEA-0045,10,Lucero Minimarket
31-Aug-26,ORD-106857,SKU-DAI-0082,10,Lucero Minimarket
31/08/2026,ORD-106858,SKU-BEA-0019,2,Andean Group Offices
2026-08-31,ORD-106858,SKU-BEV-0202,2,Happy Pet Store
2026-08-31,ORD-106858,SKU-HAR-0309,6,Andean Group Offices
31-Aug-26,ORD-106859,SKU-HOM-0262,4,Andean Group Offices
2026-08-31,ORD-106859,SKU-HAR-0237,16,El Tornillo Hardware
31-Aug-26,ORD-106860,SKU-HAR-0309,6,San Martin Corner Store
31/08/2026,ORD-106860,SKU-GAR-0153,11,Wong North Supermarkets
2026-08-31,ORD-106860,SKU-FRO-0109,6,Andean Group Offices
31-Aug-26,ORD-106861,SKU-DAI-0184,5,Happy Pet Store
31/08/2026,ORD-106861,SKU-PET-0155,1,La Lucha Restaurant
2026-08-31,ORD-106862,SKU-BEV-0180,2,La Lucha Restaurant
2026-08-31,ORD-106862,SKU-FRO-0014,2,La Lucha Restaurant
31-Aug-26,ORD-106862,SKU-BEA-0310,16,Wong North Supermarkets
31/08/2026,ORD-106864,SKU-PET-0076,10,San Martin Corner Store
31-Aug-26,ORD-106864,SKU-TOO-0131,11,Happy Pet Store
2026-08-31,ORD-106864,SKU-DAI-0169,3,Lince Vet Center
31-Aug-26,ORD-106866, SKU-SNA-0171,6,Lucero Minimarket
31-Aug-26,ORD-106866,SKU-BEA-0291,4,Happy Pet Store
2026-08-31,ORD-106866,SKU-BEA-0062,9,Happy Pet Store
31-Aug-26,ORD-106867,SKU-BEV-0311,1,Wong North Supermarkets
2026-08-31,ORD-106867,SKU-DAI-0303,3,La Lucha Restaurant
31/08/2026,ORD-106867,SKU-PET-0102,4,Lucero Minimarket
31/08/2026,ORD-106868,SKU-DAI-0184,12,Delta Construction
2026-08-31,ORD-106868,SKU-FRO-0196,10,Lince Vet Center
31/08/2026,ORD-106869,SKU-FRO-0136,6,Inkafarma Comas Pharmacy
31-Aug-26,ORD-106869,SKU-DAI-0313,9,Lince Vet Center
31/08/2026,ORD-106870,SKU-FRO-0272,20,Happy Pet Store
31-Aug-26,ORD-106871,SKU-BEV-0242,29,Inkafarma Comas Pharmacy
31-Aug-26,ORD-106871,SKU-BEA-0019,12,Inkafarma Comas Pharmacy
2026-08-31,ORD-106872,SKU-TOO-0125,9,La Lucha Restaurant
31/08/2026,ORD-106872,SKU-PET-0087,5,Wong North Supermarkets
31/08/2026,ORD-106873,SKU-DAI-0070,7,El Tornillo Hardware
31/08/2026,ORD-106874,SKU-HOM-0204,10,Andean Group Offices
2026-08-31,ORD-106874,SKU-GAR-0113,7,La Lucha Restaurant
31-Aug-26,ORD-106875,SKU-FRO-0246,2,Wong North Supermarkets
31-Aug-26,ORD-106875,SKU-BEV-0118,5,Delta Construction
31-Aug-26,ORD-106876,SKU-DAI-0169,8,El Tornillo Hardware
2026-08-31,ORD-106877,SKU-HOM-0204,2,Inkafarma Comas Pharmacy
31/08/2026,ORD-106878,SKU-OFF-0007,3,Delta Construction
31/08/2026,ORD-106879,SKU-CLE-0108,9,San Martin Corner Store
31-Aug-26,ORD-106879,SKU-DAI-0164,6,Lince Vet Center
31/08/2026,ORD-106880,SKU-OFF-0010,8,San Martin Corner Store
31-Aug-26,ORD-106882,SKU-DAI-0184,6,Andean Group Offices
2026-08-31,ORD-106883,SKU-FRO-0278,8,Andean Group Offices
31-Aug-26,ORD-106883,SKU-OFF-0140,13,San Martin Corner Store
31-Aug-26,ORD-106884,SKU-DAI-0054,3,Happy Pet Store
31-Aug-26,ORD-106884,SKU-HOM-0013,4,Andean Group Offices
2026-08-31,ORD-106886,SKU-TOO-0049,3,Delta Construction
31/08/2026,ORD-106886,SKU-BEV-0174,1,El Tornillo Hardware
31-Aug-26,ORD-106887,SKU-DAI-0184,4,Happy Pet Store
2026-08-31,ORD-106888,SKU-BEV-0311,10,Wong North Supermarkets
31/08/2026,ORD-106888,SKU-HOM-0286,5,El Tornillo Hardware
31-Aug-26,ORD-106888,SKU-FRO-0213,6,Inkafarma Comas Pharmacy
31/08/2026,ORD-106889,SKU-BEA-0119,17,La Lucha Restaurant
31/08/2026,ORD-106889,SKU-HAR-0285,18,Wong North Supermarkets
31-Aug-26,ORD-106890,SKU-BEA-0062,6,Delta Construction
2026-08-31,ORD-106890,SKU-TOO-0080,2,Lince Vet Center
31-Aug-26,ORD-106890,SKU-TOO-0200,14,La Lucha Restaurant
2026-08-31,ORD-106892,SKU-HOM-0262,5,Wong North Supermarkets
2026-08-31,ORD-106893,SKU-FRO-0090,20,Delta Construction
31-Aug-26,ORD-106893,SKU-HOM-0316,3,Happy Pet Store
2026-08-31,ORD-106894,SKU-HOM-0013,2,La Lucha Restaurant
31/08/2026,ORD-106894,SKU-GAR-0111,3,Wong North Supermarkets
2026-08-31,ORD-106895,SKU-DAI-0072,16,Lince Vet Center
2026-08-31,ORD-106895,SKU-BEV-0058,13,Wong North Supermarkets
31-Aug-26,ORD-106895,SKU-FRO-0220,8,San Martin Corner Store
31/08/2026,ORD-106896,SKU-DAI-0303,3,Andean Group Offices
31/08/2026,ORD-106896,SKU-HAR-0285,18,Delta Construction
31-Aug-26,ORD-106896,SKU-HAR-0285,30,San Martin Corner Store
31/08/2026,ORD-106897,SKU-DAI-0303,2,Lince Vet Center
31-Aug-26,ORD-106897,SKU-BEV-0219,5,Happy Pet Store
31-Aug-26,ORD-106898,SKU-HOM-0253,10,Andean Group Offices
31-Aug-26,ORD-106898,SKU-FRO-0114,16,Lince Vet Center
31/08/2026,ORD-106898,SKU-SNA-0057,15,El Tornillo Hardware
2026-08-31,ORD-106899,SKU-DAI-0054,5,El Tornillo Hardware
31-Aug-26,ORD-106899,SKU-DAI-0303,4,Delta Construction
31/08/2026,ORD-106900,SKU-GAR-0078,4,Andean Group Offices
31-Aug-26,ORD-106900,SKU-PET-0087,5,Lince Vet Center
31/08/2026,ORD-106901,SKU-TOO-0216,3,El Tornillo Hardware
2026-08-31,ORD-106901,SKU-HOM-0020,2,La Lucha Restaurant
2026-08-31,ORD-106902,SKU-BEV-0005,4,Delta Construction
31-Aug-26,ORD-106902,SKU-BEA-0291,8,La Lucha Restaurant
31-Aug-26,ORD-106902,SKU-BEA-0045,12,Lucero Minimarket
31/08/2026,ORD-106903,SKU-CLE-0248,1,Delta Construction
31-Aug-26,ORD-106903,SKU-GAR-0153,17,Happy Pet Store
31-Aug-26,ORD-106904,SKU-FRO-0278,3,Delta Construction
31/08/2026,ORD-106905,SKU-BEA-0308,1,San Martin Corner Store
31-Aug-26,ORD-106905,SKU-BEA-0045,14,San Martin Corner Store
31-Aug-26,ORD-106906,SKU-GAR-0111,13,Delta Construction
2026-08-31,ORD-106906,SKU-DAI-0303,2,Delta Construction
31/08/2026,ORD-106907,SKU-DAI-0169,8,El Tornillo Hardware
2026-08-31,ORD-106907,SKU-PET-0304,7,Andean Group Offices
31/08/2026,ORD-106907,SKU-FRO-0272,6,La Lucha Restaurant
2026-08-31,ORD-106908,SKU-FRO-0136,8,El Tornillo Hardware
2026-08-31,ORD-106908,SKU-HAR-0285,11,Andean Group Offices
31/08/2026,ORD-106908,SKU-DAI-0184,10,Wong North Supermarkets
2026-08-31,ORD-106909,SKU-FRO-0267,17,Lucero Minimarket
2026-08-31,ORD-106910, SKU-DAI-0003,9,El Tornillo Hardware
31/08/2026,ORD-106910,SKU-FRO-0246,2,El Tornillo Hardware
2026-08-31,ORD-106911,sku-har-0309,5,Lucero Minimarket
31/08/2026,ORD-106912,SKU-TOO-0172,12,Happy Pet Store
31/08/2026,ORD-106912,SKU-CLE-0061,15,Wong North Supermarkets
31/08/2026,ORD-106913,SKU-FRO-0278,7,Happy Pet Store
31/08/2026,ORD-106913,SKU-CLE-0282,11,Happy Pet Store
31-Aug-26,ORD-106914,SKU-DAI-0082,8,Lince Vet Center
31/08/2026,ORD-106915,SKU-PET-0087,2,Andean Group Offices
31/08/2026,ORD-106915,SKU-BEA-0264,8,El Tornillo Hardware
31-Aug-26,ORD-106916,SKU-DAI-0303,4,San Martin Corner Store
2026-08-31,ORD-106916,SKU-TOO-0067,2,Wong North Supermarkets
31/08/2026,ORD-106917,SKU-CLE-0263,12,La Lucha Restaurant
2026-08-31,ORD-106917,SKU-BEV-0084,16,Inkafarma Comas Pharmacy
31/08/2026,ORD-106917,SKU-FRO-0261,4,Lince Vet Center
31/08/2026,ORD-106918,SKU-FRO-0267,4,Wong North Supermarkets
31-Aug-26,ORD-106919,SKU-OFF-0010,3,Wong North Supermarkets
31/08/2026,ORD-106919,SKU-SNA-0057,10,Delta Construction
31/08/2026,ORD-106919,SKU-HOM-0262,12,San Martin Corner Store
2026-08-31,ORD-106920,SKU-SNA-0315,28,Happy Pet Store
31/08/2026,ORD-106920, SKU-FRO-0278,7,Wong North Supermarkets
2026-08-31,ORD-106922,SKU-DAI-0169,5,Wong North Supermarkets
2026-08-31,ORD-106923,SKU-CLE-0263,6,San Martin Corner Store
2026-08-31,ORD-106923,SKU-FRO-0203,17,La Lucha Restaurant
31/08/2026,ORD-106924,SKU-FRO-0114,20,Lucero Minimarket
31-Aug-26,ORD-106924,SKU-DAI-0003,3,Happy Pet Store
2026-08-31,ORD-106924,SKU-CLE-0028,2,San Martin Corner Store
31/08/2026,ORD-106925,SKU-PET-0217,4,Lince Vet Center
31-Aug-26,ORD-106925,SKU-DAI-0184,12,Happy Pet Store
31-Aug-26,ORD-106926,SKU-SNA-0233,1,El Tornillo Hardware
2026-08-31,ORD-106927,SKU-TOO-0221,4,Inkafarma Comas Pharmacy
31-Aug-26,ORD-106927,SKU-DAI-0072,17,San Martin Corner Store
2026-08-31,ORD-106928,SKU-TOO-0216,26,Delta Construction
2026-08-31,ORD-106928,SKU-DAI-0164,5,El Tornillo Hardware
2026-08-31,ORD-106929,SKU-SNA-0100,18,Lucero Minimarket
31-Aug-26,ORD-106929,SKU-FRO-0278,11,Lucero Minimarket
2026-08-31,ORD-106930,SKU-FRO-0136,7,Wong North Supermarkets
31/08/2026,ORD-106930,SKU-FRO-0014,9,Lucero Minimarket
2026-08-31,ORD-106931,SKU-FRO-0132,3,Lince Vet Center
31/08/2026,ORD-106931,SKU-FRO-0136,5,Delta Construction
31-Aug-26,ORD-106931,SKU-HOM-0286,1,Andean Group Offices
31-Aug-26,ORD-106932,SKU-DAI-0070,8,Lince Vet Center
31-Aug-26,ORD-106933,SKU-HOM-0112,3,Wong North Supermarkets
2026-08-31,ORD-106933,SKU-BEV-0311,28,El Tornillo Hardware
2026-08-31,ORD-106933,SKU-BEV-0219,8,El Tornillo Hardware
2026-08-31,ORD-106934,SKU-BEA-0096,9,Happy Pet Store
2026-08-31,ORD-106935,SKU-SNA-0051,5,Inkafarma Comas Pharmacy
31/08/2026,ORD-106935,SKU-BEA-0148,4,Lince Vet Center
31/08/2026,ORD-106935,SKU-BEA-0168,8,Inkafarma Comas Pharmacy
2026-08-31,ORD-106936, SKU-BEV-0219,10,Lucero Minimarket
31/08/2026,ORD-106936,SKU-OFF-0283,3,Delta Construction
2026-08-31,ORD-106936,SKU-DAI-0184,4,Happy Pet Store
31/08/2026,ORD-106938,SKU PET 0155,26,El Tornillo Hardware
31-Aug-26,ORD-106938,SKU-DAI-0164,3,Happy Pet Store
2026-08-31,ORD-106939,SKU-SNA-0100,13,La Lucha Restaurant
2026-08-31,ORD-106939,SKU-DAI-0184,13,San Martin Corner Store
31/08/2026,ORD-106940,SKU-FRO-0196,11,Andean Group Offices
2026-08-31,ORD-106940,SKU-BEV-0311,20,Lucero Minimarket
2026-08-31,ORD-106940,SKU-BEA-0045,21,La Lucha Restaurant
2026-08-31,ORD-106941,sku-off-0257,5,Wong North Supermarkets
31-Aug-26,ORD-106941,SKU-DAI-0082,10,Andean Group Offices
31-Aug-26,ORD-106942,SKU-PET-0318,11,Lince Vet Center
31/08/2026,ORD-106943,SKU-DAI-0070,14,El Tornillo Hardware
31/08/2026,ORD-106944,SKU-FRO-0288,3,Delta Construction
31/08/2026,ORD-106944, SKU-BEV-0202,3,Lucero Minimarket
2026-08-31,ORD-106945,SKU-PET-0304,19,Lucero Minimarket
2026-08-31,ORD-106945,SKU-SNA-0030,14,Delta Construction
31/08/2026,ORD-106946,SKU-GAR-0157,21,Delta Construction
31-Aug-26,ORD-106946,SKU-BEV-0219,10,El Tornillo Hardware
31/08/2026,ORD-106949,SKU-DAI-0169,15,San Martin Corner Store
31-Aug-26,ORD-106949,SKU-GAR-0157,6,Andean Group Offices
2026-08-31,ORD-106950,SKU-DAI-0184,3,El Tornillo Hardware
31-Aug-26,ORD-106950,SKU-BEA-0312,13,El Tornillo Hardware
2026-08-31,ORD-106951,SKU-HOM-0286,6,Delta Construction
31/08/2026,ORD-106952,SKU-DAI-0082,9,Happy Pet Store
2026-08-31,ORD-106954,SKU DAI 0169,11,El Tornillo Hardware
2026-08-31,ORD-106954,SKU-HAR-0237,10,Lince Vet Center
2026-08-31,ORD-106955,SKU-DAI-0164,1,Happy Pet Store
31-Aug-26,ORD-106955,SKU-OFF-0249,4,Happy Pet Store
31/08/2026,ORD-106956,SKU-BEA-0193,9,Andean Group Offices
31-Aug-26,ORD-106956,SKU-TOO-0049,22,El Tornillo Hardware
31-Aug-26,ORD-106957,SKU-PET-0270,8,Lucero Minimarket
2026-08-31,ORD-106957,SKU-BEA-0126,9,Inkafarma Comas Pharmacy
31/08/2026,ORD-106957,SKU-TOO-0216,15,Happy Pet Store
31/08/2026,ORD-106958,SKU-GAR-0111,11,Delta Construction
31-Aug-26,ORD-106958,SKU-TOO-0295,1,San Martin Corner Store
2026-08-31,ORD-106958,SKU-TOO-0221,6,Lince Vet Center
31/08/2026,ORD-106959,SKU-DAI-0169,10,El Tornillo Hardware
31/08/2026,ORD-106960,SKU-OFF-0257,6,Lucero Minimarket
31-Aug-26,ORD-106960,SKU-FRO-0014,1,Wong North Supermarkets
2026-08-31,ORD-106961,SKU-HOM-0015,14,La Lucha Restaurant
31-Aug-26,ORD-106961,SKU-PET-0270,7,Happy Pet Store
31-Aug-26,ORD-106961,SKU-GAR-0287,3,Inkafarma Comas Pharmacy
31/08/2026,ORD-106962,SKU-HAR-0266,6,Delta Construction
31/08/2026,ORD-106962,SKU-OFF-0283,10,Inkafarma Comas Pharmacy
31/08/2026,ORD-106962,SKU-HOM-0251,20,La Lucha Restaurant
31-Aug-26,ORD-106963,SKU-BEA-0126,3,Delta Construction
2026-08-31,ORD-106963,SKU-CLE-0282,6,Happy Pet Store
31/08/2026,ORD-106964,SKU SNA 0100,10,Andean Group Offices
31/08/2026,ORD-106964,SKU-FRO-0296,18,La Lucha Restaurant
31/08/2026,ORD-106964,SKU-OFF-0259,18,La Lucha Restaurant
31/08/2026,ORD-106965,SKU-BEA-0193,1,Delta Construction
31-Aug-26,ORD-106966,SKU-SNA-0223,6,Lince Vet Center
31-Aug-26,ORD-106966,SKU-PET-0146,6,Inkafarma Comas Pharmacy
31/08/2026,ORD-106967,SKU-FRO-0213,4,Happy Pet Store
31-Aug-26,ORD-106967,SKU-FRO-0196,12,San Martin Corner Store
31/08/2026,ORD-106968,SKU-FRO-0272,14,San Martin Corner Store
2026-08-31,ORD-106968,SKU-FRO-0136,4,Delta Construction
31-Aug-26,ORD-106968,SKU-HOM-0065,9,Wong North Supermarkets
31-Aug-26,ORD-106969,SKU-BEA-0193,4,Delta Construction
31-Aug-26,ORD-106970,SKU-OFF-0225,12,Inkafarma Comas Pharmacy
2026-08-31,ORD-106971,SKU-HOM-0065,9,Wong North Supermarkets
2026-08-31,ORD-106971,SKU-HOM-0089,4,El Tornillo Hardware
2026-08-31,ORD-106972,SKU-FRO-0213,3,Lucero Minimarket
31/08/2026,ORD-106972,SKU-CLE-0248,7,Inkafarma Comas Pharmacy
2026-08-31,ORD-106973, SKU-DAI-0313,6,Lince Vet Center
31-Aug-26,ORD-106973,SKU-DAI-0082,4,La Lucha Restaurant
31-Aug-26,ORD-106974,SKU-BEV-0219,3,El Tornillo Hardware
31-Aug-26,ORD-106975,SKU-HOM-0262,12,La Lucha Restaurant
2026-08-31,ORD-106975,SKU-HOM-0112,15,Wong North Supermarkets
31/08/2026,ORD-106977,SKU-SNA-0292,9,San Martin Corner Store
2026-08-31,ORD-106978,SKU-OFF-0284,9,Lucero Minimarket
2026-08-31,ORD-106979,SKU-DAI-0082,4,La Lucha Restaurant
2026-08-31,ORD-106979,SKU-DAI-0313,12,Wong North Supermarkets
2026-08-31,ORD-106980,SKU-CLE-0041,1,Delta Construction
31-Aug-26,ORD-106980,SKU-DAI-0123,3,Andean Group Offices
31/08/2026,ORD-106980,SKU-CLE-0282,14,Lucero Minimarket
31/08/2026,ORD-106981,SKU-HAR-0285,7,Lince Vet Center
31/08/2026,ORD-106982,SKU-FRO-0213,16,San Martin Corner Store
2026-08-31,ORD-106983,SKU-DAI-0303,1,Delta Construction
2026-08-31,ORD-106983,SKU-DAI-0123,7,Andean Group Offices
31/08/2026,ORD-106984,SKU-BEA-0185,6,Lince Vet Center
31/08/2026,ORD-106984,SKU-TOO-0172,19,Lince Vet Center
31/08/2026,ORD-106986,SKU-FRO-0267,13,El Tornillo Hardware
31/08/2026,ORD-106987,SKU-FRO-0014,5,Delta Construction
31/08/2026,ORD-106988,SKU-TOO-0056,5,La Lucha Restaurant
31-Aug-26,ORD-106988,SKU-BEA-0291,4,Andean Group Offices
2026-08-31,ORD-106989,SKU-HOM-0127,22,La Lucha Restaurant
31/08/2026,ORD-106990,SKU-BEV-0192,14,Lucero Minimarket
31/08/2026,ORD-106990,SKU-GAR-0039,7,Andean Group Offices
31-Aug-26,ORD-106990,SKU-SNA-0057,3,Delta Construction
2026-08-31,ORD-106991,SKU-BEV-0202,3,Lucero Minimarket
31/08/2026,ORD-106991,SKU-BEA-0191,1,El Tornillo Hardware
2026-08-31,ORD-106993,SKU-FRO-0278,11,Wong North Supermarkets
2026-08-31,ORD-106994,SKU-SNA-0097,7,Wong North Supermarkets
31-Aug-26,ORD-106994,SKU-FRO-0203,1,Wong North Supermarkets
31/08/2026,ORD-106995,SKU-PET-0099,7,Happy Pet Store
31/08/2026,ORD-106995,SKU-DAI-0169,5,Inkafarma Comas Pharmacy
2026-08-31,ORD-106996,SKU-DAI-0072,18,La Lucha Restaurant
31-Aug-26,ORD-106996,SKU-CLE-0282,8,Andean Group Offices
31/08/2026,ORD-106996,SKU-DAI-0164,2,Happy Pet Store
2026-08-31,ORD-106997,SKU-BEV-0180,12,San Martin Corner Store
2026-08-31,ORD-106997,SKU-SNA-0244,28,Delta Construction
2026-08-31,ORD-106997,SKU-DAI-0169,10,San Martin Corner Store
31-Aug-26,ORD-106998,SKU-PET-0099,1,San Martin Corner Store
31/08/2026,ORD-106998,SKU-HAR-0285,18,Inkafarma Comas Pharmacy
31/08/2026,ORD-106998,SKU-BEV-0084,4,Wong North Supermarkets
31-Aug-26,ORD-106999,SKU-DAI-0123,1,El Tornillo Hardware
31-Aug-26,ORD-106999,SKU-BEA-0138,6,Wong North Supermarkets
31-Aug-26,ORD-107000,SKU-TOO-0221,6,San Martin Corner Store
2026-08-31,ORD-107000,SKU-GAR-0153,10,San Martin Corner Store
31-Aug-26,ORD-107001,SKU-GAR-0116,1,Lince Vet Center
31/08/2026,ORD-107001,SKU-FRO-0272,27,Andean Group Offices
2026-08-31,ORD-107002,SKU-HOM-0112,3,Happy Pet Store
2026-08-31,ORD-107002,SKU-DAI-0072,2,Lince Vet Center
2026-08-31,ORD-107004,SKU-FRO-0296,6,Lince Vet Center
31/08/2026,ORD-107004,SKU-TOO-0216,12,Andean Group Offices
31-Aug-26,ORD-107005,SKU-FRO-0090,22,Lucero Minimarket
31/08/2026,ORD-107006,SKU-HOM-0127,4,Lince Vet Center
31/08/2026,ORD-107006,SKU-CLE-0248,6,Andean Group Offices
2026-08-31,ORD-107007,SKU-BEA-0291,7,Lucero Minimarket
31-Aug-26,ORD-107009,SKU-SNA-0292,6,La Lucha Restaurant
31-Aug-26,ORD-107009,SKU-HOM-0089,10,El Tornillo Hardware
31/08/2026,ORD-107009,SKU-PET-0017,1,Lucero Minimarket
2026-08-31,ORD-107010,SKU-CLE-0108,6,San Martin Corner Store
2026-08-31,ORD-107011,SKU-BEA-0312,23,Inkafarma Comas Pharmacy
31/08/2026,ORD-107011,SKU-GAR-0113,9,Lince Vet Center
2026-08-31,ORD-107011,SKU-FRO-0288,4,Delta Construction
31/08/2026,ORD-107012,SKU-HOM-0166,17,Happy Pet Store
2026-08-31,ORD-107012,SKU-PET-0040,1,Lucero Minimarket
31-Aug-26,ORD-107012,SKU OFF 0249,1,San Martin Corner Store
31/08/2026,ORD-107013,SKU-SNA-0171,2,Wong North Supermarkets
31-Aug-26,ORD-107014,SKU-SNA-0171,12,San Martin Corner Store
31/08/2026,ORD-107014,SKU-CLE-0041,9,Happy Pet Store
31/08/2026,ORD-107015,SKU-FRO-0090,16,Happy Pet Store
31/08/2026,ORD-107015,SKU-BEA-0312,16,Andean Group Offices
2026-08-31,ORD-107016,SKU-FRO-0272,16,La Lucha Restaurant
31/08/2026,ORD-107016,SKU-PET-0087,5,La Lucha Restaurant
31-Aug-26,ORD-107017, SKU-PET-0217,1,Happy Pet Store
2026-08-31,ORD-107017,SKU-FRO-0296,7,Wong North Supermarkets
31/08/2026,ORD-107017,SKU-FRO-0196,6,Andean Group Offices
31-Aug-26,ORD-107018,SKU-OFF-0140,14,Andean Group Offices
31/08/2026,ORD-107018,SKU-DAI-0303,3,El Tornillo Hardware
2026-08-31,ORD-107020,SKU-FRO-0179,3,Lucero Minimarket
31-Aug-26,ORD-107021,SKU-SNA-0051,6,San Martin Corner Store
31/08/2026,ORD-107021,SKU-FRO-0196,2,El Tornillo Hardware
2026-08-31,ORD-107021,SKU-GAR-0157,14,Delta Construction
31-Aug-26,ORD-107022,SKU-OFF-0283,22,Lucero Minimarket
31-Aug-26,ORD-107022,SKU-FRO-0090,21,Lince Vet Center
2026-08-31,ORD-107023,SKU-HOM-0112,8,Happy Pet Store
2026-08-31,ORD-107023,SKU-BEA-0062,8,Andean Group Offices
31/08/2026,ORD-107023,SKU-DAI-0070,9,San Martin Corner Store
31/08/2026,ORD-107024,SKU-BEA-0045,13,La Lucha Restaurant
31-Aug-26,ORD-107024, SKU-OFF-0140,11,Delta Construction
31/08/2026,ORD-107025,SKU-SNA-0315,13,Happy Pet Store
31-Aug-26,ORD-107025,SKU-BEA-0148,3,Lince Vet Center
2026-08-31,ORD-107026,SKU-GAR-0157,4,Inkafarma Comas Pharmacy
31-Aug-26,ORD-107026,SKU-BEA-0264,5,Delta Construction
31-Aug-26,ORD-107026,SKU-DAI-0123,3,Lince Vet Center
31/08/2026,ORD-107027,SKU-DAI-0070,10,La Lucha Restaurant
31-Aug-26,ORD-107027,SKU-HOM-0020,6,Wong North Supermarkets
2026-08-31,ORD-107027,SKU-DAI-0072,13,Delta Construction
2026-08-19,ORD-104117,OBSOLETO-01,4,Andean Group Offices
2026-08-19,ORD-105782,OBSOLETO-01,4,Inkafarma Comas Pharmacy
03/08/2026,ORD-104602,OBSOLETO-01,3,Inkafarma Comas Pharmacy
2026-08-19,ORD-104805,OBSOLETO-01,2,El Tornillo Hardware
03/08/2026,ORD-102523,,1,Wong North Supermarkets
03/08/2026,ORD-104228,,1,Lince Vet Center
03/08/2026,ORD-103118,,5,Lince Vet Center
03/08/2026,ORD-100505,,3,San Martin Corner Store
03/08/2026,ORD-103535,OBSOLETO-01,4,El Tornillo Hardware
2026-08-19,ORD-103567,,5,Andean Group Offices
03/08/2026,ORD-101439,,3,Andean Group Offices
03/08/2026,ORD-101169,OBSOLETO-01,2,Wong North Supermarkets
03/08/2026,ORD-105363,OBSOLETO-01,3,Wong North Supermarkets
2026-08-19,ORD-103048,,3,El Tornillo Hardware
2026-08-19,ORD-103560,OBSOLETO-01,4,La Lucha Restaurant
2026-08-19,ORD-103266,OBSOLETO-01,1,Happy Pet Store
2026-08-19,ORD-101562,OBSOLETO-01,1,Lince Vet Center